# This file uses centimeters as units for non-parametric coordinates.

mtllib CryoOrbFrogAlt.mtl
g default
v 2.995076 0.922831 2.571323
v 2.984560 0.603725 2.623330
v 2.751875 0.563397 2.021493
v 2.494167 0.631159 3.170274
v 2.097691 0.538047 2.657040
v 2.208290 0.532494 1.967185
v 2.605757 0.781491 2.085790
v 2.530875 0.789307 3.250482
v 2.883569 0.841132 2.917117
v 2.285903 0.890045 3.118412
v 2.240248 0.733605 2.132308
v 2.084000 0.733860 2.559826
v 3.068926 0.693340 2.245800
v 2.510338 0.989417 2.654991
v 3.118128 0.644433 2.389449
v 2.824295 0.900519 2.354914
v 2.449788 0.528851 1.929036
v 2.393460 0.627518 1.908734
v 3.009104 0.719464 2.800079
v 2.308722 0.742033 3.220695
v 2.335887 0.864590 2.353836
v 2.598357 0.914491 3.047511
v 2.788241 0.999195 2.622965
v 2.555002 0.922199 2.357643
v 2.399392 0.976155 2.920998
v 2.741474 0.967964 2.818791
v 2.998509 0.907769 2.735148
v 3.070758 0.805657 2.404335
v 2.367683 0.756825 2.064439
v 2.252933 0.888674 2.650112
v 2.434556 0.842848 3.248730
v 2.149774 0.727789 2.299112
v 2.193643 0.617782 1.985531
v 2.073346 0.591695 2.230566
v 2.135378 0.838135 2.876751
v 1.995983 0.628172 2.627652
v 2.087796 0.711829 2.967460
v 2.672415 0.805362 3.145982
v 2.505631 0.721439 3.273122
v 2.753053 0.698079 3.073553
v 3.097080 0.778633 2.612847
v 2.899237 0.742894 2.146145
v 2.993185 0.620165 2.095875
v 2.710980 0.651195 1.950834
v 2.100916 0.501715 2.243403
v 2.269490 0.572672 2.994066
v 2.532527 0.526062 2.654054
v 2.721500 0.581448 2.936260
v 2.426082 0.512139 2.265457
v 2.901288 0.556017 2.289727
v 3.054511 0.592013 2.237791
v 3.069413 0.806951 2.714851
v 2.394849 0.772144 3.291740
v 2.302117 0.655622 1.943394
v 2.717563 0.962665 2.453483
v 2.586996 0.966824 2.936556
v 2.864099 0.977254 2.734459
v 2.943350 0.825660 2.294817
v 2.416206 0.858483 2.247878
v 2.251701 0.922679 2.844404
v 2.575469 0.865612 3.156668
v 2.237516 0.834646 2.440036
v 2.120360 0.631254 2.139876
v 2.017799 0.556202 2.365005
v 2.039717 0.729691 2.847509
v 2.187544 0.673092 3.084827
v 2.653613 0.731958 3.182213
v 2.861845 0.655213 2.942396
v 3.126867 0.743662 2.486226
v 2.883064 0.670101 2.034535
v 2.525947 0.598979 1.886855
v 2.488972 0.537658 2.884358
v 2.302785 0.496085 2.114831
v 2.622590 0.525514 2.396700
vt 0.226437 0.523945
vt 0.499176 0.793530
vt 0.172241 0.134722
vt 0.854961 0.132649
vt 0.865746 0.342978
vt 0.865746 0.342978
vt 0.337103 0.453802
vt 0.337103 0.453802
vt 0.619386 0.476400
vt 0.815806 0.620111
vt 0.815806 0.620111
vt 0.815806 0.620111
vt 0.837073 0.661509
vt 0.486736 0.084754
vt 0.778360 0.307504
vt 0.778360 0.307504
vt 0.586103 0.827972
vt 0.438630 0.504458
vt 0.265241 0.369808
vt 0.265241 0.369808
vt 0.265241 0.369808
vt 0.265241 0.369808
vt 0.621714 0.078618
vt 0.621714 0.078618
vt 0.285396 0.767951
vt 0.779938 0.427999
vt 0.506796 0.274414
vt 0.506796 0.274414
vt 0.506796 0.274414
vt 0.676076 0.208831
vt 0.918796 0.470325
vt 0.244823 0.737948
vt 0.457606 0.832869
vt 0.575790 0.608380
vt 0.125911 0.490261
vt 0.125911 0.490261
vt 0.125911 0.490261
vt 0.254160 0.690165
vt 0.254160 0.690165
vt 0.254160 0.690165
vt 0.138106 0.554306
vt 0.190871 0.398077
vt 0.805075 0.242035
vt 0.466980 0.792081
vt 0.209608 0.092372
vt 0.209608 0.092372
vt 0.483309 0.805971
vt 0.483309 0.805971
vt 0.483309 0.805971
vt 0.809609 0.199260
vt 0.539711 0.807539
vt 0.539711 0.807539
vt 0.276426 0.633350
vt 0.884410 0.304130
vt 0.328643 0.363654
vt 0.327168 0.890630
vt 0.710382 0.393799
vt 0.130082 0.345794
vt 0.130082 0.345794
vt 0.130082 0.345794
vt 0.556866 0.405324
vt 0.556867 0.405324
vt 0.556866 0.405324
vt 0.787847 0.320213
vt 0.787847 0.320213
vt 0.787846 0.320213
vt 0.787847 0.320213
vt 0.464149 0.801568
vt 0.558995 0.291908
vt 0.432086 0.808167
vt 0.240647 0.069318
vt 0.432086 0.808167
vt 0.189535 0.266197
vt 0.189535 0.266197
vt 0.189535 0.266197
vt 0.522037 0.825465
vt 0.522037 0.825465
vt 0.484271 0.133586
vt 0.499385 0.600333
vt 0.499385 0.600333
vt 0.804961 0.540015
vt 0.887821 0.359875
vt 0.894850 0.440545
vt 0.576093 0.049769
vt 0.234917 0.823923
vt 0.178371 0.534872
vt 0.178371 0.534872
vt 0.890618 0.395262
vt 0.890618 0.395262
vt 0.108555 0.429571
vt 0.665414 0.124791
vt 0.320932 0.700114
vt 0.657892 0.452277
vt 0.905498 0.546141
vt 0.320932 0.700114
vt 0.687055 0.283714
vt 0.921965 0.402861
vt 0.293025 0.230076
vt 0.383906 0.843843
vt 0.921965 0.402861
vt 0.908252 0.349319
vt 0.908252 0.349319
vt 0.698560 0.343335
vt 0.698560 0.343335
vt 0.392569 0.856794
vt 0.646015 0.526264
vt 0.646015 0.526264
vt 0.288403 0.428455
vt 0.087486 0.322405
vt 0.811266 0.341426
vt 0.865004 0.647336
vt 0.112779 0.641483
vt 0.837068 0.684032
vt 0.443899 0.107718
vt 0.126502 0.211653
vt 0.826665 0.230393
vt 0.238499 0.293576
vt 0.466918 0.243515
vt 0.893054 0.683391
vt 0.155274 0.690511
vt 0.476527 0.067142
vt 0.332339 0.614374
vt 0.876289 0.463984
vt 0.876289 0.463984
vt 0.772669 0.475272
vt 0.414197 0.345114
vt 0.791208 0.493032
vt 0.791208 0.493032
vt 0.640862 0.154422
vt 0.559558 0.502200
vt 0.793415 0.625496
vt 0.419990 0.192609
vt 0.258562 0.464192
vt 0.258562 0.464192
vt 0.196196 0.751950
vt 0.527271 0.049794
vt 0.255076 0.191445
vt 0.613520 0.197833
vt 0.613520 0.197833
vt 0.247867 0.587149
vt 0.247867 0.587149
vt 0.408060 0.836290
vt 0.860137 0.393638
vt 0.333472 0.527991
vt 0.253034 0.246687
vt 0.253034 0.246687
vt 0.253035 0.246687
vt 0.253035 0.246687
vt 0.441528 0.815252
vt 0.441528 0.815252
vt 0.441528 0.815252
vt 0.441528 0.815252
vt 0.147751 0.266728
vt 0.838755 0.581899
vt 0.080646 0.572107
vt 0.080646 0.572107
vt 0.838755 0.581899
vt 0.513195 0.811776
vt 0.071259 0.455435
vt 0.071259 0.455435
vt 0.817661 0.469709
vt 0.817661 0.469709
vt 0.484271 0.133586
vt 0.293025 0.230076
vn 0.803734 0.347822 -0.482733
vn 0.888968 -0.450870 -0.080327
vn 0.698106 -0.658532 -0.281041
vn 0.682529 -0.179547 -0.708461
vn 0.509185 -0.835771 0.205469
vn 0.218477 -0.975678 -0.017880
vn 0.698106 -0.658532 -0.281041
vn 0.888968 -0.450870 -0.080327
vn 0.308251 -0.782435 -0.541088
vn 0.682529 -0.179547 -0.708461
vn 0.698106 -0.658532 -0.281041
vn 0.218477 -0.975678 -0.017880
vn 0.509185 -0.835771 0.205469
vn 0.978289 0.083112 0.189852
vn 0.946545 0.102789 0.305756
vn 0.778031 -0.348085 0.522977
vn 0.548486 0.822493 -0.150558
vn 0.636080 0.699354 0.326046
vn 0.946545 0.102789 0.305756
vn 0.978289 0.083112 0.189852
vn 0.611423 0.469693 0.636828
vn 0.778031 -0.348085 0.522977
vn 0.946545 0.102789 0.305756
vn 0.636080 0.699354 0.326046
vn 0.058281 -0.823409 0.564447
vn 0.115415 -0.375135 0.919757
vn -0.325238 -0.034019 0.945020
vn -0.571720 -0.170538 0.802529
vn 0.413620 0.389242 0.823049
vn -0.101344 0.635526 0.765399
vn -0.325238 -0.034019 0.945020
vn 0.115415 -0.375135 0.919757
vn -0.498401 0.694493 0.518918
vn -0.571720 -0.170538 0.802529
vn -0.325238 -0.034019 0.945020
vn -0.101344 0.635526 0.765399
vn -0.447697 -0.586865 -0.674653
vn -0.645915 0.410743 -0.643493
vn -0.276306 0.536850 -0.797150
vn -0.118338 0.315749 -0.941435
vn -0.494881 0.790440 -0.360968
vn -0.196824 0.836369 -0.511613
vn -0.276306 0.536850 -0.797150
vn -0.645915 0.410743 -0.643493
vn 0.082393 0.815774 -0.572472
vn -0.118338 0.315749 -0.941435
vn -0.276306 0.536850 -0.797150
vn -0.196824 0.836369 -0.511613
vn 0.082393 0.815774 -0.572472
vn -0.082096 0.934207 -0.347157
vn 0.088948 0.944056 -0.317563
vn 0.232211 0.874423 -0.425984
vn -0.165030 0.983582 -0.073018
vn 0.133974 0.987277 -0.085646
vn 0.088948 0.944056 -0.317563
vn -0.082096 0.934207 -0.347157
vn 0.548486 0.822493 -0.150558
vn 0.232211 0.874423 -0.425984
vn 0.088948 0.944056 -0.317563
vn 0.133974 0.987277 -0.085646
vn -0.498401 0.694493 0.518918
vn 0.231856 0.862863 0.449122
vn 0.167483 0.942843 0.288092
vn -0.193226 0.965872 0.172497
vn 0.611423 0.469693 0.636828
vn 0.193627 0.933542 0.301676
vn 0.167483 0.942843 0.288092
vn 0.231856 0.862863 0.449122
vn -0.165030 0.983582 -0.073018
vn -0.193226 0.965872 0.172497
vn 0.167483 0.942843 0.288092
vn 0.193627 0.933542 0.301676
vn -0.165030 0.983582 -0.073018
vn 0.193627 0.933542 0.301676
vn 0.255930 0.928849 0.267843
vn 0.133974 0.987277 -0.085646
vn 0.611423 0.469693 0.636828
vn 0.636080 0.699354 0.326046
vn 0.255930 0.928849 0.267843
vn 0.193627 0.933542 0.301676
vn 0.548486 0.822493 -0.150558
vn 0.133974 0.987277 -0.085646
vn 0.255930 0.928849 0.267843
vn 0.636080 0.699354 0.326046
vn 0.548486 0.822493 -0.150558
vn 0.699290 0.634929 -0.328418
vn 0.383835 0.782396 -0.490437
vn 0.232211 0.874423 -0.425984
vn 0.803734 0.347822 -0.482733
vn 0.377729 0.742327 -0.553418
vn 0.383835 0.782396 -0.490437
vn 0.699290 0.634929 -0.328418
vn 0.082393 0.815774 -0.572472
vn 0.232211 0.874423 -0.425984
vn 0.383835 0.782396 -0.490437
vn 0.377729 0.742327 -0.553418
vn -0.494881 0.790440 -0.360968
vn -0.376324 0.889264 -0.259982
vn -0.214939 0.897610 -0.384834
vn -0.196824 0.836369 -0.511613
vn -0.165030 0.983582 -0.073018
vn -0.082096 0.934207 -0.347157
vn -0.214939 0.897610 -0.384834
vn -0.376324 0.889264 -0.259982
vn 0.082393 0.815774 -0.572472
vn -0.196824 0.836369 -0.511613
vn -0.214939 0.897610 -0.384834
vn -0.082096 0.934207 -0.347157
vn -0.727853 0.664178 -0.170580
vn -0.680953 0.721915 0.123055
vn -0.490306 0.871126 -0.027199
vn -0.485302 0.861113 -0.151545
vn -0.498401 0.694493 0.518918
vn -0.193226 0.965872 0.172497
vn -0.490306 0.871126 -0.027199
vn -0.680953 0.721915 0.123055
vn -0.165030 0.983582 -0.073018
vn -0.485302 0.861113 -0.151545
vn -0.490306 0.871126 -0.027199
vn -0.193226 0.965872 0.172497
vn 0.413620 0.389242 0.823049
vn 0.592413 0.445908 0.670978
vn 0.252223 0.812150 0.526113
vn -0.101344 0.635526 0.765399
vn 0.611423 0.469693 0.636828
vn 0.231856 0.862863 0.449122
vn 0.252223 0.812150 0.526113
vn 0.592413 0.445908 0.670978
vn -0.498401 0.694493 0.518918
vn -0.101344 0.635526 0.765399
vn 0.252223 0.812150 0.526113
vn 0.231856 0.862863 0.449122
vn -0.494881 0.790440 -0.360968
vn -0.670917 0.701492 -0.240372
vn -0.509101 0.838969 -0.192218
vn -0.376324 0.889264 -0.259982
vn -0.727853 0.664178 -0.170580
vn -0.485302 0.861113 -0.151545
vn -0.509101 0.838969 -0.192218
vn -0.670917 0.701492 -0.240372
vn -0.165030 0.983582 -0.073018
vn -0.376324 0.889264 -0.259982
vn -0.509101 0.838969 -0.192218
vn -0.485302 0.861113 -0.151545
vn -0.494881 0.790440 -0.360968
vn -0.645915 0.410743 -0.643493
vn -0.826265 0.403378 -0.393157
vn -0.670917 0.701492 -0.240372
vn -0.447697 -0.586865 -0.674653
vn -0.929432 0.154354 -0.335159
vn -0.826265 0.403378 -0.393157
vn -0.645915 0.410743 -0.643493
vn -0.727853 0.664178 -0.170580
vn -0.670917 0.701492 -0.240372
vn -0.826265 0.403378 -0.393157
vn -0.929432 0.154354 -0.335159
vn -0.447697 -0.586865 -0.674653
vn -0.477844 -0.864340 -0.156784
vn -0.964197 -0.249776 -0.089090
vn -0.929432 0.154354 -0.335159
vn -0.404916 -0.896356 0.180526
vn -0.989147 -0.114918 0.091554
vn -0.964197 -0.249776 -0.089090
vn -0.477844 -0.864340 -0.156784
vn -0.727853 0.664178 -0.170580
vn -0.929432 0.154354 -0.335159
vn -0.964197 -0.249776 -0.089090
vn -0.989147 -0.114918 0.091554
vn -0.727853 0.664178 -0.170580
vn -0.989147 -0.114918 0.091554
vn -0.955521 0.090837 0.280586
vn -0.680953 0.721915 0.123055
vn -0.404916 -0.896356 0.180526
vn -0.858741 -0.096091 0.503319
vn -0.955521 0.090837 0.280586
vn -0.989147 -0.114918 0.091554
vn -0.498401 0.694493 0.518918
vn -0.680953 0.721915 0.123055
vn -0.955521 0.090837 0.280586
vn -0.858741 -0.096091 0.503319
vn -0.404916 -0.896356 0.180526
vn -0.294158 -0.875509 0.383347
vn -0.654361 -0.356760 0.666733
vn -0.858741 -0.096091 0.503319
vn 0.058281 -0.823409 0.564447
vn -0.571720 -0.170538 0.802529
vn -0.654361 -0.356760 0.666733
vn -0.294158 -0.875509 0.383347
vn -0.498401 0.694493 0.518918
vn -0.858741 -0.096091 0.503319
vn -0.654361 -0.356760 0.666733
vn -0.571720 -0.170538 0.802529
vn 0.413620 0.389242 0.823049
vn 0.115415 -0.375135 0.919757
vn 0.564680 -0.304431 0.767111
vn 0.592413 0.445908 0.670978
vn 0.058281 -0.823409 0.564447
vn 0.613541 -0.400232 0.680722
vn 0.564680 -0.304431 0.767111
vn 0.115415 -0.375135 0.919757
vn 0.611423 0.469693 0.636828
vn 0.592413 0.445908 0.670978
vn 0.564680 -0.304431 0.767111
vn 0.613541 -0.400232 0.680722
vn 0.058281 -0.823409 0.564447
vn 0.286889 -0.899938 0.328339
vn 0.655064 -0.495878 0.570084
vn 0.613541 -0.400232 0.680722
vn 0.509185 -0.835771 0.205469
vn 0.778031 -0.348085 0.522977
vn 0.655064 -0.495878 0.570084
vn 0.286889 -0.899938 0.328339
vn 0.611423 0.469693 0.636828
vn 0.613541 -0.400232 0.680722
vn 0.655064 -0.495878 0.570084
vn 0.778031 -0.348085 0.522977
vn 0.509185 -0.835771 0.205469
vn 0.888968 -0.450870 -0.080327
vn 0.990543 0.107226 0.085600
vn 0.978289 0.083112 0.189852
vn 0.803734 0.347822 -0.482733
vn 0.699290 0.634929 -0.328418
vn 0.990543 0.107226 0.085600
vn 0.888968 -0.450870 -0.080327
vn 0.548486 0.822493 -0.150558
vn 0.978289 0.083112 0.189852
vn 0.990543 0.107226 0.085600
vn 0.699290 0.634929 -0.328418
vn 0.803734 0.347822 -0.482733
vn 0.682529 -0.179547 -0.708461
vn 0.457153 0.255395 -0.851930
vn 0.377729 0.742327 -0.553418
vn 0.308251 -0.782435 -0.541088
vn 0.330042 0.164935 -0.929446
vn 0.457153 0.255395 -0.851930
vn 0.682529 -0.179547 -0.708461
vn 0.082393 0.815774 -0.572472
vn 0.377729 0.742327 -0.553418
vn 0.457153 0.255395 -0.851930
vn 0.330042 0.164935 -0.929446
vn 0.308251 -0.782435 -0.541088
vn 0.029941 -0.752988 -0.657353
vn 0.184275 0.022760 -0.982611
vn 0.330042 0.164935 -0.929446
vn -0.447697 -0.586865 -0.674653
vn -0.118338 0.315749 -0.941435
vn 0.184275 0.022760 -0.982611
vn 0.029941 -0.752988 -0.657353
vn 0.082393 0.815774 -0.572472
vn 0.330042 0.164935 -0.929446
vn 0.184275 0.022760 -0.982611
vn -0.118338 0.315749 -0.941435
vn -0.404916 -0.896356 0.180526
vn 0.071809 -0.995184 0.066727
vn 0.035464 -0.983906 0.175134
vn -0.294158 -0.875509 0.383347
vn 0.509185 -0.835771 0.205469
vn 0.286889 -0.899938 0.328339
vn 0.035464 -0.983906 0.175134
vn 0.071809 -0.995184 0.066727
vn 0.058281 -0.823409 0.564447
vn -0.294158 -0.875509 0.383347
vn 0.035464 -0.983906 0.175134
vn 0.286889 -0.899938 0.328339
vn 0.308251 -0.782435 -0.541088
vn 0.056834 -0.998279 0.014453
vn 0.011620 -0.996657 -0.080864
vn 0.029941 -0.752988 -0.657353
vn -0.404916 -0.896356 0.180526
vn -0.477844 -0.864340 -0.156784
vn 0.011620 -0.996657 -0.080864
vn 0.056834 -0.998279 0.014453
vn -0.447697 -0.586865 -0.674653
vn 0.029941 -0.752988 -0.657353
vn 0.011620 -0.996657 -0.080864
vn -0.477844 -0.864340 -0.156784
vn 0.308251 -0.782435 -0.541088
vn 0.218477 -0.975678 -0.017880
vn 0.093601 -0.995297 0.024972
vn 0.056834 -0.998279 0.014453
vn 0.509185 -0.835771 0.205469
vn 0.071809 -0.995184 0.066727
vn 0.093601 -0.995297 0.024972
vn 0.218477 -0.975678 -0.017880
vn -0.404916 -0.896356 0.180526
vn 0.056834 -0.998279 0.014453
vn 0.093601 -0.995297 0.024972
vn 0.071809 -0.995184 0.066727
s off
g SteppingStoneBigFBXASC046005 group1
usemtl aiStandardSurface10SG
f 13/91/1 15/30/2 51/129/3 43/23/4
f 2/96/5 50/138/6 51/129/7 15/30/8
f 3/84/9 43/24/10 51/129/11 50/138/12
f 2/97/13 41/88/14 52/82/15 19/101/16
f 1/143/17 27/6/18 52/82/19 41/88/20
f 9/54/21 19/102/22 52/82/23 27/5/24
f 4/33/25 39/149/26 53/68/27 20/47/28
f 8/70/29 31/44/30 53/68/31 39/150/32
f 10/2/33 20/48/34 53/68/35 31/44/36
f 6/131/37 33/10/38 54/13/39 18/113/40
f 11/154/41 29/111/42 54/13/43 33/11/44
f 7/119/45 18/113/46 54/13/47 29/111/48
f 7/120/49 24/86/50 55/1/51 16/140/52
f 14/42/53 23/133/54 55/1/55 24/87/56
f 1/144/57 16/141/58 55/1/59 23/134/60
f 10/3/61 22/145/62 56/117/63 25/73/64
f 9/55/65 26/19/66 56/117/67 22/146/68
f 14/42/69 25/74/70 56/117/71 26/20/72
f 14/42/73 26/21/74 57/108/75 23/133/76
f 9/55/77 27/7/78 57/108/79 26/22/80
f 1/144/81 23/134/82 57/108/83 27/8/84
f 1/144/85 28/122/86 58/53/87 16/141/88
f 13/92/89 42/38/90 58/53/91 28/122/92
f 7/120/93 16/141/94 58/53/95 42/39/96
f 11/155/97 21/35/98 59/41/99 29/112/100
f 14/42/101 24/87/102 59/41/103 21/36/104
f 7/120/105 29/112/106 59/41/107 24/87/108
f 12/109/109 35/115/110 60/153/111 30/58/112
f 10/3/113 25/75/114 60/153/115 35/115/116
f 14/42/117 30/59/118 60/153/119 25/74/120
f 8/71/121 38/164/122 61/137/123 31/45/124
f 9/55/125 22/147/126 61/137/127 38/98/128
f 10/3/129 31/46/130 61/137/131 22/148/132
f 11/156/133 32/159/134 62/90/135 21/36/136
f 12/109/137 30/59/138 62/90/139 32/160/140
f 14/42/141 21/37/142 62/90/143 30/60/144
f 11/157/145 33/11/146 63/81/147 32/161/148
f 6/131/149 34/127/150 63/81/151 33/12/152
f 12/110/153 32/162/154 63/81/155 34/127/156
f 6/131/157 45/125/158 64/26/159 34/128/160
f 5/15/161 36/64/162 64/26/163 45/125/164
f 12/110/165 34/127/166 64/26/167 36/65/168
f 12/110/169 36/66/170 65/43/171 35/116/172
f 5/16/173 37/50/174 65/43/175 36/67/176
f 10/4/177 35/116/178 65/43/179 37/50/180
f 5/17/181 46/76/182 66/158/183 37/51/184
f 4/33/185 20/49/186 66/158/187 46/77/188
f 10/2/189 37/52/190 66/158/191 20/47/192
f 8/72/193 39/151/194 67/142/195 38/99/196
f 4/33/197 40/105/198 67/142/199 39/152/200
f 9/56/201 38/99/202 67/142/203 40/105/204
f 4/34/205 48/9/206 68/93/207 40/106/208
f 2/96/209 19/103/210 68/93/211 48/9/212
f 9/57/213 40/107/214 68/93/215 19/104/216
f 2/100/217 15/31/218 69/83/219 41/88/220
f 13/94/221 28/123/222 69/83/223 15/31/224
f 1/143/225 41/89/226 69/83/227 28/124/228
f 13/95/229 43/25/230 70/32/231 42/39/232
f 3/85/233 44/135/234 70/32/235 43/25/236
f 7/120/237 42/40/238 70/32/239 44/135/240
f 3/84/241 17/163/242 71/14/243 44/136/244
f 6/132/245 18/114/246 71/14/247 17/78/248
f 7/121/249 44/136/250 71/14/251 18/114/252
f 5/18/253 47/61/254 72/130/255 46/79/256
f 2/96/257 48/9/258 72/130/259 47/62/260
f 4/34/261 46/80/262 72/130/263 48/9/264
f 3/84/265 49/27/266 73/118/267 17/78/268
f 5/18/269 45/126/270 73/118/271 49/27/272
f 6/132/273 17/78/274 73/118/275 45/126/276
f 3/84/277 50/139/278 74/69/279 49/28/280
f 2/96/281 47/63/282 74/69/283 50/138/284
f 5/18/285 49/29/286 74/69/287 47/62/288
g default
v 2.193236 0.797251 2.384049
v 2.145390 0.902594 2.387685
v 2.318416 0.937498 2.280273
v 2.283098 0.859820 2.590340
v 2.456124 0.894725 2.482928
v 2.328014 0.812811 2.283168
v 2.275146 0.796306 2.307342
v 2.225357 0.792103 2.346896
v 2.164334 0.811564 2.377577
v 2.140509 0.839242 2.375033
v 2.135946 0.874063 2.379734
v 2.170531 0.912811 2.351063
v 2.216815 0.924733 2.311775
v 2.273188 0.933520 2.287335
v 2.334211 0.914059 2.256655
v 2.320560 0.964925 2.330007
v 2.328326 0.863799 2.583278
v 2.384699 0.872586 2.558838
v 2.430983 0.884507 2.519550
v 2.202380 0.799746 2.433567
v 2.224451 0.813169 2.498565
v 2.255695 0.836868 2.555959
v 2.219459 0.956536 2.589092
v 2.166120 0.941596 2.502998
v 2.147554 0.920454 2.437734
v 2.195672 0.808707 2.317732
v 2.172859 0.838113 2.309806
v 2.165418 0.875316 2.320031
v 2.246441 0.814647 2.272811
v 2.225318 0.846132 2.262124
v 2.214561 0.884835 2.275234
v 2.305080 0.830777 2.249814
v 2.288143 0.861369 2.238239
v 2.274826 0.897387 2.252113
v 2.435552 0.924719 2.551329
v 2.379836 0.931954 2.602707
v 2.326688 0.899932 2.618500
v 2.317137 0.925763 2.628450
v 2.181420 0.836276 2.518073
v 2.155500 0.869357 2.525480
v 2.149540 0.906464 2.520496
v 2.161339 0.820128 2.447239
v 2.135543 0.850526 2.450561
v 2.131085 0.886737 2.449538
v 2.361930 0.813119 2.333476
v 2.395807 0.827927 2.396680
v 2.418751 0.852683 2.463917
v 2.308229 0.795455 2.363740
v 2.340924 0.810224 2.432254
v 2.368101 0.837144 2.501188
v 2.252523 0.791049 2.401394
v 2.280523 0.804671 2.468247
v 2.309343 0.830612 2.531835
v 2.228819 0.961805 2.387349
v 2.239379 0.967081 2.532457
v 2.163805 1.718496 2.570200
v 2.081169 1.716155 2.460038
v 2.287976 1.760321 2.476438
v 2.205340 1.757980 2.366277
v 2.311792 1.725083 2.471900
v 2.334183 1.647414 2.460535
v 2.231365 1.667743 2.329834
v 2.217103 1.722401 2.345670
v 2.228068 1.775300 2.383897
v 2.255557 1.784456 2.414174
v 2.277095 1.776689 2.449256
v 2.191949 1.740965 2.561224
v 2.230238 1.760387 2.538479
v 2.265620 1.765780 2.505596
v 2.170931 1.763098 2.379366
v 2.129495 1.757533 2.404177
v 2.097260 1.738283 2.434994
v 2.085785 1.727374 2.491334
v 2.104176 1.733465 2.528482
v 2.134812 1.728763 2.556693
v 2.188903 1.589116 2.568695
v 2.169509 1.677157 2.579338
v 2.074819 1.674475 2.453108
v 2.079983 1.616752 2.444142
v 2.106670 1.552841 2.435164
v 2.329732 1.653334 2.409056
v 2.310288 1.678787 2.375426
v 2.275598 1.675595 2.344134
v 2.309113 1.734699 2.429531
v 2.288819 1.739381 2.390228
v 2.256862 1.733219 2.359875
v 2.240121 1.795510 2.479881
v 2.213835 1.805473 2.444950
v 2.187870 1.794030 2.410224
v 2.199998 1.792319 2.512885
v 2.169991 1.802448 2.477812
v 2.144939 1.790760 2.439487
v 2.161606 1.769063 2.539167
v 2.131102 1.777606 2.507421
v 2.109354 1.767583 2.469511
v 2.128074 1.673718 2.566233
v 2.094658 1.673980 2.536838
v 2.075823 1.672238 2.496577
v 2.150776 1.579224 2.554659
v 2.101804 1.608562 2.532852
v 2.081436 1.610194 2.490745
v 2.120195 1.562921 2.520042
v 2.111468 1.541581 2.472483
v 2.311300 1.623201 2.506452
v 2.291966 1.718398 2.513717
v 2.279337 1.619709 2.540153
v 2.256345 1.708510 2.549660
v 2.236616 1.601829 2.562144
v 2.213451 1.691951 2.573004
v 2.171485 1.714985 2.353105
v 2.182806 1.655778 2.336776
v 2.127132 1.704850 2.377406
v 2.136673 1.641709 2.361658
v 2.092970 1.688539 2.412391
v 2.100073 1.627911 2.399247
v 2.118842 1.568087 2.383157
v 2.047659 1.027476 2.652607
v 2.078096 1.241253 2.706492
v 2.202210 0.939427 2.914616
v 2.232647 1.153203 2.968501
v 2.426323 0.940545 2.782132
v 2.139447 1.014259 2.551753
v 2.079741 1.018533 2.602627
v 2.026232 1.077287 2.654118
v 2.021388 1.143889 2.665357
v 2.044290 1.204121 2.686087
v 2.416059 0.941966 2.742461
v 2.485038 1.040371 2.821310
v 2.460130 0.977677 2.802536
v 2.256835 0.917641 2.902855
v 2.327865 0.906916 2.871178
v 2.389802 0.918305 2.824252
v 2.448698 1.135051 2.861853
v 2.364973 1.167538 2.936871
v 2.291712 1.162601 2.964599
v 2.221384 1.103229 2.986315
v 2.209806 1.036545 2.984782
v 2.203326 0.976395 2.954345
v 2.060522 0.993898 2.711619
v 2.098890 0.958860 2.795730
v 2.152217 0.941658 2.867069
v 2.187094 1.186618 2.928814
v 2.134151 1.220528 2.857917
v 2.095399 1.238857 2.773364
v 2.059066 1.087145 2.578160
v 2.056717 1.159366 2.583601
v 2.081978 1.216524 2.604113
v 2.426108 0.959479 2.876392
v 2.447703 1.022432 2.905023
v 2.445353 1.094653 2.910464
v 2.362902 0.950842 2.931207
v 2.381956 1.016981 2.964270
v 2.383182 1.093277 2.967110
v 2.284397 0.958771 2.960164
v 2.298381 1.021687 2.993294
v 2.303643 1.093945 2.994236
v 2.128072 0.994659 2.906691
v 2.128478 1.060691 2.935178
v 2.147319 1.129833 2.940764
v 2.066852 1.018807 2.829940
v 2.064065 1.089960 2.855533
v 2.087131 1.161242 2.865843
v 2.030348 1.050334 2.741019
v 2.025505 1.119357 2.760606
v 2.049594 1.185508 2.775091
v 2.305008 0.921971 2.670324
v 2.349739 0.907574 2.745981
v 2.277624 0.896561 2.778118
v 2.131293 0.961290 2.644912
v 2.323234 1.236639 2.848037
v 2.252405 1.218549 2.908315
v 2.201345 1.257663 2.830576
v 2.164351 1.276044 2.736622
v 2.048300 1.164624 2.239331
v 2.397302 1.401825 2.835305
v 2.108826 1.147754 2.145039
v 2.007874 1.258600 2.242182
v 1.998737 1.384252 2.263387
v 2.041944 1.497888 2.302497
v 2.174626 1.609900 2.261528
v 2.434603 0.966736 2.720443
v 2.508736 1.419554 2.827944
v 2.376054 1.307542 2.868913
v 2.072567 1.101276 2.350665
v 2.170459 1.025290 2.526380
v 2.311361 1.464866 2.760430
v 2.211478 1.528842 2.626674
v 2.069820 1.277198 2.098877
v 2.065388 1.413451 2.109144
v 2.106130 1.532221 2.163159
v 2.521317 1.153703 2.882080
v 2.531246 1.290028 2.883857
v 2.236320 1.357734 2.782975
v 2.079252 1.282508 2.622177
v 2.122769 1.416991 2.641628
v 2.015640 1.207749 2.406133
v 2.006502 1.337970 2.443085
v 2.051950 1.462771 2.470414
v 2.478504 0.916375 2.481779
v 2.166487 1.042118 2.260977
v 2.434579 1.525108 2.721757
v 2.338248 1.598901 2.575093
v 2.088935 0.829161 2.655802
v 2.050863 0.912984 2.658696
v 2.190897 0.938498 2.571109
v 2.160440 0.878948 2.819952
v 2.298228 0.907049 2.734574
v 2.196180 0.841542 2.575530
v 2.154113 0.828408 2.594765
v 2.114495 0.825064 2.626239
v 2.065937 0.840549 2.650652
v 2.046979 0.862574 2.648628
v 2.043349 0.890281 2.652369
v 2.070869 0.921114 2.629555
v 2.107697 0.930600 2.598293
v 2.152555 0.937592 2.578846
v 2.296398 0.892510 2.694658
v 2.281625 0.875687 2.642726
v 2.249088 0.863357 2.590776
v 2.196429 0.882114 2.814332
v 2.241286 0.889106 2.794886
v 2.128654 0.949604 2.839133
v 2.134153 0.923272 2.848749
v 2.147871 0.897599 2.838746
v 2.096211 0.831146 2.695205
v 2.113774 0.841827 2.746925
v 2.138635 0.860685 2.792595
v 2.067358 0.944018 2.750452
v 2.052586 0.927196 2.698520
v 2.090874 0.838276 2.603033
v 2.072721 0.861675 2.596726
v 2.066800 0.891279 2.604862
v 2.131271 0.843003 2.567288
v 2.114463 0.868056 2.558785
v 2.105904 0.898852 2.569216
v 2.183799 0.857958 2.549467
v 2.162582 0.912353 2.552433
v 2.293539 0.913908 2.628684
v 2.197706 0.913015 2.840929
v 2.108767 0.878845 2.809878
v 2.090670 0.904725 2.818096
v 2.084694 0.931848 2.811707
v 2.079533 0.860213 2.762448
v 2.058908 0.886536 2.768341
v 2.054166 0.916063 2.764376
v 2.063554 0.847364 2.706084
v 2.043028 0.871552 2.708727
v 2.039481 0.900366 2.707913
v 2.223168 0.841787 2.615561
v 2.250125 0.853570 2.665853
v 2.268381 0.873268 2.719355
v 2.180437 0.827731 2.639642
v 2.206454 0.839483 2.694160
v 2.228079 0.860904 2.749011
v 2.136111 0.824225 2.669605
v 2.158391 0.835065 2.722800
v 2.181324 0.855706 2.773398
v 2.080602 0.946437 2.673823
v 2.115643 1.263601 2.666188
v 2.233990 1.268335 2.788675
v 2.079288 1.156770 2.563056
v 2.119923 1.079393 2.528419
v 2.169509 0.959556 2.611576
v 2.391619 0.963832 2.688515
v 2.353858 0.953070 2.619358
v 2.228555 0.903466 2.815909
v 2.172983 0.928177 2.849478
v 2.289484 0.936863 2.630482
v 2.098024 0.965426 2.726732
v 2.239605 1.625472 2.329177
v 2.202890 1.615528 2.334439
v 2.313058 1.641547 2.372013
v 2.281180 1.634517 2.342749
v 2.152771 1.588647 2.359092
v 2.456411 0.919946 2.506616
v 2.299589 0.939349 2.630114
v 2.245997 0.976838 2.569787
v 2.276547 0.886184 2.613501
v 2.221977 0.973131 2.456235
v 2.217217 0.854977 2.568879
v 2.165670 0.877420 2.540970
v 2.447583 0.871141 2.426907
v 2.380486 0.836156 2.310462
v 2.537937 0.805598 2.182922
v 2.560808 0.912653 2.145295
v 2.362224 0.832058 2.278994
v 2.381056 0.939015 2.243724
v 2.671035 0.869214 2.363985
v 2.491283 0.895576 2.462413
v 2.383362 0.814152 2.250873
v 2.430972 0.800079 2.216420
v 2.490009 0.798511 2.192476
v 2.545990 0.820805 2.154886
v 2.554484 0.849267 2.133485
v 2.559560 0.884321 2.132563
v 2.516216 0.921182 2.149361
v 2.458855 0.930593 2.170549
v 2.409570 0.936822 2.207759
v 2.353588 0.914528 2.245348
v 2.343397 0.881601 2.248783
v 2.351309 0.851286 2.261085
v 2.422290 0.967388 2.270649
v 2.642522 0.871407 2.399950
v 2.593236 0.877636 2.437161
v 2.535875 0.887047 2.458347
v 2.576444 0.808804 2.215306
v 2.621675 0.822788 2.266791
v 2.655411 0.846547 2.322731
v 2.697727 0.968117 2.310030
v 2.649558 0.953302 2.220920
v 2.602651 0.931475 2.172192
v 2.478617 0.815558 2.152638
v 2.481868 0.845595 2.129504
v 2.493079 0.883251 2.128847
v 2.414367 0.818713 2.174829
v 2.414309 0.850708 2.151851
v 2.429605 0.890042 2.149759
v 2.364958 0.832227 2.214876
v 2.362103 0.863160 2.195085
v 2.379420 0.899920 2.191084
v 2.378323 0.940838 2.311098
v 2.559830 0.927728 2.478814
v 2.631656 0.938052 2.455774
v 2.672672 0.908309 2.416624
v 2.685090 0.934673 2.413756
v 2.658961 0.847840 2.239435
v 2.676948 0.881984 2.221223
v 2.674200 0.919168 2.214365
v 2.607772 0.830938 2.186753
v 2.622240 0.862311 2.166581
v 2.622234 0.898630 2.162961
v 2.410463 0.814294 2.305158
v 2.448282 0.829198 2.366062
v 2.494623 0.854520 2.419647
v 2.463824 0.799223 2.272952
v 2.506845 0.814241 2.335442
v 2.552505 0.841609 2.393591
v 2.524123 0.797625 2.242920
v 2.568047 0.811634 2.300481
v 2.608282 0.837851 2.357409
v 2.517381 0.968792 2.218978
v 2.638275 0.976740 2.299708
v 2.681117 1.731023 2.268356
v 2.625946 1.729347 2.142170
v 2.537001 1.766351 2.331136
v 2.481829 1.764675 2.204950
v 2.522622 1.730188 2.348884
v 2.504534 1.651539 2.361137
v 2.440588 1.672809 2.207756
v 2.459402 1.728268 2.204292
v 2.485368 1.781531 2.233766
v 2.497877 1.790324 2.272784
v 2.518102 1.782525 2.308632
v 2.658666 1.752267 2.288903
v 2.619357 1.769810 2.311435
v 2.573162 1.773227 2.326150
v 2.509943 1.771307 2.181558
v 2.552095 1.767766 2.157597
v 2.595447 1.750347 2.144311
v 2.650506 1.741049 2.161829
v 2.673575 1.747253 2.196247
v 2.683240 1.742043 2.236695
v 2.672148 1.600818 2.286730
v 2.687760 1.689706 2.276947
v 2.624540 1.687786 2.132355
v 2.616285 1.629738 2.131219
v 2.597667 1.564730 2.148675
v 2.465810 1.658605 2.337775
v 2.441081 1.681954 2.299110
v 2.431013 1.679358 2.253452
v 2.486722 1.738999 2.325900
v 2.462323 1.743582 2.288991
v 2.451836 1.737940 2.246111
v 2.562241 1.803310 2.291929
v 2.544401 1.813478 2.252070
v 2.527355 1.802250 2.212140
v 2.610792 1.802267 2.273193
v 2.594651 1.812731 2.230031
v 2.574032 1.801150 2.189118
v 2.653368 1.780971 2.252233
v 2.640423 1.789939 2.210241
v 2.618482 1.779911 2.172443
v 2.696840 1.687491 2.234368
v 2.687672 1.688340 2.190825
v 2.661955 1.686431 2.154579
v 2.679026 1.592015 2.246434
v 2.683054 1.622637 2.193702
v 2.656362 1.624116 2.155285
v 2.664518 1.576102 2.202438
v 2.628191 1.554093 2.170984
v 2.556610 1.629141 2.363318
v 2.568995 1.725106 2.352076
v 2.601768 1.627516 2.352020
v 2.618132 1.717271 2.338564
v 2.642543 1.611659 2.325292
v 2.660121 1.702767 2.312379
v 2.488555 1.722663 2.168100
v 2.470922 1.662755 2.168665
v 2.531863 1.714651 2.141252
v 2.515750 1.650888 2.140473
v 2.579682 1.700324 2.128403
v 2.566944 1.639216 2.126836
v 2.545879 1.578427 2.133987
v 2.834855 1.046537 2.193291
v 2.859068 1.260163 2.250808
v 2.990091 0.958505 2.454901
v 3.014304 1.172131 2.512417
v 2.764638 0.948738 2.584731
v 2.702467 1.027893 2.223241
v 2.775921 1.035391 2.196418
v 2.844899 1.097111 2.176439
v 2.854655 1.164066 2.179160
v 2.859266 1.223855 2.210563
v 2.735109 0.949692 2.556300
v 2.766274 1.047181 2.657214
v 2.764441 0.985046 2.624976
v 2.953801 0.934518 2.496187
v 2.891720 0.920569 2.542178
v 2.820040 0.928723 2.573215
v 2.815993 1.143945 2.647543
v 2.921240 1.181008 2.612298
v 2.981546 1.179305 2.562092
v 3.037146 1.122982 2.510332
v 3.043909 1.056742 2.498097
v 3.022779 0.996238 2.476207
v 2.881099 1.013768 2.232826
v 2.936704 0.979147 2.306879
v 2.973200 0.961538 2.388039
v 3.000946 1.206325 2.453945
v 2.964042 1.240624 2.373689
v 2.908845 1.258555 2.298732
v 2.762311 1.104174 2.167828
v 2.765593 1.176531 2.169984
v 2.768965 1.233159 2.203268
v 2.846085 0.969648 2.631342
v 2.858114 1.032370 2.665554
v 2.861396 1.104727 2.667711
v 2.925155 0.964457 2.603142
v 2.942175 1.030547 2.637392
v 2.941288 1.106792 2.641464
v 2.988642 0.975824 2.549249
v 3.008329 1.038878 2.579051
v 3.003953 1.110903 2.585617
v 3.017630 1.016199 2.387650
v 3.039834 1.082760 2.403417
v 3.032940 1.151278 2.424018
v 2.980052 1.040919 2.297103
v 3.001122 1.112650 2.308776
v 2.996185 1.183254 2.335425
v 2.919471 1.071863 2.222230
v 2.936403 1.141414 2.229112
v 2.934782 1.206942 2.258599
v 2.727626 0.932204 2.423733
v 2.772002 0.917799 2.499597
v 2.835801 0.910077 2.452431
v 2.789453 0.977227 2.260887
v 2.861952 1.249684 2.533704
v 2.949862 1.235437 2.501361
v 2.905892 1.274723 2.419485
v 2.841647 1.292444 2.341430
v 2.469956 1.174835 1.993302
v 2.808511 1.411782 2.595372
v 2.220830 1.139675 2.049431
v 2.358771 1.153806 1.999200
v 2.488907 1.270248 1.961507
v 2.507312 1.396567 1.966642
v 2.516011 1.509367 2.025886
v 2.411117 1.615627 2.123539
v 2.283680 1.631199 2.177545
v 2.705942 0.973307 2.562121
v 2.577092 0.937176 2.651606
v 2.639942 1.428700 2.779720
v 2.746709 1.425317 2.689091
v 2.851603 1.319057 2.591438
v 2.557202 1.113011 2.067889
v 2.664750 1.037259 2.237969
v 2.783309 1.476294 2.485057
v 2.713685 1.541003 2.333644
v 2.333093 1.283573 1.945262
v 2.339285 1.420083 1.949329
v 2.361979 1.538416 2.013875
v 2.184741 1.279735 1.993394
v 2.185061 1.423629 1.999914
v 2.219090 1.548363 2.063411
v 2.641682 1.020012 2.765741
v 2.675711 1.144745 2.829238
v 2.676031 1.288639 2.835758
v 2.797237 1.160384 2.721086
v 2.788981 1.296268 2.733473
v 2.843670 1.372441 2.428596
v 2.783641 1.299565 2.211178
v 2.774327 1.432768 2.261455
v 2.629597 1.222616 2.047899
v 2.661540 1.353831 2.060881
v 2.658483 1.477458 2.116512
v 2.292728 1.024309 2.167867
v 2.435141 1.048623 2.104222
v 2.568044 1.544066 2.661285
v 2.473665 1.622655 2.502796
v 2.373340 1.654735 2.332185
v 2.686933 1.531218 2.574513
v 2.603977 1.605336 2.420045
v 2.824515 0.846972 2.226604
v 2.842714 0.932158 2.196664
v 2.696765 0.950747 2.275944
v 2.930423 0.897593 2.370679
v 2.787406 0.918894 2.449146
v 2.701517 0.853779 2.280675
v 2.739401 0.842581 2.253259
v 2.786378 0.841333 2.234207
v 2.830923 0.859073 2.204296
v 2.837682 0.881720 2.187267
v 2.841720 0.909614 2.186533
v 2.807231 0.938945 2.199900
v 2.761588 0.946434 2.216758
v 2.722370 0.951390 2.246368
v 2.754096 0.903593 2.427599
v 2.716772 0.886224 2.388825
v 2.687998 0.873985 2.334679
v 2.907734 0.899338 2.399297
v 2.868517 0.904294 2.428906
v 2.960182 0.969739 2.353950
v 2.966798 0.943434 2.362914
v 2.952280 0.917077 2.369387
v 2.855156 0.849523 2.252373
v 2.891146 0.860651 2.293341
v 2.917991 0.879557 2.337853
v 2.913334 0.964503 2.256840
v 2.876009 0.947135 2.218066
v 2.777313 0.854898 2.202507
v 2.779900 0.878799 2.184098
v 2.788821 0.908762 2.183576
v 2.726188 0.857408 2.220165
v 2.726142 0.882867 2.201880
v 2.738313 0.914166 2.200216
v 2.684328 0.870078 2.257416
v 2.695370 0.925254 2.241560
v 2.697317 0.923685 2.393086
v 2.929135 0.930726 2.414153
v 2.947051 0.899144 2.320753
v 2.962161 0.925827 2.309596
v 2.958559 0.953008 2.301822
v 2.920816 0.880585 2.271573
v 2.935129 0.907754 2.257081
v 2.932942 0.937342 2.251625
v 2.880084 0.867136 2.229652
v 2.891597 0.892100 2.213601
v 2.891592 0.921000 2.210721
v 2.723081 0.853892 2.323870
v 2.753174 0.865751 2.372332
v 2.790049 0.885900 2.414970
v 2.765542 0.841899 2.298243
v 2.799774 0.853850 2.347967
v 2.836106 0.875627 2.394238
v 2.813523 0.840628 2.274346
v 2.848474 0.851775 2.320148
v 2.880490 0.872637 2.365447
v 2.840057 0.964827 2.230694
v 2.804740 1.280287 2.264112
v 2.853003 1.283325 2.427491
v 2.736717 1.172689 2.179457
v 2.689403 1.093182 2.196137
v 2.741728 0.973412 2.277696
v 2.699385 0.971284 2.508939
v 2.658149 0.960439 2.441810
v 2.892550 0.919545 2.428479
v 2.948175 0.946948 2.397166
v 2.700046 0.946804 2.390926
v 2.876850 0.984285 2.272300
v 2.437494 1.630263 2.213712
v 2.460473 1.621765 2.184144
v 2.438095 1.644575 2.299056
v 2.428548 1.638085 2.256762
v 2.507523 1.597237 2.152100
v 2.510845 0.921264 2.474855
v 2.694671 0.948916 2.399591
v 2.667155 0.987036 2.324049
v 2.693456 0.896279 2.370241
v 2.580279 0.981808 2.247172
v 2.684907 0.866302 2.295989
v 2.685140 0.889998 2.237869
v 2.414158 0.845139 2.368543
v 2.353783 0.889072 2.266894
v 2.357807 0.855106 2.272379
vt 0.804342 0.427188
vt 0.596334 0.369650
vt 0.273553 0.816419
vt 0.827324 0.511188
vt 0.823429 0.140197
vt 0.777508 0.112025
vt 0.825242 0.700276
vt 0.862642 0.589284
vt 0.897965 0.212822
vt 0.095146 0.855183
vt 0.342305 0.907965
vt 0.820823 0.756153
vt 0.527322 0.428767
vt 0.282518 0.574121
vt 0.061439 0.858278
vt 0.843248 0.677008
vt 0.133938 0.217131
vt 0.050563 0.516349
vt 0.384090 0.392207
vt 0.820012 0.925160
vt 0.439490 0.855913
vt 0.952187 0.920549
vt 0.112845 0.503283
vt 0.911940 0.804652
vt 0.664688 0.859419
vt 0.811041 0.026515
vt 0.394373 0.769379
vt 0.469815 0.922106
vt 0.927532 0.974501
vt 0.130463 0.591939
vt 0.953702 0.629479
vt 0.917811 0.814265
vt 0.780470 0.899177
vt 0.798497 0.020022
vt 0.765992 0.175720
vt 0.756047 0.915210
vt 0.404586 0.318361
vt 0.047424 0.782433
vt 0.833083 0.561585
vt 0.795562 0.787348
vt 0.189372 0.299541
vt 0.158751 0.775476
vt 0.213771 0.626521
vt 0.829831 0.728916
vt 0.578638 0.527812
vt 0.263603 0.390847
vt 0.123689 0.838458
vt 0.247666 0.515300
vt 0.908834 0.892523
vt 0.567521 0.293400
vt 0.394486 0.904361
vt 0.759599 0.875161
vt 0.492913 0.306823
vt 0.909173 0.706957
vt 0.489060 0.841587
vt 0.124146 0.489554
vt 0.317533 0.843095
vt 0.607168 0.930166
vt 0.798503 0.972248
vt 0.505914 0.855664
vt 0.060100 0.501651
vt 0.379217 0.815776
vt 0.873692 0.431111
vt 0.867775 0.264459
vt 0.146375 0.902572
vt 0.218497 0.117446
vt 0.886324 0.551202
vt 0.761024 0.126332
vt 0.107452 0.844509
vt 0.820426 0.712799
vt 0.920954 0.576373
vt 0.062708 0.570913
vt 0.920507 0.265380
vt 0.081384 0.754279
vt 0.308011 0.688805
vt 0.090478 0.247405
vt 0.888393 0.834671
vt 0.606472 0.691853
vt 0.057108 0.522968
vt 0.269558 0.275929
vt 0.129391 0.780231
vt 0.469059 0.892031
vt 0.100922 0.496082
vt 0.299445 0.803633
vt 0.615193 0.862516
vt 0.913666 0.926453
vt 0.108538 0.553713
vt 0.328564 0.884333
vt 0.652717 0.817453
vt 0.797737 0.266676
vt 0.891806 0.785627
vt 0.754626 0.042032
vt 0.825025 0.537142
vt 0.576503 0.677710
vt 0.752560 0.163641
vt 0.845085 0.723249
vt 0.789399 0.457936
vt 0.592673 0.397675
vt 0.789711 0.214499
vt 0.157066 0.870532
vt 0.802102 0.761619
vt 0.384554 0.271714
vt 0.509234 0.257661
vt 0.525091 0.535358
vt 0.773566 0.956550
vt 0.837508 0.750161
vt 0.099277 0.577175
vt 0.337240 0.841696
vt 0.643882 0.870553
vt 0.442555 0.831468
vt 0.946069 0.901031
vt 0.101491 0.518627
vt 0.354929 0.861803
vt 0.695079 0.883944
vt 0.460074 0.383742
vt 0.750252 0.067498
vt 0.852970 0.393230
vt 0.628843 0.330761
vt 0.867223 0.194197
vt 0.819233 0.462307
vt 0.303176 0.888483
vt 0.695432 0.144413
vt 0.503880 0.609526
vt 0.786655 0.706872
vt 0.825383 0.581664
vt 0.741621 0.202289
vt 0.076811 0.847891
vt 0.844272 0.827787
vt 0.296870 0.248224
vt 0.207726 0.213154
vt 0.113299 0.710523
vt 0.666681 0.642780
vt 0.490359 0.880449
vt 0.589287 0.351607
vt 0.396713 0.472492
vt 0.830550 0.888665
vt 0.623641 0.817294
vt 0.461468 0.874269
vt 0.110921 0.490052
vt 0.302882 0.834934
vt 0.774685 0.938121
vt 0.502136 0.925071
vt 0.756935 0.955475
vt 0.393077 0.348977
vt 0.331422 0.849286
vt 0.889487 0.432681
vt 0.787783 0.154678
vt 0.135074 0.591231
vt 0.950465 0.632177
vt 0.687716 0.796819
vt 0.853180 0.548804
vt 0.242624 0.248584
vt 0.057612 0.833938
vt 0.834353 0.714608
vt 0.860123 0.484720
vt 0.346117 0.353655
vt 0.132557 0.857430
vt 0.468662 0.818999
vt 0.071692 0.712991
vt 0.658424 0.670724
vt 0.821295 0.845520
vt 0.799267 0.067128
vt 0.106669 0.765621
vt 0.342204 0.756040
vt 0.933833 0.923360
vt 0.146272 0.487180
vt 0.171693 0.852149
vt 0.338489 0.865586
vt 0.612942 0.881219
vt 0.505341 0.871870
vt 0.077707 0.505379
vt 0.345510 0.779093
vt 0.835287 0.434820
vt 0.894291 0.949344
vt 0.144408 0.503477
vt 0.161318 0.838822
vt 0.882622 0.593271
vt 0.737239 0.152635
vt 0.114371 0.859525
vt 0.802857 0.721540
vt 0.780516 0.534002
vt 0.591989 0.462184
vt 0.371464 0.513708
vt 0.146144 0.759659
vt 0.908579 0.815140
vt 0.134402 0.525472
vt 0.317667 0.324771
vt 0.181851 0.895164
vt 0.214765 0.092335
vt 0.533197 0.899616
vt 0.353386 0.492573
vt 0.106265 0.481794
vt 0.832509 0.159070
vt 0.635387 0.852409
vt 0.272931 0.839703
vt 0.502057 0.783852
vt 0.112419 0.528329
vt 0.732849 0.246973
vt 0.697141 0.822229
vt 0.490431 0.350672
vt 0.414915 0.599394
vt 0.757617 0.184583
vt 0.094738 0.472893
vt 0.818036 0.110778
vt 0.856754 0.531272
vt 0.294214 0.786169
vt 0.791386 0.182046
vt 0.840536 0.705275
vt 0.539104 0.461339
vt 0.821196 0.229742
vt 0.092468 0.847096
vt 0.826745 0.809268
vt 0.883290 0.634412
vt 0.648340 0.582959
vt 0.495644 0.558693
vt 0.819068 0.963264
vt 0.598482 0.905718
vt 0.866210 0.783584
vt 0.168197 0.788585
vt 0.137928 0.549385
vt 0.310167 0.825222
vt 0.815688 0.941658
vt 0.458445 0.855744
vt 0.093963 0.510274
vt 0.371859 0.853562
vt 0.699815 0.861689
vt 0.474111 0.375035
vt 0.732200 0.089892
vt 0.936173 0.413453
vt 0.134786 0.454522
vt 0.871161 0.908551
vt 0.802059 0.904493
vt 0.328452 0.403091
vt 0.744776 0.179028
vt 0.039122 0.844848
vt 0.784478 0.734088
vt 0.683261 0.799153
vt 0.950426 0.237568
vt 0.848947 0.566589
vt 0.074196 0.219540
vt 0.760806 0.270253
vt 0.083063 0.866960
vt 0.386401 0.600848
vt 0.865385 0.753626
vt 0.346192 0.299047
vt 0.229145 0.364854
vt 0.163767 0.745945
vt 0.228174 0.552552
vt 0.490437 0.830524
vt 0.606710 0.279532
vt 0.335441 0.871187
vt 0.645089 0.840057
vt 0.493856 0.898206
vt 0.125794 0.498602
vt 0.291596 0.851105
vt 0.660598 0.938529
vt 0.410134 0.383069
vt 0.656619 0.944072
vt 0.413777 0.386185
vt 0.519688 0.937437
vt 0.325785 0.502577
vt 0.401462 0.375650
vt 0.647148 0.957266
vt 0.324667 0.862747
vt 0.884407 0.535726
vt 0.846848 0.175925
vt 0.283162 0.862236
vt 0.174164 0.768468
vt 0.131787 0.566365
vt 0.877306 0.511837
vt 0.848040 0.280189
vt 0.092531 0.836460
vt 0.817852 0.721342
vt 0.876911 0.456262
vt 0.611287 0.622869
vt 0.064585 0.782438
vt 0.857342 0.844691
vt 0.630358 0.678557
vt 0.495845 0.450657
vt 0.370118 0.841726
vt 0.112758 0.802572
vt 0.944371 0.959856
vt 0.454584 0.901587
vt 0.911041 0.536654
vt 0.038822 0.532249
vt 0.358154 0.885371
vt 0.629948 0.866670
vt 0.888506 0.910400
vt 0.073233 0.490780
vt 0.348560 0.809332
vt 0.837921 0.616766
vt 0.614257 0.550276
vt 0.864239 0.232560
vt 0.041318 0.813855
vt 0.694652 0.780367
vt 0.788241 0.760670
vt 0.814696 0.553362
vt 0.762627 0.151869
vt 0.090127 0.881088
vt 0.826389 0.833152
vt 0.798799 0.493289
vt 0.266060 0.328293
vt 0.099856 0.731259
vt 0.882245 0.729702
vt 0.359085 0.236866
vt 0.546776 0.238736
vt 0.549779 0.560423
vt 0.819394 0.894941
vt 0.919348 0.960134
vt 0.137272 0.473305
vt 0.289522 0.823696
vt 0.606782 0.834833
vt 0.838366 0.907564
vt 0.493964 0.812302
vt 0.078553 0.548536
vt 0.356889 0.854460
vt 0.668359 0.789242
vt 0.790909 0.864068
vt 0.907627 0.254683
vt 0.779978 0.490723
vt 0.590786 0.426164
vt 0.920156 0.810449
vt 0.897582 0.452364
vt 0.802969 0.020463
vt 0.825121 0.192234
vt 0.807572 0.697846
vt 0.875424 0.406076
vt 0.796763 0.038989
vt 0.099207 0.863340
vt 0.376128 0.755564
vt 0.831579 0.776550
vt 0.565389 0.468988
vt 0.340389 0.596766
vt 0.064542 0.870214
vt 0.902701 0.680734
vt 0.086815 0.218364
vt 0.058296 0.553945
vt 0.175330 0.247355
vt 0.820849 0.908159
vt 0.475231 0.870850
vt 0.068156 0.518971
vt 0.366210 0.872934
vt 0.796649 0.939500
vt 0.526757 0.916340
vt 0.340950 0.497907
vt 0.168512 0.718188
vt 0.935040 0.649323
vt 0.160353 0.587488
vt 0.687891 0.608000
vt 0.354784 0.402358
vt 0.756088 0.896912
vt 0.412601 0.305812
vt 0.503128 0.756682
vt 0.870611 0.874848
vt 0.776285 0.165195
vt 0.482550 0.291780
vt 0.882029 0.800090
vt 0.871556 0.677167
vt 0.868101 0.551412
vt 0.111867 0.222475
vt 0.450869 0.548250
vt 0.104624 0.837222
vt 0.920156 0.697252
vt 0.939122 0.226511
vt 0.397685 0.924983
vt 0.070211 0.207700
vt 0.548869 0.506267
vt 0.318512 0.381200
vt 0.144643 0.827908
vt 0.502431 0.824332
vt 0.528556 0.309563
vt 0.298647 0.817857
vt 0.665500 0.844490
vt 0.481209 0.825622
vt 0.143637 0.515635
vt 0.160495 0.825826
vt 0.312599 0.850827
vt 0.621273 0.954588
vt 0.773656 0.974948
vt 0.542483 0.835859
vt 0.380332 0.454018
vt 0.057478 0.493767
vt 0.364892 0.796116
vt 0.878675 0.610840
vt 0.762356 0.200548
vt 0.164571 0.807908
vt 0.142203 0.532524
vt 0.843396 0.509283
vt 0.746719 0.110487
vt 0.110806 0.852156
vt 0.801747 0.730586
vt 0.838825 0.460346
vt 0.445951 0.389385
vt 0.473707 0.531303
vt 0.079437 0.816248
vt 0.898000 0.810620
vt 0.102122 0.507284
vt 0.344020 0.853273
vt 0.113823 0.905837
vt 0.212820 0.139434
vt 0.481306 0.885335
vt 0.121533 0.516456
vt 0.360384 0.767121
vt 0.596963 0.857322
vt 0.838366 0.927972
vt 0.890668 0.929973
vt 0.088754 0.496381
vt 0.347922 0.834138
vt 0.643772 0.801554
vt 0.813711 0.874020
vt 0.798013 0.144695
vt 0.849846 0.710533
vt 0.855662 0.289246
vt 0.843224 0.528531
vt 0.318948 0.636002
vt 0.806063 0.170026
vt 0.041096 0.877793
vt 0.760899 0.713345
vt 0.816744 0.739868
vt 0.294382 0.196109
vt 0.620955 0.225454
vt 0.839015 0.219292
vt 0.131297 0.814930
vt 0.857131 0.733999
vt 0.374077 0.326470
vt 0.516735 0.588785
vt 0.810292 0.953885
vt 0.873420 0.973360
vt 0.297069 0.499725
vt 0.119100 0.566847
vt 0.324418 0.833876
vt 0.615289 0.900656
vt 0.468666 0.788392
vt 0.912325 0.876273
vt 0.088071 0.525960
vt 0.351323 0.868988
vt 0.699815 0.777267
vt 0.760660 0.859621
vt 0.498132 0.318545
vt 0.851246 0.243409
vt 0.887146 0.380444
vt 0.657674 0.320172
vt 0.870756 0.893045
vt 0.897534 0.518887
vt 0.340729 0.400539
vt 0.790431 0.129893
vt 0.037568 0.861464
vt 0.772677 0.722196
vt 0.782323 0.719851
vt 0.687166 0.810991
vt 0.828889 0.405193
vt 0.610518 0.345592
vt 0.805900 0.086936
vt 0.079168 0.857153
vt 0.317278 0.764867
vt 0.850151 0.742810
vt 0.915842 0.377580
vt 0.681805 0.320625
vt 0.243748 0.096437
vt 0.268059 0.613096
vt 0.150045 0.719025
vt 0.680336 0.619098
vt 0.933215 0.953580
vt 0.045244 0.508406
vt 0.428365 0.437158
vt 0.635059 0.830350
vt 0.442986 0.880202
vt 0.952187 0.940957
vt 0.087980 0.482706
vt 0.390723 0.881283
vt 0.799845 0.922068
vt 0.897343 0.718573
vt 0.490251 0.940504
vt 0.904730 0.984453
vt 0.035806 0.519431
vt 0.906491 0.525825
vt 0.835805 0.844652
vt 0.819929 0.441255
vt 0.647756 0.675869
vt 0.859587 0.210345
vt 0.631976 0.969886
vt 0.756790 0.973673
vt 0.394683 0.363058
vt 0.392771 0.862304
vt 0.839169 0.544976
vt 0.889437 0.730854
vt 0.214187 0.276019
vt 0.051933 0.891037
vt 0.862321 0.706752
vt 0.841192 0.485956
vt 0.737894 0.058301
vt 0.157281 0.854494
vt 0.570821 0.659313
vt 0.887388 0.891971
vt 0.242414 0.181279
vt 0.387029 0.834780
vt 0.785525 0.881485
vt 0.488237 0.855612
vt 0.128212 0.581709
vt 0.180333 0.751812
vt 0.343926 0.877173
vt 0.623631 0.921420
vt 0.541153 0.856292
vt 0.374477 0.468054
vt 0.075030 0.497966
vt 0.362807 0.825919
vt 0.897918 0.415873
vt 0.784508 0.248520
vt 0.058230 0.749080
vt 0.807157 0.815357
vt 0.862230 0.612908
vt 0.718414 0.139535
vt 0.107416 0.873535
vt 0.804808 0.711513
vt 0.908539 0.603900
vt 0.249182 0.650737
vt 0.125220 0.742554
vt 0.149590 0.284166
vt 0.875905 0.741496
vt 0.153780 0.468542
vt 0.186538 0.864284
vt 0.291514 0.352903
vt 0.652521 0.847170
vt 0.502161 0.886478
vt 0.101832 0.501848
vt 0.899042 0.773668
vt 0.623026 0.845459
vt 0.397139 0.808540
vt 0.488747 0.768590
vt 0.887477 0.873573
vt 0.124264 0.539932
vt 0.317872 0.811104
vt 0.675721 0.807275
vt 0.747947 0.081863
vt 0.793023 0.695723
vt 0.916949 0.221549
vt 0.871213 0.533372
vt 0.369338 0.915425
vt 0.777677 0.192598
vt 0.842793 0.730029
vt 0.270486 0.220565
vt 0.802968 0.238511
vt 0.200210 0.874304
vt 0.950758 0.397923
vt 0.160353 0.451859
vt 0.863290 0.717068
vt 0.521814 0.483919
vt 0.409481 0.572731
vt 0.674554 0.923340
vt 0.427670 0.390936
vt 0.847707 0.797740
vt 0.055089 0.535041
vt 0.305388 0.868941
vt 0.648306 0.857311
vt 0.461239 0.837115
vt 0.081737 0.514408
vt 0.370394 0.863083
vt 0.656439 0.890983
vt 0.815141 0.263150
vt 0.904840 0.638217
vt 0.666648 0.588918
vt 0.367272 0.409326
vt 0.822400 0.488477
vt 0.514405 0.772877
vt 0.761957 0.094998
vt 0.797826 0.673629
vt 0.158053 0.191024
vt 0.905583 0.790621
vt 0.844186 0.586800
vt 0.394508 0.787701
vt 0.707390 0.208468
vt 0.059437 0.847696
vt 0.450913 0.601141
vt 0.881869 0.769614
vt 0.505768 0.381421
vt 0.299269 0.535406
vt 0.175881 0.739635
vt 0.140020 0.582568
vt 0.924113 0.894635
vt 0.564210 0.420327
vt 0.440842 0.504834
vt 0.698910 0.840063
vt 0.484910 0.363026
vt 0.482659 0.909153
vt 0.112587 0.496757
vt 0.820954 0.127917
vt 0.638156 0.943407
vt 0.280262 0.802638
vt 0.517399 0.960399
vt 0.874481 0.988899
vt 0.308710 0.505121
vt 0.912012 0.460867
vt 0.074239 0.464622
vt 0.308721 0.858526
vt 0.832059 0.526068
vt 0.819684 0.151685
vt 0.088493 0.712623
vt 0.663730 0.660136
vt 0.775081 0.713076
vt 0.859589 0.510245
vt 0.694652 0.807613
vt 0.827250 0.293121
vt 0.078727 0.726766
vt 0.334054 0.617904
vt 0.831521 0.721847
vt 0.857584 0.457544
vt 0.499417 0.509293
vt 0.128897 0.847921
vt 0.932889 0.885257
vt 0.453801 0.809657
vt 0.464175 0.406043
vt 0.355717 0.845214
vt 0.090013 0.791627
vt 0.929509 0.906863
vt 0.063884 0.509454
vt 0.376961 0.894735
vt 0.627227 0.881782
vt 0.539810 0.879006
vt 0.365557 0.481958
vt 0.090519 0.502813
vt 0.329534 0.794321
vt 0.854672 0.431355
vt 0.915880 0.944027
vt 0.840908 0.736459
vt 0.885714 0.571870
vt 0.748236 0.138715
vt 0.069503 0.886303
vt 0.800998 0.742418
vt 0.926046 0.430224
vt 0.110717 0.455675
vt 0.418478 0.535976
vt 0.114726 0.828941
vt 0.884755 0.717676
vt 0.926245 0.595232
vt 0.081937 0.583028
vt 0.293257 0.299988
vt 0.639343 0.895325
vt 0.899346 0.967036
vt 0.099520 0.490482
vt 0.307926 0.782996
vt 0.660606 0.830979
vt 0.482216 0.801194
vt 0.089069 0.564324
vt 0.792414 0.288426
vt 0.695925 0.800012
vt 0.495329 0.335579
vt 0.358324 0.604085
vt 0.881750 0.242337
vt 0.071947 0.532261
vt 0.904314 0.833880
vt 0.905834 0.485774
vt 0.052509 0.482846
vt 0.774615 0.014138
vt 0.595261 0.699239
vt 0.807152 0.204246
vt 0.847567 0.716685
vt 0.851830 0.404271
vt 0.778453 0.070091
vt 0.132528 0.869462
vt 0.810342 0.786187
vt 0.644631 0.261227
vt 0.279611 0.156099
vt 0.355134 0.555109
vt 0.795013 0.955997
vt 0.850346 0.765564
vt 0.903591 0.506402
vt 0.039681 0.499801
vt 0.468161 0.477560
vt 0.640952 0.884293
vt 0.473772 0.855657
vt 0.072405 0.481421
vt 0.395000 0.848305
vt 0.660938 0.875196
vt 0.889707 0.742114
vt 0.708443 0.101055
vt 0.538658 0.624740
vt 0.917807 0.551486
vt 0.047402 0.548692
vt 0.869868 0.933310
vt 0.776847 0.918548
vt 0.309942 0.411583
vt 0.725945 0.170908
vt 0.865286 0.816254
vt 0.894538 0.757258
vt 0.865390 0.569457
vt 0.397685 0.828768
vt 0.747916 0.233432
vt 0.117669 0.866424
vt 0.883314 0.703898
vt 0.321970 0.273223
vt 0.203269 0.330061
vt 0.153147 0.840882
vt 0.217074 0.592896
vt 0.531822 0.812861
vt 0.382159 0.435763
vt 0.547411 0.365719
vt 0.345738 0.847176
vt 0.805527 0.888386
vt 0.488988 0.869553
vt 0.125226 0.506861
vt 0.296590 0.842825
vt 0.637906 0.913829
vt 0.505768 0.839248
vt 0.757340 0.939970
vt 0.395815 0.336740
vt 0.327775 0.856136
vt 0.911487 0.392663
vt 0.771620 0.223535
vt 0.953702 0.383391
vt 0.216132 0.079735
vt 0.199393 0.891877
vt 0.880389 0.484571
vt 0.731925 0.123738
vt 0.076167 0.835551
vt 0.816479 0.729334
vt 0.939127 0.618378
vt 0.110294 0.589844
vt 0.458118 0.574647
vt 0.057256 0.811572
vt 0.769906 0.682738
vt 0.028970 0.912485
vt 0.166932 0.171737
vt 0.098022 0.485211
vt 0.341512 0.859587
vt 0.099354 0.821641
vt 0.934670 0.940362
vt 0.110117 0.510813
vt 0.380236 0.783912
vt 0.593429 0.881704
vt 0.832248 0.947490
vt 0.910470 0.909021
vt 0.087397 0.490252
vt 0.334563 0.822383
vt 0.888030 0.620768
vt 0.869909 0.951609
vt 0.297273 0.419407
vt 0.282184 0.489136
vt 0.041298 0.831105
vt 0.787140 0.745810
vt 0.683902 0.788634
vt 0.893476 0.280048
vt 0.804987 0.589988
vt 0.599571 0.515271
vt 0.307923 0.664669
vt 0.774228 0.140627
vt 0.061952 0.915911
vt 0.186351 0.163151
vt 0.830637 0.737974
vt 0.810323 0.520761
vt 0.241443 0.302818
vt 0.148791 0.794879
vt 0.860882 0.725499
vt 0.324687 0.210466
vt 0.587283 0.228247
vt 0.578283 0.589361
vt 0.649262 0.904479
vt 0.522399 0.794513
vt 0.377620 0.421800
vt 0.119739 0.477607
vt 0.281450 0.831355
vt 0.629145 0.897601
vt 0.475161 0.840365
vt 0.097341 0.539545
vt 0.323400 0.871464
vt 0.690938 0.903997
vt 0.834320 0.254592
vn 0.271633 -0.861096 0.429801
vn 0.260880 -0.873580 0.410854
vn 0.451643 -0.819773 0.352124
vn 0.702045 -0.638405 0.315549
vn -0.465984 -0.782452 -0.413072
vn -0.743669 -0.317600 -0.588292
vn -0.481950 -0.204415 -0.852021
vn -0.233351 -0.732966 -0.638990
vn -0.743669 -0.317600 -0.588292
vn -0.787822 0.242623 -0.566102
vn -0.547828 0.362538 -0.753957
vn -0.481950 -0.204415 -0.852021
vn -0.233351 -0.732966 -0.638990
vn -0.481950 -0.204415 -0.852021
vn -0.083725 -0.064450 -0.994403
vn 0.119150 -0.578941 -0.806616
vn -0.481950 -0.204415 -0.852021
vn -0.547828 0.362538 -0.753957
vn -0.244032 0.453005 -0.857458
vn -0.083725 -0.064450 -0.994403
vn -0.306528 -0.951852 -0.004286
vn -0.604814 -0.789456 -0.104686
vn -0.465984 -0.782452 -0.413072
vn -0.159043 -0.977503 -0.138540
vn -0.604814 -0.789456 -0.104686
vn -0.896478 -0.387302 -0.215229
vn -0.743669 -0.317600 -0.588292
vn -0.465984 -0.782452 -0.413072
vn -0.896478 -0.387302 -0.215229
vn -0.954680 0.140501 -0.262384
vn -0.787822 0.242623 -0.566102
vn -0.743669 -0.317600 -0.588292
vn -0.954680 0.140501 -0.262384
vn -0.787781 0.564600 -0.246225
vn -0.654282 0.650827 -0.385147
vn -0.787822 0.242623 -0.566102
vn -0.787822 0.242623 -0.566102
vn -0.654282 0.650827 -0.385147
vn -0.456381 0.734414 -0.502348
vn -0.547828 0.362538 -0.753957
vn -0.547828 0.362538 -0.753957
vn -0.456381 0.734414 -0.502348
vn -0.265676 0.777465 -0.570057
vn -0.244032 0.453005 -0.857458
vn -0.244032 0.453005 -0.857458
vn -0.265676 0.777465 -0.570057
vn 0.007901 0.803626 -0.595082
vn 0.265621 0.531264 -0.804490
vn -0.083725 -0.064450 -0.994403
vn -0.244032 0.453005 -0.857458
vn 0.265621 0.531264 -0.804490
vn 0.327182 0.117711 -0.937601
vn 0.119150 -0.578941 -0.806616
vn -0.083725 -0.064450 -0.994403
vn 0.327182 0.117711 -0.937601
vn 0.341957 -0.450571 -0.824652
vn 0.288796 -0.853222 -0.434292
vn 0.119150 -0.578941 -0.806616
vn 0.341957 -0.450571 -0.824652
vn 0.457670 -0.747956 -0.480729
vn 0.031687 -0.960757 -0.275576
vn -0.233351 -0.732966 -0.638990
vn 0.119150 -0.578941 -0.806616
vn 0.288796 -0.853222 -0.434292
vn -0.159043 -0.977503 -0.138540
vn -0.465984 -0.782452 -0.413072
vn -0.233351 -0.732966 -0.638990
vn 0.031687 -0.960757 -0.275576
vn 0.327182 0.117711 -0.937601
vn 0.265621 0.531264 -0.804490
vn 0.360621 0.723351 -0.588826
vn 0.699996 0.278889 -0.657439
vn 0.265621 0.531264 -0.804490
vn 0.007901 0.803626 -0.595082
vn -0.067018 0.882898 -0.464759
vn 0.360621 0.723351 -0.588826
vn 0.288913 -0.478288 0.829319
vn 0.484967 -0.429325 0.761897
vn 0.355571 -0.162125 0.920481
vn 0.197299 -0.150415 0.968736
vn 0.702045 -0.638405 0.315549
vn 0.451643 -0.819773 0.352124
vn 0.666046 -0.469909 0.579283
vn 0.661021 -0.616636 0.427565
vn 0.197299 -0.150415 0.968736
vn 0.082062 -0.019497 0.996437
vn 0.046309 -0.067065 0.996673
vn 0.077968 -0.312656 0.946661
vn 0.288913 -0.478288 0.829319
vn 0.197299 -0.150415 0.968736
vn 0.077968 -0.312656 0.946661
vn 0.062303 -0.649102 0.758146
vn 0.283567 -0.741022 0.608668
vn 0.288913 -0.478288 0.829319
vn 0.062303 -0.649102 0.758146
vn 0.043856 -0.781073 0.622898
vn 0.484681 -0.679140 0.551229
vn 0.484967 -0.429325 0.761897
vn 0.288913 -0.478288 0.829319
vn 0.283567 -0.741022 0.608668
vn 0.661021 -0.616636 0.427565
vn 0.666046 -0.469909 0.579283
vn 0.484967 -0.429325 0.761897
vn 0.484681 -0.679140 0.551229
vn -0.483424 -0.763300 0.428571
vn -0.805830 -0.405546 0.431476
vn -0.903142 -0.396518 0.164643
vn -0.585785 -0.783613 0.206898
vn -0.805830 -0.405546 0.431476
vn -0.923341 0.232533 0.305564
vn -0.986245 0.148470 0.072643
vn -0.903142 -0.396518 0.164643
vn 0.043856 -0.781073 0.622898
vn 0.062303 -0.649102 0.758146
vn -0.112034 -0.767248 0.631490
vn -0.253054 -0.797754 0.547314
vn -0.046446 -0.865334 0.499039
vn -0.923341 0.232533 0.305564
vn -0.663129 0.742303 0.096162
vn -0.765772 0.636290 -0.093422
vn -0.986245 0.148470 0.072643
vn -0.986245 0.148470 0.072643
vn -0.765772 0.636290 -0.093422
vn -0.787781 0.564600 -0.246225
vn -0.954680 0.140501 -0.262384
vn -0.903142 -0.396518 0.164643
vn -0.986245 0.148470 0.072643
vn -0.954680 0.140501 -0.262384
vn -0.896478 -0.387302 -0.215229
vn -0.585785 -0.783613 0.206898
vn -0.903142 -0.396518 0.164643
vn -0.896478 -0.387302 -0.215229
vn -0.604814 -0.789456 -0.104686
vn -0.238631 -0.954701 0.177769
vn -0.585785 -0.783613 0.206898
vn -0.604814 -0.789456 -0.104686
vn -0.306528 -0.951852 -0.004286
vn -0.149060 -0.926951 0.344300
vn -0.483424 -0.763300 0.428571
vn -0.585785 -0.783613 0.206898
vn -0.238631 -0.954701 0.177769
vn -0.046446 -0.865334 0.499039
vn -0.253054 -0.797754 0.547314
vn -0.483424 -0.763300 0.428571
vn -0.149060 -0.926951 0.344300
vn 0.430669 -0.891625 -0.139746
vn 0.506157 -0.861968 0.028569
vn 0.291682 -0.943398 0.157866
vn 0.196659 -0.980433 -0.008760
vn 0.506157 -0.861968 0.028569
vn 0.561438 -0.801718 0.205026
vn 0.373628 -0.873607 0.311791
vn 0.291682 -0.943398 0.157866
vn 0.196659 -0.980433 -0.008760
vn 0.291682 -0.943398 0.157866
vn 0.107280 -0.963740 0.244327
vn 0.018859 -0.995835 0.089203
vn 0.291682 -0.943398 0.157866
vn 0.373628 -0.873607 0.311791
vn 0.190229 -0.901643 0.388397
vn 0.107280 -0.963740 0.244327
vn 0.457670 -0.747956 -0.480729
vn 0.549123 -0.801218 -0.237728
vn 0.430669 -0.891625 -0.139746
vn 0.288796 -0.853222 -0.434292
vn 0.561438 -0.801718 0.205026
vn 0.661021 -0.616636 0.427565
vn 0.484681 -0.679140 0.551229
vn 0.373628 -0.873607 0.311791
vn 0.373628 -0.873607 0.311791
vn 0.484681 -0.679140 0.551229
vn 0.283567 -0.741022 0.608668
vn 0.190229 -0.901643 0.388397
vn 0.190229 -0.901643 0.388397
vn 0.283567 -0.741022 0.608668
vn 0.043856 -0.781073 0.622898
vn -0.046446 -0.865334 0.499039
vn 0.107280 -0.963740 0.244327
vn 0.190229 -0.901643 0.388397
vn -0.046446 -0.865334 0.499039
vn -0.149060 -0.926951 0.344300
vn 0.018859 -0.995835 0.089203
vn 0.107280 -0.963740 0.244327
vn -0.149060 -0.926951 0.344300
vn -0.238631 -0.954701 0.177769
vn -0.159043 -0.977503 -0.138540
vn 0.018859 -0.995835 0.089203
vn -0.238631 -0.954701 0.177769
vn -0.306528 -0.951852 -0.004286
vn 0.031687 -0.960757 -0.275576
vn 0.196659 -0.980433 -0.008760
vn 0.018859 -0.995835 0.089203
vn -0.159043 -0.977503 -0.138540
vn 0.288796 -0.853222 -0.434292
vn 0.430669 -0.891625 -0.139746
vn 0.196659 -0.980433 -0.008760
vn 0.031687 -0.960757 -0.275576
vn -0.067018 0.882898 -0.464759
vn 0.007901 0.803626 -0.595082
vn -0.265676 0.777465 -0.570057
vn -0.067018 0.882898 -0.464759
vn -0.265676 0.777465 -0.570057
vn -0.456381 0.734414 -0.502348
vn -0.462427 0.844159 -0.271213
vn -0.462427 0.844159 -0.271213
vn -0.456381 0.734414 -0.502348
vn -0.654282 0.650827 -0.385147
vn -0.462427 0.844159 -0.271213
vn -0.654282 0.650827 -0.385147
vn -0.787781 0.564600 -0.246225
vn -0.765772 0.636290 -0.093422
vn -0.491199 0.868600 -0.065257
vn -0.462427 0.844159 -0.271213
vn -0.765772 0.636290 -0.093422
vn -0.663129 0.742303 0.096162
vn -0.427268 0.901430 0.069760
vn -0.491199 0.868600 -0.065257
vn -0.663129 0.742303 0.096162
vn -0.561173 0.822444 0.093115
vn 0.937458 0.256256 -0.235598
vn 0.782048 0.267211 -0.563027
vn 0.681195 0.533595 -0.501248
vn 0.867241 0.472672 -0.156439
vn 0.782048 0.267211 -0.563027
vn 0.464314 0.232734 -0.854545
vn 0.382411 0.492566 -0.781755
vn 0.681195 0.533595 -0.501248
vn 0.464314 0.232734 -0.854545
vn 0.054964 0.159404 -0.985682
vn -0.001251 0.392096 -0.919923
vn 0.382411 0.492566 -0.781755
vn 0.382411 0.492566 -0.781755
vn -0.001251 0.392096 -0.919923
vn -0.060659 0.594173 -0.802047
vn 0.181301 0.750590 -0.635409
vn 0.681195 0.533595 -0.501248
vn 0.382411 0.492566 -0.781755
vn 0.181301 0.750590 -0.635409
vn 0.445728 0.823167 -0.351742
vn 0.867241 0.472672 -0.156439
vn 0.681195 0.533595 -0.501248
vn 0.445728 0.823167 -0.351742
vn 0.645055 0.763965 -0.016178
vn 0.894906 0.372212 0.246173
vn 0.867241 0.472672 -0.156439
vn 0.645055 0.763965 -0.016178
vn 0.740132 0.616955 0.267526
vn 0.944798 0.216608 0.245840
vn 0.937458 0.256256 -0.235598
vn 0.867241 0.472672 -0.156439
vn 0.894906 0.372212 0.246173
vn 0.367415 0.897539 0.243782
vn 0.117830 0.987001 -0.109294
vn -0.217639 0.965535 0.142744
vn 0.081592 0.865482 0.494250
vn 0.117830 0.987001 -0.109294
vn -0.148460 0.882867 -0.445540
vn -0.468286 0.850180 -0.240629
vn -0.217639 0.965535 0.142744
vn 0.081592 0.865482 0.494250
vn -0.217639 0.965535 0.142744
vn -0.515077 0.773230 0.369881
vn -0.208936 0.702342 0.680486
vn -0.217639 0.965535 0.142744
vn -0.468286 0.850180 -0.240629
vn -0.725445 0.688215 -0.009437
vn -0.515077 0.773230 0.369881
vn 0.740132 0.616955 0.267526
vn 0.645055 0.763965 -0.016178
vn 0.367415 0.897539 0.243782
vn 0.579049 0.637346 0.508422
vn 0.645055 0.763965 -0.016178
vn 0.445728 0.823167 -0.351742
vn 0.117830 0.987001 -0.109294
vn 0.367415 0.897539 0.243782
vn 0.445728 0.823167 -0.351742
vn 0.181301 0.750590 -0.635409
vn -0.148460 0.882867 -0.445540
vn 0.117830 0.987001 -0.109294
vn 0.181301 0.750590 -0.635409
vn -0.060659 0.594173 -0.802047
vn -0.337076 0.611504 -0.715851
vn -0.148460 0.882867 -0.445540
vn -0.148460 0.882867 -0.445540
vn -0.337076 0.611504 -0.715851
vn -0.610982 0.560745 -0.558808
vn -0.468286 0.850180 -0.240629
vn -0.468286 0.850180 -0.240629
vn -0.610982 0.560745 -0.558808
vn -0.823888 0.447018 -0.348402
vn -0.725445 0.688215 -0.009437
vn -0.725445 0.688215 -0.009437
vn -0.823888 0.447018 -0.348402
vn -0.946416 0.294339 -0.132894
vn -0.904834 0.383007 0.185961
vn -0.515077 0.773230 0.369881
vn -0.725445 0.688215 -0.009437
vn -0.904834 0.383007 0.185961
vn -0.728306 0.425450 0.537181
vn -0.208936 0.702342 0.680486
vn -0.515077 0.773230 0.369881
vn -0.728306 0.425450 0.537181
vn -0.440232 0.395674 0.806001
vn 0.092958 0.472237 0.876557
vn -0.208936 0.702342 0.680486
vn -0.440232 0.395674 0.806001
vn -0.144736 0.316378 0.937527
vn 0.352216 0.587534 0.728524
vn 0.081592 0.865482 0.494250
vn -0.208936 0.702342 0.680486
vn 0.092958 0.472237 0.876557
vn 0.579049 0.637346 0.508422
vn 0.367415 0.897539 0.243782
vn 0.081592 0.865482 0.494250
vn 0.352216 0.587534 0.728524
vn -0.481105 0.001322 0.876662
vn -0.783822 0.027771 0.620365
vn -0.742837 -0.280611 0.607824
vn -0.540939 0.116363 0.832973
vn -0.783822 0.027771 0.620365
vn -0.969848 0.033596 0.241385
vn -0.938971 -0.272042 0.210540
vn -0.742837 -0.280611 0.607824
vn -0.540939 0.116363 0.832973
vn -0.742837 -0.280611 0.607824
vn -0.738512 -0.447831 0.504031
vn -0.742837 -0.280611 0.607824
vn -0.938971 -0.272042 0.210540
vn -0.895510 -0.421366 0.143220
vn -0.738512 -0.447831 0.504031
vn -0.144736 0.316378 0.937527
vn -0.440232 0.395674 0.806001
vn -0.481105 0.001322 0.876662
vn -0.100306 0.028515 0.994548
vn -0.440232 0.395674 0.806001
vn -0.728306 0.425450 0.537181
vn -0.783822 0.027771 0.620365
vn -0.481105 0.001322 0.876662
vn -0.728306 0.425450 0.537181
vn -0.904834 0.383007 0.185961
vn -0.969848 0.033596 0.241385
vn -0.783822 0.027771 0.620365
vn -0.904834 0.383007 0.185961
vn -0.946416 0.294339 -0.132894
vn -0.982099 0.059392 -0.178756
vn -0.969848 0.033596 0.241385
vn -0.969848 0.033596 0.241385
vn -0.982099 0.059392 -0.178756
vn -0.960735 -0.195095 -0.197296
vn -0.938971 -0.272042 0.210540
vn -0.938971 -0.272042 0.210540
vn -0.960735 -0.195095 -0.197296
vn -0.925120 -0.333511 -0.181447
vn -0.895510 -0.421366 0.143220
vn -0.100306 0.028515 0.994548
vn -0.481105 0.001322 0.876662
vn -0.540939 0.116363 0.832973
vn -0.188661 0.281915 0.940708
vn 0.787998 0.127250 0.602384
vn 0.744893 0.297510 0.597179
vn 0.533920 0.238143 0.811306
vn 0.594036 0.059975 0.802200
vn 0.594036 0.059975 0.802200
vn 0.533920 0.238143 0.811306
vn 0.270650 0.137323 0.952833
vn 0.312886 -0.032450 0.949236
vn 0.944798 0.216608 0.245840
vn 0.894906 0.372212 0.246173
vn 0.744893 0.297510 0.597179
vn 0.787998 0.127250 0.602384
vn 0.894906 0.372212 0.246173
vn 0.740132 0.616955 0.267526
vn 0.579049 0.637346 0.508422
vn 0.744893 0.297510 0.597179
vn 0.744893 0.297510 0.597179
vn 0.579049 0.637346 0.508422
vn 0.352216 0.587534 0.728524
vn 0.533920 0.238143 0.811306
vn 0.533920 0.238143 0.811306
vn 0.352216 0.587534 0.728524
vn 0.092958 0.472237 0.876557
vn 0.270650 0.137323 0.952833
vn 0.270650 0.137323 0.952833
vn 0.092958 0.472237 0.876557
vn -0.144736 0.316378 0.937527
vn -0.100306 0.028515 0.994548
vn 0.312886 -0.032450 0.949236
vn 0.270650 0.137323 0.952833
vn -0.100306 0.028515 0.994548
vn -0.188661 0.281915 0.940708
vn -0.370651 0.308149 -0.876163
vn -0.327780 0.058146 -0.942963
vn -0.579619 0.004222 -0.814876
vn -0.635297 0.241238 -0.733623
vn -0.327780 0.058146 -0.942963
vn -0.272399 -0.060490 -0.960281
vn -0.543356 -0.090205 -0.834642
vn -0.579619 0.004222 -0.814876
vn -0.635297 0.241238 -0.733623
vn -0.579619 0.004222 -0.814876
vn -0.821406 -0.076750 -0.565157
vn -0.839771 0.149147 -0.522053
vn -0.579619 0.004222 -0.814876
vn -0.543356 -0.090205 -0.834642
vn -0.793273 -0.168465 -0.585097
vn -0.821406 -0.076750 -0.565157
vn -0.060659 0.594173 -0.802047
vn -0.001251 0.392096 -0.919923
vn -0.370651 0.308149 -0.876163
vn -0.337076 0.611504 -0.715851
vn -0.001251 0.392096 -0.919923
vn 0.054964 0.159404 -0.985682
vn -0.327780 0.058146 -0.942963
vn -0.370651 0.308149 -0.876163
vn 0.054964 0.159404 -0.985682
vn 0.073644 0.029803 -0.996839
vn -0.272399 -0.060490 -0.960281
vn -0.327780 0.058146 -0.942963
vn -0.821406 -0.076750 -0.565157
vn -0.793273 -0.168465 -0.585097
vn -0.925120 -0.333511 -0.181447
vn -0.960735 -0.195095 -0.197296
vn -0.839771 0.149147 -0.522053
vn -0.821406 -0.076750 -0.565157
vn -0.960735 -0.195095 -0.197296
vn -0.982099 0.059392 -0.178756
vn -0.823888 0.447018 -0.348402
vn -0.839771 0.149147 -0.522053
vn -0.982099 0.059392 -0.178756
vn -0.946416 0.294339 -0.132894
vn -0.610982 0.560745 -0.558808
vn -0.635297 0.241238 -0.733623
vn -0.839771 0.149147 -0.522053
vn -0.823888 0.447018 -0.348402
vn -0.337076 0.611504 -0.715851
vn -0.370651 0.308149 -0.876163
vn -0.635297 0.241238 -0.733623
vn -0.610982 0.560745 -0.558808
vn -0.777487 -0.182670 -0.601785
vn -0.784574 0.264554 -0.560763
vn -0.630481 0.181441 -0.754701
vn -0.606207 -0.305427 -0.734321
vn -0.784574 0.264554 -0.560763
vn -0.755942 0.569314 -0.323162
vn -0.630481 0.181441 -0.754701
vn -0.803702 -0.534322 -0.261846
vn -0.951084 -0.210050 -0.226535
vn -0.777487 -0.182670 -0.601785
vn -0.649781 -0.589508 -0.479860
vn -0.951084 -0.210050 -0.226535
vn -0.971546 0.182935 -0.150447
vn -0.784574 0.264554 -0.560763
vn -0.777487 -0.182670 -0.601785
vn -0.971546 0.182935 -0.150447
vn -0.838858 0.541703 -0.053614
vn -0.755942 0.569314 -0.323162
vn -0.784574 0.264554 -0.560763
vn -0.838858 0.541703 -0.053614
vn -0.627588 0.777075 0.047828
vn -0.556465 0.829626 -0.045461
vn -0.755942 0.569314 -0.323162
vn -0.430889 -0.617554 -0.657998
vn -0.606207 -0.305427 -0.734321
vn -0.322938 -0.624834 -0.710840
vn -0.649781 -0.589508 -0.479860
vn -0.777487 -0.182670 -0.601785
vn -0.606207 -0.305427 -0.734321
vn -0.430889 -0.617554 -0.657998
vn 0.554425 -0.792364 -0.254502
vn 0.652116 -0.672665 -0.349667
vn 0.858681 -0.512453 0.007659
vn 0.630459 -0.774440 -0.052572
vn 0.665092 -0.640157 0.384514
vn 0.813400 -0.224918 0.536463
vn 0.489715 -0.278022 0.826367
vn 0.371837 -0.687888 0.623336
vn 0.813400 -0.224918 0.536463
vn 0.792595 0.223314 0.567384
vn 0.511922 0.212980 0.832211
vn 0.489715 -0.278022 0.826367
vn 0.371837 -0.687888 0.623336
vn 0.489715 -0.278022 0.826367
vn 0.092167 -0.255646 0.962367
vn 0.019958 -0.644128 0.764657
vn 0.489715 -0.278022 0.826367
vn 0.511922 0.212980 0.832211
vn 0.138785 0.183759 0.973125
vn 0.092167 -0.255646 0.962367
vn 0.630459 -0.774440 -0.052572
vn 0.858681 -0.512453 0.007659
vn 0.665092 -0.640157 0.384514
vn 0.435235 -0.892364 0.119407
vn 0.858681 -0.512453 0.007659
vn 0.951761 -0.207977 0.225604
vn 0.813400 -0.224918 0.536463
vn 0.665092 -0.640157 0.384514
vn 0.951761 -0.207977 0.225604
vn 0.780436 0.434700 0.449396
vn 0.792595 0.223314 0.567384
vn 0.813400 -0.224918 0.536463
vn 0.792595 0.223314 0.567384
vn 0.780436 0.434700 0.449396
vn 0.447093 0.648083 0.616520
vn 0.511922 0.212980 0.832211
vn 0.511922 0.212980 0.832211
vn 0.447093 0.648083 0.616520
vn 0.118327 0.592172 0.797077
vn 0.138785 0.183759 0.973125
vn 0.138785 0.183759 0.973125
vn 0.118327 0.592172 0.797077
vn -0.172573 0.508539 0.843568
vn -0.263963 0.203486 0.942824
vn 0.092167 -0.255646 0.962367
vn 0.138785 0.183759 0.973125
vn -0.263963 0.203486 0.942824
vn -0.340966 -0.183755 0.921942
vn 0.019958 -0.644128 0.764657
vn 0.092167 -0.255646 0.962367
vn -0.340966 -0.183755 0.921942
vn -0.370578 -0.540745 0.755160
vn -0.099051 -0.896896 0.431007
vn 0.019958 -0.644128 0.764657
vn -0.370578 -0.540745 0.755160
vn -0.360186 -0.773122 0.522063
vn 0.172027 -0.940650 0.292549
vn 0.371837 -0.687888 0.623336
vn 0.019958 -0.644128 0.764657
vn -0.099051 -0.896896 0.431007
vn 0.435235 -0.892364 0.119407
vn 0.665092 -0.640157 0.384514
vn 0.371837 -0.687888 0.623336
vn 0.172027 -0.940650 0.292549
vn -0.674039 -0.452064 0.584217
vn -0.672314 -0.089420 0.734845
vn -0.861996 -0.004958 0.506891
vn -0.845411 -0.387789 0.367288
vn -0.672314 -0.089420 0.734845
vn -0.567354 0.290778 0.770427
vn -0.734493 0.381191 0.561438
vn -0.861996 -0.004958 0.506891
vn -0.845411 -0.387789 0.367288
vn -0.861996 -0.004958 0.506891
vn -0.969641 0.079884 0.231118
vn -0.946312 -0.299845 0.120773
vn -0.861996 -0.004958 0.506891
vn -0.734493 0.381191 0.561438
vn -0.840432 0.445864 0.308025
vn -0.969641 0.079884 0.231118
vn -0.360186 -0.773122 0.522063
vn -0.370578 -0.540745 0.755160
vn -0.674039 -0.452064 0.584217
vn -0.525447 -0.772412 0.356770
vn -0.370578 -0.540745 0.755160
vn -0.340966 -0.183755 0.921942
vn -0.672314 -0.089420 0.734845
vn -0.674039 -0.452064 0.584217
vn -0.340966 -0.183755 0.921942
vn -0.263963 0.203486 0.942824
vn -0.567354 0.290778 0.770427
vn -0.672314 -0.089420 0.734845
vn -0.263963 0.203486 0.942824
vn -0.172573 0.508539 0.843568
vn -0.327751 0.630559 0.703544
vn -0.567354 0.290778 0.770427
vn -0.567354 0.290778 0.770427
vn -0.327751 0.630559 0.703544
vn -0.461732 0.725248 0.510704
vn -0.734493 0.381191 0.561438
vn -0.734493 0.381191 0.561438
vn -0.461732 0.725248 0.510704
vn -0.560374 0.775191 0.291652
vn -0.840432 0.445864 0.308025
vn -0.840432 0.445864 0.308025
vn -0.560374 0.775191 0.291652
vn -0.627588 0.777075 0.047828
vn -0.838858 0.541703 -0.053614
vn -0.969641 0.079884 0.231118
vn -0.840432 0.445864 0.308025
vn -0.838858 0.541703 -0.053614
vn -0.971546 0.182935 -0.150447
vn -0.946312 -0.299845 0.120773
vn -0.969641 0.079884 0.231118
vn -0.971546 0.182935 -0.150447
vn -0.951084 -0.210050 -0.226535
vn -0.754494 -0.652289 -0.072507
vn -0.946312 -0.299845 0.120773
vn -0.951084 -0.210050 -0.226535
vn -0.803702 -0.534322 -0.261846
vn -0.759824 -0.611041 0.222028
vn -0.845411 -0.387789 0.367288
vn -0.946312 -0.299845 0.120773
vn -0.754494 -0.652289 -0.072507
vn -0.525447 -0.772412 0.356770
vn -0.674039 -0.452064 0.584217
vn -0.845411 -0.387789 0.367288
vn -0.759824 -0.611041 0.222028
vn -0.674805 -0.652782 0.344259
vn 0.296532 -0.890496 -0.345089
vn 0.288111 -0.941201 -0.176443
vn 0.059112 -0.997656 0.034462
vn 0.057592 -0.974876 -0.215174
vn 0.554425 -0.792364 -0.254502
vn 0.630459 -0.774440 -0.052572
vn 0.435235 -0.892364 0.119407
vn 0.288111 -0.941201 -0.176443
vn 0.288111 -0.941201 -0.176443
vn 0.435235 -0.892364 0.119407
vn 0.172027 -0.940650 0.292549
vn 0.059112 -0.997656 0.034462
vn 0.059112 -0.997656 0.034462
vn 0.172027 -0.940650 0.292549
vn -0.099051 -0.896896 0.431007
vn -0.014410 -0.828341 0.560039
vn 0.182718 -0.862748 0.471466
vn -0.531824 -0.768745 -0.355238
vn -0.564286 -0.814572 -0.134363
vn -0.759824 -0.611041 0.222028
vn -0.754494 -0.652289 -0.072507
vn -0.649781 -0.589508 -0.479860
vn -0.531824 -0.768745 -0.355238
vn -0.754494 -0.652289 -0.072507
vn -0.803702 -0.534322 -0.261846
vn -0.430889 -0.617554 -0.657998
vn -0.332282 -0.759882 -0.558721
vn -0.531824 -0.768745 -0.355238
vn -0.649781 -0.589508 -0.479860
vn 0.264358 0.858976 0.438491
vn 0.029318 0.956125 0.291488
vn -0.122281 0.914732 0.385113
vn 0.010910 0.821828 0.569632
vn -0.321568 0.919365 0.226633
vn -0.556465 0.829626 -0.045461
vn -0.627588 0.777075 0.047828
vn -0.560374 0.775191 0.291652
vn -0.122281 0.914732 0.385113
vn -0.321568 0.919365 0.226633
vn -0.560374 0.775191 0.291652
vn -0.461732 0.725248 0.510704
vn 0.010910 0.821828 0.569632
vn -0.122281 0.914732 0.385113
vn -0.461732 0.725248 0.510704
vn -0.327751 0.630559 0.703544
vn 0.118327 0.592172 0.797077
vn 0.010910 0.821828 0.569632
vn -0.327751 0.630559 0.703544
vn -0.172573 0.508539 0.843568
vn 0.447093 0.648083 0.616520
vn 0.264358 0.858976 0.438491
vn 0.010910 0.821828 0.569632
vn 0.118327 0.592172 0.797077
vn -0.784740 -0.188053 -0.590609
vn -0.802231 0.250034 -0.542134
vn -0.489233 0.277075 -0.826971
vn -0.490814 -0.194593 -0.849256
vn -0.802231 0.250034 -0.542134
vn -0.669660 0.644568 -0.368900
vn -0.378586 0.686923 -0.620330
vn -0.489233 0.277075 -0.826971
vn -0.817988 -0.513316 -0.259620
vn -0.951084 -0.210050 -0.226534
vn -0.784740 -0.188053 -0.590609
vn -0.652446 -0.580246 -0.487472
vn -0.951084 -0.210050 -0.226534
vn -0.973267 0.175889 -0.147700
vn -0.802231 0.250034 -0.542134
vn -0.784740 -0.188053 -0.590609
vn -0.973267 0.175889 -0.147700
vn -0.841814 0.537697 -0.047239
vn -0.669660 0.644568 -0.368900
vn -0.802231 0.250034 -0.542134
vn -0.841814 0.537697 -0.047239
vn -0.703403 0.709287 0.046219
vn -0.451368 0.885197 -0.112666
vn -0.669660 0.644568 -0.368900
vn -0.669660 0.644568 -0.368900
vn -0.451368 0.885197 -0.112666
vn -0.191673 0.937766 -0.289580
vn -0.378586 0.686923 -0.620330
vn -0.652446 -0.580246 -0.487472
vn -0.784740 -0.188053 -0.590609
vn -0.490814 -0.194593 -0.849256
vn -0.389425 -0.607154 -0.692612
vn 0.375393 -0.693817 0.614572
vn 0.488168 -0.285285 0.824806
vn 0.076808 -0.252582 0.964522
vn 0.120657 -0.652158 0.748420
vn 0.488168 -0.285285 0.824806
vn 0.491023 0.192817 0.849540
vn 0.116220 0.164420 0.979520
vn 0.076808 -0.252582 0.964522
vn 0.491023 0.192817 0.849540
vn 0.389851 0.606098 0.693297
vn 0.103997 0.576368 0.810546
vn 0.116220 0.164420 0.979520
vn 0.116220 0.164420 0.979520
vn 0.103997 0.576368 0.810546
vn -0.172572 0.508538 0.843569
vn -0.257049 0.177592 0.949941
vn 0.076808 -0.252582 0.964522
vn 0.116220 0.164420 0.979520
vn -0.257049 0.177592 0.949941
vn -0.363611 0.016416 0.931406
vn -0.158374 -0.230150 0.960182
vn 0.120657 -0.652158 0.748420
vn 0.076808 -0.252582 0.964522
vn -0.158374 -0.230150 0.960182
vn 0.197374 -0.933448 0.299530
vn 0.375393 -0.693817 0.614572
vn 0.120657 -0.652158 0.748420
vn -0.013841 -0.918898 0.394253
vn -0.860475 0.014660 0.509281
vn -0.737294 0.344328 0.581236
vn -0.879900 0.387211 0.275397
vn -0.969848 0.080312 0.230098
vn -0.257049 0.177592 0.949941
vn -0.172572 0.508538 0.843569
vn -0.327751 0.630559 0.703544
vn -0.573658 0.306091 0.759753
vn -0.573658 0.306091 0.759753
vn -0.327751 0.630559 0.703544
vn -0.394905 0.629387 0.669269
vn -0.737294 0.344328 0.581236
vn -0.737294 0.344328 0.581236
vn -0.394905 0.629387 0.669269
vn -0.540939 0.116363 0.832973
vn -0.755114 0.433241 0.492041
vn -0.879900 0.387211 0.275397
vn -0.815738 0.483456 0.317554
vn -0.781683 0.597896 0.177460
vn -0.969848 0.080312 0.230098
vn -0.879900 0.387211 0.275397
vn -0.841814 0.537697 -0.047239
vn -0.973267 0.175889 -0.147700
vn -0.943253 -0.310476 0.117809
vn -0.969848 0.080312 0.230098
vn -0.973267 0.175889 -0.147700
vn -0.951084 -0.210050 -0.226534
vn -0.781183 -0.622730 -0.044280
vn -0.943253 -0.310476 0.117809
vn -0.951084 -0.210050 -0.226534
vn -0.817988 -0.513316 -0.259620
vn -0.703973 -0.705232 0.084085
vn -0.811557 -0.564557 0.150504
vn -0.900277 -0.356601 0.249673
vn -0.943253 -0.310476 0.117809
vn -0.781183 -0.622730 -0.044280
vn -0.260748 -0.836700 -0.481605
vn -0.208263 -0.895169 -0.394079
vn -0.326331 -0.889379 -0.320178
vn -0.544188 -0.825724 -0.148453
vn -0.536477 -0.796005 -0.280301
vn 0.260880 -0.873580 0.410854
vn 0.197374 -0.933448 0.299530
vn -0.013841 -0.918898 0.394253
vn -0.144528 -0.950320 0.275687
vn -0.024104 -0.978554 0.204574
vn 0.451643 -0.819773 0.352124
vn -0.536477 -0.796005 -0.280301
vn -0.544188 -0.825724 -0.148453
vn -0.659314 -0.751470 0.024433
vn -0.703973 -0.705232 0.084085
vn -0.781183 -0.622730 -0.044280
vn -0.652446 -0.580246 -0.487472
vn -0.536477 -0.796005 -0.280301
vn -0.781183 -0.622730 -0.044280
vn -0.817988 -0.513316 -0.259620
vn -0.389425 -0.607154 -0.692612
vn -0.260748 -0.836700 -0.481605
vn -0.536477 -0.796005 -0.280301
vn -0.652446 -0.580246 -0.487472
vn 0.248818 0.851387 0.461768
vn 0.148192 0.943988 0.294833
vn -0.032487 0.871022 0.490169
vn -0.015840 0.809547 0.586842
vn -0.052962 0.997712 -0.042027
vn -0.261934 0.961242 -0.086044
vn 0.018902 0.999395 0.029199
vn -0.191673 0.937766 -0.289580
vn -0.451368 0.885197 -0.112666
vn -0.329615 0.943408 0.036546
vn -0.212569 0.976972 -0.018417
vn -0.394905 0.629387 0.669269
vn -0.188661 0.281915 0.940708
vn -0.540939 0.116363 0.832973
vn -0.015840 0.809547 0.586842
vn -0.032487 0.871022 0.490169
vn -0.394905 0.629387 0.669269
vn -0.327751 0.630559 0.703544
vn 0.103997 0.576368 0.810546
vn -0.015840 0.809547 0.586842
vn -0.327751 0.630559 0.703544
vn -0.172572 0.508538 0.843569
vn 0.389851 0.606098 0.693297
vn 0.248818 0.851387 0.461768
vn -0.015840 0.809547 0.586842
vn 0.103997 0.576368 0.810546
vn -0.465983 -0.782452 -0.413072
vn -0.743669 -0.317600 -0.588292
vn -0.466474 -0.193955 -0.863008
vn -0.222319 -0.733702 -0.642072
vn -0.743669 -0.317600 -0.588292
vn -0.787822 0.242623 -0.566101
vn -0.532314 0.364168 -0.764214
vn -0.466474 -0.193955 -0.863008
vn -0.466474 -0.193955 -0.863008
vn -0.532314 0.364168 -0.764214
vn -0.313249 0.499544 -0.807670
vn -0.273061 -0.169863 -0.946881
vn -0.306529 -0.951852 -0.004286
vn -0.604813 -0.789457 -0.104685
vn -0.465983 -0.782452 -0.413072
vn -0.159043 -0.977503 -0.138540
vn -0.604813 -0.789457 -0.104685
vn -0.896478 -0.387304 -0.215227
vn -0.743669 -0.317600 -0.588292
vn -0.465983 -0.782452 -0.413072
vn -0.896478 -0.387304 -0.215227
vn -0.954679 0.140504 -0.262385
vn -0.787822 0.242623 -0.566101
vn -0.743669 -0.317600 -0.588292
vn -0.954679 0.140504 -0.262385
vn -0.815724 0.521617 -0.250023
vn -0.655385 0.638319 -0.403755
vn -0.787822 0.242623 -0.566101
vn -0.787822 0.242623 -0.566101
vn -0.655385 0.638319 -0.403755
vn -0.463702 0.720323 -0.515864
vn -0.532314 0.364168 -0.764214
vn -0.532314 0.364168 -0.764214
vn -0.463702 0.720323 -0.515864
vn -0.275174 0.757259 -0.592316
vn -0.313249 0.499544 -0.807670
vn -0.313249 0.499544 -0.807670
vn -0.275174 0.757259 -0.592316
vn -0.159599 0.798074 -0.581039
vn 0.244141 -0.883315 -0.400186
vn 0.013961 -0.724798 -0.688820
vn 0.394322 -0.828869 -0.396845
vn 0.032836 -0.958301 -0.283868
vn -0.222319 -0.733702 -0.642072
vn 0.013961 -0.724798 -0.688820
vn 0.244141 -0.883315 -0.400186
vn -0.159043 -0.977503 -0.138540
vn -0.465983 -0.782452 -0.413072
vn -0.222319 -0.733702 -0.642072
vn 0.032836 -0.958301 -0.283868
vn 0.946633 -0.195913 -0.255939
vn 0.936847 0.188592 -0.294536
vn 0.955934 -0.256219 -0.143324
vn 0.839220 -0.542065 0.043302
vn 0.955934 -0.256219 -0.143324
vn 0.765296 -0.622227 0.164787
vn 0.755594 -0.640012 -0.139505
vn 0.946633 -0.195913 -0.255939
vn 0.955934 -0.256219 -0.143324
vn 0.839220 -0.542065 0.043302
vn 0.549376 -0.805993 -0.220368
vn 0.817314 -0.482311 -0.315238
vn 0.946633 -0.195913 -0.255939
vn 0.755594 -0.640012 -0.139505
vn -0.014410 -0.828341 0.560039
vn 0.032963 -0.239814 0.970259
vn -0.270586 -0.085689 0.958875
vn -0.072964 -0.571501 0.817351
vn 0.262709 -0.752757 0.603607
vn -0.014410 -0.828341 0.560039
vn -0.072964 -0.571501 0.817351
vn 0.060682 -0.770292 0.634798
vn 0.400303 -0.742032 0.537723
vn 0.182718 -0.862748 0.471466
vn -0.014410 -0.828341 0.560039
vn 0.262709 -0.752757 0.603607
vn 0.400303 -0.742032 0.537723
vn 0.507910 -0.791729 0.339401
vn 0.182718 -0.862748 0.471466
vn -0.344888 -0.684151 0.642642
vn -0.626361 -0.264650 0.733234
vn -0.809282 -0.359119 0.464862
vn -0.486736 -0.754712 0.439884
vn -0.626361 -0.264650 0.733234
vn -0.744194 0.309418 0.591976
vn -0.913295 0.220559 0.342413
vn -0.809282 -0.359119 0.464862
vn -0.486736 -0.754712 0.439884
vn -0.809282 -0.359119 0.464862
vn -0.903141 -0.396520 0.164645
vn -0.585783 -0.783614 0.206899
vn -0.809282 -0.359119 0.464862
vn -0.913295 0.220559 0.342413
vn -0.986245 0.148471 0.072643
vn -0.903141 -0.396520 0.164645
vn 0.060682 -0.770292 0.634798
vn -0.072964 -0.571501 0.817351
vn -0.344888 -0.684151 0.642642
vn -0.052876 -0.867095 0.495328
vn -0.072964 -0.571501 0.817351
vn -0.270586 -0.085689 0.958875
vn -0.626361 -0.264650 0.733234
vn -0.344888 -0.684151 0.642642
vn -0.270586 -0.085689 0.958875
vn -0.460877 0.298491 0.835760
vn -0.744194 0.309418 0.591976
vn -0.626361 -0.264650 0.733234
vn -0.460877 0.298491 0.835760
vn -0.664316 0.653412 0.362956
vn -0.744194 0.309418 0.591976
vn -0.744194 0.309418 0.591976
vn -0.664316 0.653412 0.362956
vn -0.725092 0.677896 0.121235
vn -0.913295 0.220559 0.342413
vn -0.913295 0.220559 0.342413
vn -0.725092 0.677896 0.121235
vn -0.796156 0.600533 -0.074141
vn -0.986245 0.148471 0.072643
vn -0.986245 0.148471 0.072643
vn -0.796156 0.600533 -0.074141
vn -0.815724 0.521617 -0.250023
vn -0.954679 0.140504 -0.262385
vn -0.903141 -0.396520 0.164645
vn -0.986245 0.148471 0.072643
vn -0.954679 0.140504 -0.262385
vn -0.896478 -0.387304 -0.215227
vn -0.585783 -0.783614 0.206899
vn -0.903141 -0.396520 0.164645
vn -0.896478 -0.387304 -0.215227
vn -0.604813 -0.789457 -0.104685
vn -0.238632 -0.954701 0.177769
vn -0.585783 -0.783614 0.206899
vn -0.604813 -0.789457 -0.104685
vn -0.306529 -0.951852 -0.004286
vn -0.149061 -0.926951 0.344302
vn -0.486736 -0.754712 0.439884
vn -0.585783 -0.783614 0.206899
vn -0.238632 -0.954701 0.177769
vn -0.052876 -0.867095 0.495328
vn -0.344888 -0.684151 0.642642
vn -0.486736 -0.754712 0.439884
vn -0.149061 -0.926951 0.344302
vn 0.394092 -0.910341 -0.126376
vn 0.482411 -0.874662 0.047402
vn 0.291682 -0.943398 0.157866
vn 0.196659 -0.980433 -0.008760
vn 0.482411 -0.874662 0.047402
vn 0.547987 -0.813518 0.194674
vn 0.349841 -0.885504 0.305769
vn 0.291682 -0.943398 0.157866
vn 0.196659 -0.980433 -0.008760
vn 0.291682 -0.943398 0.157866
vn 0.107280 -0.963740 0.244328
vn 0.018858 -0.995835 0.089203
vn 0.291682 -0.943398 0.157866
vn 0.349841 -0.885504 0.305769
vn 0.190229 -0.901643 0.388397
vn 0.107280 -0.963740 0.244328
vn 0.549376 -0.805993 -0.220368
vn 0.755594 -0.640012 -0.139505
vn 0.482411 -0.874662 0.047402
vn 0.394092 -0.910341 -0.126376
vn 0.755594 -0.640012 -0.139505
vn 0.839220 -0.542065 0.043302
vn 0.547987 -0.813518 0.194674
vn 0.482411 -0.874662 0.047402
vn 0.839220 -0.542065 0.043302
vn 0.765296 -0.622227 0.164787
vn 0.507910 -0.791729 0.339401
vn 0.547987 -0.813518 0.194674
vn 0.547987 -0.813518 0.194674
vn 0.507910 -0.791729 0.339401
vn 0.400303 -0.742032 0.537723
vn 0.349841 -0.885504 0.305769
vn 0.349841 -0.885504 0.305769
vn 0.400303 -0.742032 0.537723
vn 0.262709 -0.752757 0.603607
vn 0.190229 -0.901643 0.388397
vn 0.190229 -0.901643 0.388397
vn 0.262709 -0.752757 0.603607
vn 0.060682 -0.770292 0.634798
vn -0.052876 -0.867095 0.495328
vn 0.107280 -0.963740 0.244328
vn 0.190229 -0.901643 0.388397
vn -0.052876 -0.867095 0.495328
vn -0.149061 -0.926951 0.344302
vn 0.018858 -0.995835 0.089203
vn 0.107280 -0.963740 0.244328
vn -0.149061 -0.926951 0.344302
vn -0.238632 -0.954701 0.177769
vn -0.159043 -0.977503 -0.138540
vn 0.018858 -0.995835 0.089203
vn -0.238632 -0.954701 0.177769
vn -0.306529 -0.951852 -0.004286
vn 0.032836 -0.958301 -0.283868
vn 0.196659 -0.980433 -0.008760
vn 0.018858 -0.995835 0.089203
vn -0.159043 -0.977503 -0.138540
vn 0.244141 -0.883315 -0.400186
vn 0.394092 -0.910341 -0.126376
vn 0.196659 -0.980433 -0.008760
vn 0.032836 -0.958301 -0.283868
vn -0.390536 0.856312 -0.337952
vn -0.463702 0.720323 -0.515864
vn -0.655385 0.638319 -0.403755
vn -0.537438 0.814346 -0.219090
vn -0.537438 0.814346 -0.219090
vn -0.655385 0.638319 -0.403755
vn -0.815724 0.521617 -0.250023
vn -0.796156 0.600533 -0.074141
vn 0.029318 0.956125 0.291488
vn -0.321568 0.919365 0.226633
vn -0.122281 0.914732 0.385113
vn -0.357301 -0.889305 0.285435
vn -0.014410 -0.828341 0.560039
vn -0.099051 -0.896896 0.431007
vn -0.360186 -0.773122 0.522063
vn -0.525447 -0.772412 0.356770
vn 0.032963 -0.239814 0.970259
vn -0.460877 0.298491 0.835760
vn -0.270586 -0.085689 0.958875
vn -0.909530 -0.163743 0.382025
vn -0.757445 0.076489 0.648403
vn -0.860475 0.014660 0.509281
vn -0.674805 -0.652782 0.344259
vn -0.357301 -0.889305 0.285435
vn -0.525447 -0.772412 0.356770
vn -0.322938 -0.624834 -0.710840
vn -0.197774 -0.743362 -0.638982
vn -0.197774 -0.743362 -0.638982
vn -0.332282 -0.759882 -0.558721
vn -0.430889 -0.617554 -0.657998
vn -0.241686 0.852708 -0.463116
vn -0.157971 0.839281 -0.520242
vn -0.159599 0.798074 -0.581039
vn -0.275174 0.757259 -0.592316
vn 0.359504 -0.858434 -0.365853
vn 0.441502 -0.816209 -0.372664
vn 0.554425 -0.792364 -0.254502
vn 0.288111 -0.941201 -0.176443
vn 0.296532 -0.890496 -0.345089
vn -0.900277 -0.356601 0.249673
vn -0.909530 -0.163743 0.382025
vn -0.860475 0.014660 0.509281
vn -0.969848 0.080312 0.230098
vn -0.943253 -0.310476 0.117809
vn -0.613409 0.127937 0.779334
vn -0.363611 0.016416 0.931406
vn -0.257049 0.177592 0.949941
vn -0.573658 0.306091 0.759753
vn -0.541631 0.838481 -0.059872
vn -0.537438 0.814346 -0.219090
vn -0.796156 0.600533 -0.074141
vn -0.725092 0.677896 0.121235
vn -0.664316 0.653412 0.362956
vn -0.541631 0.838481 -0.059872
vn -0.725092 0.677896 0.121235
vn -0.757445 0.076489 0.648403
vn -0.730613 0.167723 0.661871
vn -0.613409 0.127937 0.779334
vn -0.573658 0.306091 0.759753
vn -0.737294 0.344328 0.581236
vn -0.860475 0.014660 0.509281
vn -0.390536 0.856312 -0.337952
vn -0.241686 0.852708 -0.463116
vn -0.275174 0.757259 -0.592316
vn -0.463702 0.720323 -0.515864
vn 0.652116 -0.672665 -0.349667
vn 0.951761 -0.207977 0.225604
vn 0.858681 -0.512453 0.007659
vn 0.441502 -0.816209 -0.372664
vn 0.652116 -0.672665 -0.349667
vn 0.554425 -0.792364 -0.254502
vn 0.770476 0.113991 -0.627195
vn 0.477841 0.095006 -0.873294
vn 0.464314 0.232734 -0.854545
vn 0.782048 0.267211 -0.563027
vn 0.937458 0.256256 -0.235598
vn 0.770476 0.113991 -0.627195
vn 0.782048 0.267211 -0.563027
vn -0.703403 0.709287 0.046219
vn -0.447796 0.889244 0.093405
vn -0.329615 0.943408 0.036546
vn -0.451368 0.885197 -0.112666
vn 0.477841 0.095006 -0.873294
vn 0.073644 0.029803 -0.996839
vn 0.054964 0.159404 -0.985682
vn 0.464314 0.232734 -0.854545
vn 0.394322 -0.828869 -0.396845
vn 0.549376 -0.805993 -0.220368
vn 0.394092 -0.910341 -0.126376
vn 0.244141 -0.883315 -0.400186
vn -0.253054 -0.797754 0.547314
vn -0.552705 -0.636213 0.538284
vn -0.756510 -0.391209 0.524069
vn -0.805830 -0.405546 0.431476
vn -0.483424 -0.763300 0.428571
vn -0.659314 -0.751470 0.024433
vn -0.645087 -0.746990 0.160838
vn -0.645087 -0.746990 0.160838
vn -0.703973 -0.705232 0.084085
vn -0.756510 -0.391209 0.524069
vn -0.869507 -0.151486 0.470116
vn -0.923341 0.232533 0.305564
vn -0.805830 -0.405546 0.431476
vn -0.561173 0.822444 0.093115
vn -0.643555 0.760696 -0.084726
vn -0.427268 0.901430 0.069760
vn 0.355571 -0.162125 0.920481
vn 0.082062 -0.019497 0.996437
vn 0.197299 -0.150415 0.968736
vn 0.155570 -0.898952 -0.409491
vn 0.155570 -0.898952 -0.409491
vn 0.359504 -0.858434 -0.365853
vn 0.296532 -0.890496 -0.345089
vn -0.312788 -0.875546 0.368216
vn -0.144528 -0.950320 0.275687
vn -0.013841 -0.918898 0.394253
vn -0.312788 -0.875546 0.368216
vn -0.730473 0.625523 0.274100
vn -0.730473 0.625523 0.274100
vn -0.561173 0.822444 0.093115
vn -0.663129 0.742303 0.096162
vn -0.923341 0.232533 0.305564
vn 0.271633 -0.861096 0.429801
vn 0.702045 -0.638405 0.315549
vn 0.661021 -0.616636 0.427565
vn 0.561438 -0.801718 0.205026
vn 0.615443 -0.782607 -0.093575
vn 0.271633 -0.861096 0.429801
vn 0.561438 -0.801718 0.205026
vn 0.506157 -0.861968 0.028569
vn 0.549123 -0.801218 -0.237728
vn 0.615443 -0.782607 -0.093575
vn 0.506157 -0.861968 0.028569
vn 0.430669 -0.891625 -0.139746
vn 0.780436 0.434700 0.449396
vn 0.264358 0.858976 0.438491
vn 0.447093 0.648083 0.616520
vn -0.541631 0.838481 -0.059872
vn -0.390536 0.856312 -0.337952
vn -0.537438 0.814346 -0.219090
vn -0.222319 -0.733702 -0.642072
vn -0.466474 -0.193955 -0.863008
vn -0.273061 -0.169863 -0.946881
vn 0.013961 -0.724798 -0.688820
vn 0.271633 -0.861096 0.429801
vn -0.047327 -0.656551 0.752795
vn 0.114093 -0.827946 0.549079
vn 0.260880 -0.873580 0.410854
vn -0.102221 -0.773643 -0.625322
vn -0.414912 -0.737363 -0.533052
vn -0.497222 -0.204785 -0.843109
vn -0.135035 -0.302861 -0.943420
vn -0.135035 -0.302861 -0.943420
vn -0.497222 -0.204785 -0.843109
vn -0.399990 0.366118 -0.840218
vn -0.114261 0.258933 -0.959113
vn -0.414912 -0.737363 -0.533052
vn -0.739555 -0.599735 -0.305577
vn -0.821856 -0.082324 -0.563715
vn -0.497222 -0.204785 -0.843109
vn -0.497222 -0.204785 -0.843109
vn -0.821856 -0.082324 -0.563715
vn -0.642604 0.443353 -0.624899
vn -0.399990 0.366118 -0.840218
vn 0.181267 -0.940040 -0.288907
vn -0.007105 -0.973824 -0.227193
vn -0.102221 -0.773643 -0.625322
vn 0.234607 -0.769130 -0.594474
vn 0.234607 -0.769130 -0.594474
vn -0.102221 -0.773643 -0.625322
vn -0.135035 -0.302861 -0.943420
vn 0.267208 -0.359124 -0.894220
vn 0.267208 -0.359124 -0.894220
vn -0.135035 -0.302861 -0.943420
vn -0.114261 0.258933 -0.959113
vn 0.235712 0.169326 -0.956958
vn 0.235712 0.169326 -0.956958
vn -0.114261 0.258933 -0.959113
vn -0.037155 0.665771 -0.745231
vn 0.152447 0.587368 -0.794833
vn -0.114261 0.258933 -0.959113
vn -0.399990 0.366118 -0.840218
vn -0.239406 0.739668 -0.628949
vn -0.037155 0.665771 -0.745231
vn -0.399990 0.366118 -0.840218
vn -0.642604 0.443353 -0.624899
vn -0.393590 0.774368 -0.495421
vn -0.239406 0.739668 -0.628949
vn -0.642604 0.443353 -0.624899
vn -0.849771 0.504255 -0.153677
vn -0.550741 0.790099 -0.269124
vn -0.393590 0.774368 -0.495421
vn -0.821856 -0.082324 -0.563715
vn -0.980919 0.086036 -0.174347
vn -0.849771 0.504255 -0.153677
vn -0.642604 0.443353 -0.624899
vn -0.739555 -0.599735 -0.305577
vn -0.869368 -0.479903 -0.117864
vn -0.980919 0.086036 -0.174347
vn -0.821856 -0.082324 -0.563715
vn -0.489015 -0.872057 0.019548
vn -0.616208 -0.773959 0.145861
vn -0.869368 -0.479903 -0.117864
vn -0.739555 -0.599735 -0.305577
vn -0.220679 -0.966868 -0.128325
vn -0.489015 -0.872057 0.019548
vn -0.739555 -0.599735 -0.305577
vn -0.414912 -0.737363 -0.533052
vn -0.007105 -0.973824 -0.227193
vn -0.220679 -0.966868 -0.128325
vn -0.414912 -0.737363 -0.533052
vn -0.102221 -0.773643 -0.625322
vn -0.863533 -0.020909 0.503858
vn -0.863533 -0.020909 0.503858
vn -0.863533 -0.020910 0.503858
vn -0.863533 -0.020910 0.503858
vn -0.863533 -0.020910 0.503858
vn -0.863533 -0.020910 0.503858
vn -0.863533 -0.020910 0.503858
vn -0.863533 -0.020910 0.503858
vn -0.980919 0.086036 -0.174347
vn -0.926137 0.239513 0.291383
vn -0.715719 0.697288 0.039200
vn -0.849771 0.504255 -0.153677
vn -0.849771 0.504255 -0.153677
vn -0.715719 0.697288 0.039200
vn -0.403384 0.874753 -0.268495
vn -0.550741 0.790099 -0.269124
vn 0.596976 -0.470829 0.649569
vn 0.751472 -0.136996 0.645385
vn 0.632132 -0.155429 0.759112
vn 0.440201 -0.430409 0.788018
vn -0.047327 -0.656551 0.752795
vn 0.069522 -0.630959 0.772695
vn 0.193777 -0.481345 0.854844
vn 0.114093 -0.827946 0.549079
vn 0.751472 -0.136996 0.645385
vn 0.796759 -0.295251 0.527258
vn 0.846967 -0.047678 0.529503
vn 0.827475 -0.001448 0.561501
vn 0.596976 -0.470829 0.649569
vn 0.652562 -0.634809 0.413739
vn 0.796759 -0.295251 0.527258
vn 0.751472 -0.136996 0.645385
vn 0.417082 -0.737789 0.530764
vn 0.548701 -0.768848 0.328329
vn 0.652562 -0.634809 0.413739
vn 0.596976 -0.470829 0.649569
vn 0.266040 -0.684434 0.678803
vn 0.417082 -0.737789 0.530764
vn 0.596976 -0.470829 0.649569
vn 0.440201 -0.430409 0.788018
vn 0.069522 -0.630959 0.772695
vn 0.266040 -0.684434 0.678803
vn 0.440201 -0.430409 0.788018
vn 0.193777 -0.481345 0.854844
vn 0.638052 -0.736144 -0.225792
vn 0.496184 -0.757413 -0.424413
vn 0.601378 -0.360087 -0.713220
vn 0.786083 -0.366998 -0.497379
vn 0.786083 -0.366998 -0.497379
vn 0.601378 -0.360087 -0.713220
vn 0.542474 0.185487 -0.819339
vn 0.711215 0.272113 -0.648172
vn 0.548701 -0.768848 0.328329
vn 0.488334 -0.852384 0.187004
vn 0.629425 -0.776385 0.032402
vn 0.632279 -0.749224 0.197196
vn 0.652562 -0.634809 0.413739
vn 0.711215 0.272113 -0.648172
vn 0.542474 0.185487 -0.819339
vn 0.272011 0.661420 -0.698952
vn 0.382721 0.767628 -0.514074
vn 0.542474 0.185487 -0.819339
vn 0.235712 0.169326 -0.956958
vn 0.152447 0.587368 -0.794833
vn 0.272011 0.661420 -0.698952
vn 0.601378 -0.360087 -0.713220
vn 0.267208 -0.359124 -0.894220
vn 0.235712 0.169326 -0.956958
vn 0.542474 0.185487 -0.819339
vn 0.496184 -0.757413 -0.424413
vn 0.234607 -0.769130 -0.594474
vn 0.267208 -0.359124 -0.894220
vn 0.601378 -0.360087 -0.713220
vn 0.306430 -0.941502 -0.140265
vn 0.181267 -0.940040 -0.288907
vn 0.234607 -0.769130 -0.594474
vn 0.496184 -0.757413 -0.424413
vn 0.406329 -0.913503 0.020240
vn 0.306430 -0.941502 -0.140265
vn 0.496184 -0.757413 -0.424413
vn 0.638052 -0.736144 -0.225792
vn 0.488334 -0.852384 0.187004
vn 0.406329 -0.913503 0.020240
vn 0.638052 -0.736144 -0.225792
vn 0.629425 -0.776385 0.032402
vn -0.301029 -0.909343 0.287188
vn -0.068851 -0.986862 0.146160
vn 0.028117 -0.949780 0.311652
vn -0.192726 -0.878891 0.436356
vn -0.192726 -0.878891 0.436356
vn 0.028117 -0.949780 0.311652
vn 0.119274 -0.879766 0.460202
vn -0.068514 -0.816972 0.572592
vn -0.068851 -0.986862 0.146160
vn 0.104320 -0.993766 0.039338
vn 0.194701 -0.961623 0.193319
vn 0.028117 -0.949780 0.311652
vn 0.028117 -0.949780 0.311652
vn 0.194701 -0.961623 0.193319
vn 0.277068 -0.899540 0.337728
vn 0.119274 -0.879766 0.460202
vn -0.616208 -0.773959 0.145861
vn -0.489015 -0.872057 0.019548
vn -0.301029 -0.909343 0.287188
vn -0.447764 -0.825357 0.343939
vn -0.068514 -0.816972 0.572592
vn 0.119274 -0.879766 0.460202
vn 0.266040 -0.684434 0.678803
vn 0.069522 -0.630959 0.772695
vn 0.119274 -0.879766 0.460202
vn 0.277068 -0.899540 0.337728
vn 0.417082 -0.737789 0.530764
vn 0.266040 -0.684434 0.678803
vn 0.277068 -0.899540 0.337728
vn 0.488334 -0.852384 0.187004
vn 0.548701 -0.768848 0.328329
vn 0.417082 -0.737789 0.530764
vn 0.194701 -0.961623 0.193319
vn 0.406329 -0.913503 0.020240
vn 0.488334 -0.852384 0.187004
vn 0.277068 -0.899540 0.337728
vn 0.104320 -0.993766 0.039338
vn 0.306430 -0.941502 -0.140265
vn 0.406329 -0.913503 0.020240
vn 0.194701 -0.961623 0.193319
vn -0.007105 -0.973824 -0.227193
vn 0.181267 -0.940040 -0.288907
vn 0.306430 -0.941502 -0.140265
vn 0.104320 -0.993766 0.039338
vn -0.220679 -0.966868 -0.128325
vn -0.007105 -0.973824 -0.227193
vn 0.104320 -0.993766 0.039338
vn -0.068851 -0.986862 0.146160
vn -0.489015 -0.872057 0.019548
vn -0.220679 -0.966868 -0.128325
vn -0.068851 -0.986862 0.146160
vn -0.301029 -0.909343 0.287188
vn -0.403384 0.874753 -0.268495
vn -0.393590 0.774368 -0.495421
vn -0.550741 0.790099 -0.269124
vn -0.403384 0.874753 -0.268495
vn -0.039266 0.854406 -0.518120
vn -0.239406 0.739668 -0.628949
vn -0.393590 0.774368 -0.495421
vn -0.039266 0.854406 -0.518120
vn -0.037155 0.665771 -0.745231
vn -0.239406 0.739668 -0.628949
vn -0.039266 0.854406 -0.518120
vn 0.272011 0.661420 -0.698952
vn 0.152447 0.587368 -0.794833
vn -0.037155 0.665771 -0.745231
vn 0.153212 0.884204 -0.441259
vn 0.382721 0.767628 -0.514074
vn 0.272011 0.661420 -0.698952
vn -0.039266 0.854406 -0.518120
vn 0.238103 0.917542 -0.318472
vn 0.327077 0.843953 -0.425164
vn 0.382721 0.767628 -0.514074
vn 0.153212 0.884204 -0.441259
vn -0.652803 0.233035 0.720793
vn -0.575049 0.444201 0.687026
vn -0.790464 0.499399 0.354636
vn -0.886105 0.224874 0.405278
vn -0.886105 0.224874 0.405278
vn -0.790464 0.499399 0.354636
vn -0.885978 0.461852 -0.041671
vn -0.980182 0.197756 -0.011706
vn -0.980182 0.197756 -0.011706
vn -0.885978 0.461852 -0.041671
vn -0.814059 0.372415 -0.445664
vn -0.890502 0.136510 -0.434018
vn -0.885978 0.461852 -0.041671
vn -0.669124 0.729998 -0.139200
vn -0.689588 0.578943 -0.435078
vn -0.814059 0.372415 -0.445664
vn -0.790464 0.499399 0.354636
vn -0.554834 0.798939 0.232070
vn -0.669124 0.729998 -0.139200
vn -0.885978 0.461852 -0.041671
vn -0.575049 0.444201 0.687026
vn -0.358634 0.739661 0.569458
vn -0.554834 0.798939 0.232070
vn -0.790464 0.499399 0.354636
vn -0.228365 0.347501 0.909446
vn -0.153167 0.595324 0.788752
vn -0.358634 0.739661 0.569458
vn -0.575049 0.444201 0.687026
vn -0.236594 0.192513 0.952346
vn -0.228365 0.347501 0.909446
vn -0.575049 0.444201 0.687026
vn -0.652803 0.233035 0.720793
vn -0.000815 0.888622 0.458639
vn 0.358746 0.872193 0.332536
vn 0.196290 0.975558 -0.098777
vn -0.188650 0.979580 0.069533
vn -0.188650 0.979580 0.069533
vn 0.196290 0.975558 -0.098777
vn -0.009991 0.861277 -0.508038
vn -0.346640 0.878068 -0.329905
vn 0.358746 0.872193 0.332536
vn 0.669460 0.723612 0.167957
vn 0.547044 0.798948 -0.249849
vn 0.196290 0.975558 -0.098777
vn 0.196290 0.975558 -0.098777
vn 0.547044 0.798948 -0.249849
vn 0.323404 0.713612 -0.621424
vn -0.009991 0.861277 -0.508038
vn -0.153167 0.595324 0.788752
vn 0.134877 0.626590 0.767589
vn -0.000815 0.888622 0.458639
vn -0.358634 0.739661 0.569458
vn -0.358634 0.739661 0.569458
vn -0.000815 0.888622 0.458639
vn -0.188650 0.979580 0.069533
vn -0.554834 0.798939 0.232070
vn -0.554834 0.798939 0.232070
vn -0.188650 0.979580 0.069533
vn -0.346640 0.878068 -0.329905
vn -0.669124 0.729998 -0.139200
vn -0.669124 0.729998 -0.139200
vn -0.346640 0.878068 -0.329905
vn -0.479381 0.608057 -0.632819
vn -0.689588 0.578943 -0.435078
vn -0.346640 0.878068 -0.329905
vn -0.009991 0.861277 -0.508038
vn -0.206299 0.570544 -0.794934
vn -0.479381 0.608057 -0.632819
vn -0.009991 0.861277 -0.508038
vn 0.323404 0.713612 -0.621424
vn 0.085521 0.469038 -0.879027
vn -0.206299 0.570544 -0.794934
vn 0.323404 0.713612 -0.621424
vn 0.592608 0.419267 -0.687772
vn 0.338777 0.325459 -0.882783
vn 0.085521 0.469038 -0.879027
vn 0.547044 0.798948 -0.249849
vn 0.809963 0.462699 -0.360374
vn 0.592608 0.419267 -0.687772
vn 0.323404 0.713612 -0.621424
vn 0.669460 0.723612 0.167957
vn 0.903412 0.428209 0.022007
vn 0.809963 0.462699 -0.360374
vn 0.547044 0.798948 -0.249849
vn 0.700044 0.486937 0.522332
vn 0.875527 0.341084 0.342220
vn 0.903412 0.428209 0.022007
vn 0.669460 0.723612 0.167957
vn 0.439669 0.589652 0.677497
vn 0.700044 0.486937 0.522332
vn 0.669460 0.723612 0.167957
vn 0.358746 0.872193 0.332536
vn 0.134877 0.626590 0.767589
vn 0.439669 0.589652 0.677497
vn 0.358746 0.872193 0.332536
vn -0.000815 0.888622 0.458639
vn 0.999226 0.037168 0.012914
vn 0.986455 0.153349 -0.058236
vn 0.904076 -0.240732 -0.353123
vn 0.923990 0.069126 -0.376116
vn 0.923990 0.069126 -0.376116
vn 0.904076 -0.240732 -0.353123
vn 0.654428 -0.233459 -0.719181
vn 0.685403 0.073678 -0.724427
vn 0.986455 0.153349 -0.058236
vn 0.817669 -0.410149 -0.403974
vn 0.904076 -0.240732 -0.353123
vn 0.904076 -0.240732 -0.353123
vn 0.817669 -0.410149 -0.403974
vn 0.579884 -0.385641 -0.717646
vn 0.654428 -0.233459 -0.719181
vn 0.875527 0.341084 0.342220
vn 0.913710 0.053069 0.402887
vn 0.999226 0.037168 0.012914
vn 0.903412 0.428209 0.022007
vn 0.903412 0.428209 0.022007
vn 0.999226 0.037168 0.012914
vn 0.923990 0.069126 -0.376116
vn 0.809963 0.462699 -0.360374
vn 0.809963 0.462699 -0.360374
vn 0.923990 0.069126 -0.376116
vn 0.685403 0.073678 -0.724427
vn 0.592608 0.419267 -0.687772
vn 0.592608 0.419267 -0.687772
vn 0.685403 0.073678 -0.724427
vn 0.324888 0.091041 -0.941361
vn 0.338777 0.325459 -0.882783
vn 0.685403 0.073678 -0.724427
vn 0.654428 -0.233459 -0.719181
vn 0.307447 -0.164387 -0.937259
vn 0.324888 0.091041 -0.941361
vn 0.654428 -0.233459 -0.719181
vn 0.579884 -0.385641 -0.717646
vn 0.308736 -0.303635 -0.901381
vn 0.307447 -0.164387 -0.937259
vn 0.913710 0.053069 0.402887
vn 0.901124 0.308304 0.304836
vn 0.986455 0.153349 -0.058236
vn 0.999226 0.037168 0.012914
vn 0.132390 0.111375 0.984921
vn 0.404007 0.055374 0.913079
vn 0.435037 0.235749 0.869003
vn 0.142892 0.282932 0.948436
vn 0.404007 0.055374 0.913079
vn 0.673447 -0.023719 0.738855
vn 0.691200 0.147506 0.707449
vn 0.435037 0.235749 0.869003
vn -0.236594 0.192513 0.952346
vn 0.132390 0.111375 0.984921
vn 0.142892 0.282932 0.948436
vn -0.228365 0.347501 0.909446
vn -0.228365 0.347501 0.909446
vn 0.142892 0.282932 0.948436
vn 0.134877 0.626590 0.767589
vn -0.153167 0.595324 0.788752
vn 0.142892 0.282932 0.948436
vn 0.435037 0.235749 0.869003
vn 0.439669 0.589652 0.677497
vn 0.134877 0.626590 0.767589
vn 0.435037 0.235749 0.869003
vn 0.691200 0.147506 0.707449
vn 0.700044 0.486937 0.522332
vn 0.439669 0.589652 0.677497
vn 0.691200 0.147506 0.707449
vn 0.913710 0.053069 0.402887
vn 0.875527 0.341084 0.342220
vn 0.700044 0.486937 0.522332
vn 0.673447 -0.023719 0.738855
vn 0.901124 0.308304 0.304836
vn 0.913710 0.053069 0.402887
vn 0.691200 0.147506 0.707449
vn -0.591431 0.302803 -0.747342
vn -0.334935 0.248511 -0.908879
vn -0.424440 0.007980 -0.905421
vn -0.661598 0.050063 -0.748186
vn -0.661598 0.050063 -0.748186
vn -0.424440 0.007980 -0.905421
vn -0.456049 -0.088091 -0.885584
vn -0.699597 -0.070834 -0.711018
vn -0.334935 0.248511 -0.908879
vn -0.047027 0.168343 -0.984606
vn -0.085403 -0.058927 -0.994602
vn -0.424440 0.007980 -0.905421
vn -0.424440 0.007980 -0.905421
vn -0.085403 -0.058927 -0.994602
vn -0.113266 -0.151999 -0.981869
vn -0.456049 -0.088091 -0.885584
vn -0.689588 0.578943 -0.435078
vn -0.479381 0.608057 -0.632819
vn -0.591431 0.302803 -0.747342
vn -0.814059 0.372415 -0.445664
vn -0.814059 0.372415 -0.445664
vn -0.591431 0.302803 -0.747342
vn -0.661598 0.050063 -0.748186
vn -0.890502 0.136510 -0.434018
vn -0.890502 0.136510 -0.434018
vn -0.661598 0.050063 -0.748186
vn -0.699597 -0.070834 -0.711018
vn -0.904709 0.006113 -0.425986
vn -0.085403 -0.058927 -0.994602
vn 0.307447 -0.164387 -0.937259
vn 0.308736 -0.303635 -0.901381
vn -0.113266 -0.151999 -0.981869
vn -0.047027 0.168343 -0.984606
vn 0.324888 0.091041 -0.941361
vn 0.307447 -0.164387 -0.937259
vn -0.085403 -0.058927 -0.994602
vn 0.085521 0.469038 -0.879027
vn 0.338777 0.325459 -0.882783
vn 0.324888 0.091041 -0.941361
vn -0.047027 0.168343 -0.984606
vn -0.206299 0.570544 -0.794934
vn 0.085521 0.469038 -0.879027
vn -0.047027 0.168343 -0.984606
vn -0.334935 0.248511 -0.908879
vn -0.479381 0.608057 -0.632819
vn -0.206299 0.570544 -0.794934
vn -0.334935 0.248511 -0.908879
vn -0.591431 0.302803 -0.747342
vn -0.135031 -0.167113 -0.976647
vn -0.330094 -0.298741 -0.895428
vn -0.353483 0.188147 -0.916325
vn -0.112003 0.280840 -0.953197
vn -0.112003 0.280840 -0.953197
vn -0.353483 0.188147 -0.916325
vn 0.069682 0.589306 -0.804899
vn 0.186363 -0.510348 -0.839532
vn -0.076993 -0.575638 -0.814072
vn -0.135031 -0.167113 -0.976647
vn 0.277801 -0.180293 -0.943568
vn 0.277801 -0.180293 -0.943568
vn -0.135031 -0.167113 -0.976647
vn -0.112003 0.280840 -0.953197
vn 0.339875 0.214690 -0.915638
vn 0.339875 0.214690 -0.915638
vn -0.112003 0.280840 -0.953197
vn 0.069682 0.589306 -0.804899
vn 0.345981 0.570394 -0.744948
vn 0.345981 0.570394 -0.744948
vn 0.069682 0.589306 -0.804899
vn 0.203916 0.848039 -0.489130
vn 0.321942 0.800068 -0.506207
vn -0.338555 -0.615319 -0.711874
vn -0.437320 -0.627604 -0.644100
vn -0.330094 -0.298741 -0.895428
vn -0.076993 -0.575638 -0.814072
vn -0.338555 -0.615319 -0.711874
vn -0.330094 -0.298741 -0.895428
vn -0.135031 -0.167113 -0.976647
vn -0.465286 -0.817056 0.340482
vn -0.327577 -0.797638 0.506425
vn -0.396769 -0.542853 0.740193
vn -0.600423 -0.702995 0.381169
vn 0.030907 -0.655514 0.754550
vn 0.384553 -0.687580 0.615916
vn 0.488505 -0.278051 0.827074
vn 0.075261 -0.242791 0.967155
vn 0.075261 -0.242791 0.967155
vn 0.488505 -0.278051 0.827074
vn 0.464947 0.211843 0.859620
vn 0.096205 0.206451 0.973716
vn 0.384553 -0.687580 0.615916
vn 0.678856 -0.628173 0.380201
vn 0.801391 -0.238471 0.548546
vn 0.488505 -0.278051 0.827074
vn 0.488505 -0.278051 0.827074
vn 0.801391 -0.238471 0.548546
vn 0.771977 0.199091 0.603667
vn 0.464947 0.211843 0.859620
vn -0.327577 -0.797638 0.506425
vn -0.077732 -0.904785 0.418715
vn 0.030907 -0.655514 0.754550
vn -0.396769 -0.542853 0.740193
vn -0.396769 -0.542853 0.740193
vn 0.030907 -0.655514 0.754550
vn 0.075261 -0.242791 0.967155
vn -0.263846 -0.237412 0.934891
vn -0.263846 -0.237412 0.934891
vn 0.075261 -0.242791 0.967155
vn 0.096205 0.206451 0.973716
vn -0.008127 0.415605 0.909509
vn 0.096205 0.206451 0.973716
vn 0.464947 0.211843 0.859620
vn 0.293396 0.644361 0.706200
vn -0.008127 0.415605 0.909509
vn 0.464947 0.211843 0.859620
vn 0.771977 0.199091 0.603667
vn 0.614084 0.604176 0.507811
vn 0.293396 0.644361 0.706200
vn 0.771977 0.199091 0.603667
vn 0.942799 0.232707 0.238698
vn 0.800503 0.532101 0.275795
vn 0.614084 0.604176 0.507811
vn 0.801391 -0.238471 0.548546
vn 0.976450 -0.151853 0.153252
vn 0.942799 0.232707 0.238698
vn 0.771977 0.199091 0.603667
vn 0.678856 -0.628173 0.380201
vn 0.858760 -0.510977 0.037861
vn 0.976450 -0.151853 0.153252
vn 0.801391 -0.238471 0.548546
vn 0.456122 -0.883452 0.107073
vn 0.659205 -0.748438 -0.072735
vn 0.858760 -0.510977 0.037861
vn 0.678856 -0.628173 0.380201
vn 0.204014 -0.939875 0.273885
vn 0.456122 -0.883452 0.107073
vn 0.678856 -0.628173 0.380201
vn 0.384553 -0.687580 0.615916
vn -0.077732 -0.904785 0.418715
vn 0.204014 -0.939875 0.273885
vn 0.384553 -0.687580 0.615916
vn 0.030907 -0.655514 0.754550
vn 0.855919 -0.415015 -0.308488
vn 0.749035 -0.349180 -0.563045
vn 0.864842 0.036857 -0.500690
vn 0.973051 -0.049578 -0.225198
vn 0.973051 -0.049578 -0.225198
vn 0.864842 0.036857 -0.500690
vn 0.835711 0.419213 -0.354750
vn 0.938708 0.327246 -0.108336
vn 0.749035 -0.349180 -0.563045
vn 0.580924 -0.262863 -0.770344
vn 0.674696 0.119701 -0.728325
vn 0.864842 0.036857 -0.500690
vn 0.864842 0.036857 -0.500690
vn 0.674696 0.119701 -0.728325
vn 0.664913 0.482316 -0.570318
vn 0.835711 0.419213 -0.354750
vn 0.659205 -0.748438 -0.072735
vn 0.596548 -0.745244 -0.297896
vn 0.855919 -0.415015 -0.308488
vn 0.858760 -0.510977 0.037861
vn 0.858760 -0.510977 0.037861
vn 0.855919 -0.415015 -0.308488
vn 0.973051 -0.049578 -0.225198
vn 0.976450 -0.151853 0.153252
vn 0.976450 -0.151853 0.153252
vn 0.973051 -0.049578 -0.225198
vn 0.938708 0.327246 -0.108336
vn 0.942799 0.232707 0.238698
vn 0.942799 0.232707 0.238698
vn 0.938708 0.327246 -0.108336
vn 0.750500 0.656668 0.074403
vn 0.800503 0.532101 0.275795
vn 0.938708 0.327246 -0.108336
vn 0.835711 0.419213 -0.354750
vn 0.645107 0.752050 -0.135119
vn 0.750500 0.656668 0.074403
vn 0.835711 0.419213 -0.354750
vn 0.664913 0.482316 -0.570318
vn 0.501157 0.800895 -0.327733
vn 0.645107 0.752050 -0.135119
vn 0.664913 0.482316 -0.570318
vn 0.345981 0.570394 -0.744948
vn 0.321942 0.800068 -0.506207
vn 0.501157 0.800895 -0.327733
vn 0.674696 0.119701 -0.728325
vn 0.339875 0.214690 -0.915638
vn 0.345981 0.570394 -0.744948
vn 0.664913 0.482316 -0.570318
vn 0.580924 -0.262863 -0.770344
vn 0.277801 -0.180293 -0.943568
vn 0.339875 0.214690 -0.915638
vn 0.674696 0.119701 -0.728325
vn 0.331205 -0.625999 -0.705995
vn 0.186363 -0.510348 -0.839532
vn 0.277801 -0.180293 -0.943568
vn 0.580924 -0.262863 -0.770344
vn 0.588637 -0.578388 -0.564777
vn 0.331205 -0.625999 -0.705995
vn 0.580924 -0.262863 -0.770344
vn 0.749035 -0.349180 -0.563045
vn 0.596548 -0.745244 -0.297896
vn 0.654733 -0.620588 -0.431504
vn 0.588637 -0.578388 -0.564777
vn 0.749035 -0.349180 -0.563045
vn 0.855919 -0.415015 -0.308488
vn -0.413846 -0.907697 0.069405
vn -0.180337 -0.980638 -0.076346
vn 0.036970 -0.998193 0.047381
vn -0.261122 -0.954501 0.144026
vn -0.465286 -0.817056 0.340482
vn -0.261122 -0.954501 0.144026
vn -0.077732 -0.904785 0.418715
vn -0.327577 -0.797638 0.506425
vn -0.261122 -0.954501 0.144026
vn 0.036970 -0.998193 0.047381
vn 0.204014 -0.939875 0.273885
vn -0.077732 -0.904785 0.418715
vn 0.036970 -0.998193 0.047381
vn 0.351640 -0.858658 0.372902
vn 0.524339 -0.815295 0.245688
vn 0.456122 -0.883452 0.107073
vn 0.204014 -0.939875 0.273885
vn -0.020037 -0.756352 -0.653858
vn 0.331205 -0.625999 -0.705995
vn 0.588637 -0.578388 -0.564777
vn 0.189774 -0.796313 -0.574345
vn -0.076993 -0.575638 -0.814072
vn 0.186363 -0.510348 -0.839532
vn 0.331205 -0.625999 -0.705995
vn -0.020037 -0.756352 -0.653858
vn -0.338555 -0.615319 -0.711874
vn -0.076993 -0.575638 -0.814072
vn -0.020037 -0.756352 -0.653858
vn -0.295478 -0.758990 -0.580195
vn 0.220652 0.857918 0.463993
vn 0.460651 0.832718 0.307216
vn 0.362176 0.926464 0.102440
vn 0.204716 0.960373 0.189145
vn 0.322025 0.934950 -0.148893
vn 0.501157 0.800895 -0.327733
vn 0.321942 0.800068 -0.506207
vn 0.203916 0.848039 -0.489130
vn 0.362176 0.926464 0.102440
vn 0.645107 0.752050 -0.135119
vn 0.501157 0.800895 -0.327733
vn 0.322025 0.934950 -0.148893
vn 0.460651 0.832718 0.307216
vn 0.750500 0.656668 0.074403
vn 0.645107 0.752050 -0.135119
vn 0.362176 0.926464 0.102440
vn 0.614084 0.604176 0.507811
vn 0.800503 0.532101 0.275795
vn 0.750500 0.656668 0.074403
vn 0.460651 0.832718 0.307216
vn 0.293396 0.644361 0.706200
vn 0.614084 0.604176 0.507811
vn 0.460651 0.832718 0.307216
vn 0.220652 0.857918 0.463993
vn -0.121549 -0.171994 -0.977571
vn -0.490814 -0.194593 -0.849256
vn -0.489233 0.277075 -0.826971
vn -0.086591 0.267363 -0.959697
vn -0.086591 0.267363 -0.959697
vn -0.489233 0.277075 -0.826971
vn -0.378586 0.686923 -0.620330
vn -0.015235 0.660415 -0.750746
vn 0.194560 -0.488797 -0.850426
vn -0.082642 -0.566448 -0.819943
vn -0.121549 -0.171994 -0.977571
vn 0.277801 -0.180292 -0.943568
vn 0.277801 -0.180292 -0.943568
vn -0.121549 -0.171994 -0.977571
vn -0.086591 0.267363 -0.959697
vn 0.343365 0.207770 -0.915932
vn 0.343365 0.207770 -0.915932
vn -0.086591 0.267363 -0.959697
vn -0.015235 0.660415 -0.750746
vn 0.353126 0.566632 -0.744466
vn 0.353126 0.566632 -0.744466
vn -0.015235 0.660415 -0.750746
vn 0.091785 0.898349 -0.429587
vn 0.360243 0.735043 -0.574402
vn -0.015235 0.660415 -0.750746
vn -0.378586 0.686923 -0.620330
vn -0.191673 0.937766 -0.289580
vn 0.091785 0.898349 -0.429587
vn -0.082642 -0.566448 -0.819943
vn -0.389425 -0.607154 -0.692612
vn -0.490814 -0.194593 -0.849256
vn -0.121549 -0.171994 -0.977571
vn 0.375393 -0.693817 0.614572
vn 0.615535 -0.640175 0.459666
vn 0.810703 -0.234811 0.536306
vn 0.488168 -0.285285 0.824806
vn 0.488168 -0.285285 0.824806
vn 0.810703 -0.234811 0.536306
vn 0.789328 0.180719 0.586772
vn 0.491023 0.192817 0.849540
vn 0.491023 0.192817 0.849540
vn 0.789328 0.180719 0.586772
vn 0.633417 0.589188 0.501638
vn 0.389851 0.606098 0.693297
vn 0.789328 0.180719 0.586772
vn 0.946530 0.206736 0.247673
vn 0.800503 0.532101 0.275795
vn 0.633417 0.589188 0.501638
vn 0.810703 -0.234811 0.536306
vn 0.921680 -0.203996 0.329988
vn 0.988585 0.049158 0.142422
vn 0.946530 0.206736 0.247673
vn 0.789328 0.180719 0.586772
vn 0.615535 -0.640175 0.459666
vn 0.921680 -0.203996 0.329988
vn 0.810703 -0.234811 0.536306
vn 0.197374 -0.933448 0.299530
vn 0.383063 -0.909287 0.162666
vn 0.615535 -0.640175 0.459666
vn 0.375393 -0.693817 0.614572
vn 0.865466 0.056454 -0.497777
vn 0.673895 0.120115 -0.728998
vn 0.658032 0.424452 -0.621961
vn 0.855647 0.382901 -0.348218
vn 0.946530 0.206736 0.247673
vn 0.931965 0.342549 -0.118753
vn 0.750500 0.656669 0.074403
vn 0.800503 0.532101 0.275795
vn 0.931965 0.342549 -0.118753
vn 0.855647 0.382901 -0.348218
vn 0.753715 0.657201 -0.000932
vn 0.750500 0.656669 0.074403
vn 0.855647 0.382901 -0.348218
vn 0.658032 0.424452 -0.621961
vn 0.659713 0.519184 -0.543348
vn 0.783575 0.470500 -0.405758
vn 0.658032 0.424452 -0.621961
vn 0.353126 0.566632 -0.744466
vn 0.360243 0.735043 -0.574402
vn 0.516937 0.629342 -0.580263
vn 0.673895 0.120115 -0.728998
vn 0.343365 0.207770 -0.915932
vn 0.353126 0.566632 -0.744466
vn 0.658032 0.424452 -0.621961
vn 0.577226 -0.273658 -0.769364
vn 0.277801 -0.180292 -0.943568
vn 0.343365 0.207770 -0.915932
vn 0.673895 0.120115 -0.728998
vn 0.367815 -0.594907 -0.714701
vn 0.194560 -0.488797 -0.850426
vn 0.277801 -0.180292 -0.943568
vn 0.577226 -0.273658 -0.769364
vn 0.444557 -0.677420 -0.586064
vn 0.367815 -0.594907 -0.714701
vn 0.577226 -0.273658 -0.769364
vn 0.672522 -0.318516 -0.668029
vn 0.550139 -0.531584 -0.644023
vn -0.260748 -0.836700 -0.481605
vn 0.048444 -0.781841 -0.621593
vn 0.168041 -0.808478 -0.564026
vn -0.086147 -0.883563 -0.460322
vn -0.208263 -0.895169 -0.394079
vn 0.260880 -0.873580 0.410854
vn 0.114093 -0.827946 0.549079
vn 0.225203 -0.972517 0.059107
vn 0.345239 -0.938461 -0.010084
vn 0.383063 -0.909287 0.162666
vn 0.197374 -0.933448 0.299530
vn 0.048444 -0.781841 -0.621593
vn 0.367815 -0.594907 -0.714701
vn 0.444557 -0.677420 -0.586064
vn 0.372374 -0.726488 -0.577540
vn 0.168041 -0.808478 -0.564026
vn -0.082642 -0.566448 -0.819943
vn 0.194560 -0.488797 -0.850426
vn 0.367815 -0.594907 -0.714701
vn 0.048444 -0.781841 -0.621593
vn -0.389425 -0.607154 -0.692612
vn -0.082642 -0.566448 -0.819943
vn 0.048444 -0.781841 -0.621593
vn -0.260748 -0.836700 -0.481605
vn 0.248818 0.851387 0.461768
vn 0.489215 0.821777 0.292151
vn 0.411052 0.881761 0.231373
vn 0.148192 0.943988 0.294833
vn -0.052962 0.997712 -0.042027
vn -0.016922 0.996913 0.076663
vn 0.019121 0.968048 -0.250035
vn -0.191673 0.937766 -0.289580
vn 0.051271 0.983341 -0.174389
vn 0.053144 0.983407 -0.173456
vn 0.753715 0.657201 -0.000932
vn 0.986455 0.153349 -0.058236
vn 0.901124 0.308304 0.304836
vn 0.489215 0.821777 0.292151
vn 0.750500 0.656669 0.074403
vn 0.753715 0.657201 -0.000932
vn 0.411052 0.881761 0.231373
vn 0.633417 0.589188 0.501638
vn 0.800503 0.532101 0.275795
vn 0.750500 0.656669 0.074403
vn 0.489215 0.821777 0.292151
vn 0.389851 0.606098 0.693297
vn 0.633417 0.589188 0.501638
vn 0.489215 0.821777 0.292151
vn 0.248818 0.851387 0.461768
vn -0.102221 -0.773643 -0.625321
vn -0.422988 -0.738561 -0.524984
vn -0.514765 -0.195124 -0.834831
vn -0.135036 -0.302861 -0.943420
vn -0.135036 -0.302861 -0.943420
vn -0.514765 -0.195124 -0.834831
vn -0.416598 0.366970 -0.831733
vn -0.114260 0.258933 -0.959113
vn -0.514765 -0.195124 -0.834831
vn -0.683661 -0.179806 -0.707303
vn -0.566947 0.493400 -0.659642
vn -0.416598 0.366970 -0.831733
vn 0.181267 -0.940040 -0.288906
vn -0.007105 -0.973824 -0.227193
vn -0.102221 -0.773643 -0.625321
vn 0.234607 -0.769131 -0.594472
vn 0.234607 -0.769131 -0.594472
vn -0.102221 -0.773643 -0.625321
vn -0.135036 -0.302861 -0.943420
vn 0.267209 -0.359125 -0.894220
vn 0.267209 -0.359125 -0.894220
vn -0.135036 -0.302861 -0.943420
vn -0.114260 0.258933 -0.959113
vn 0.235710 0.169329 -0.956958
vn 0.235710 0.169329 -0.956958
vn -0.114260 0.258933 -0.959113
vn -0.052354 0.652921 -0.755614
vn 0.164426 0.545349 -0.821924
vn -0.114260 0.258933 -0.959113
vn -0.416598 0.366970 -0.831733
vn -0.247062 0.725569 -0.642270
vn -0.052354 0.652921 -0.755614
vn -0.416598 0.366970 -0.831733
vn -0.566947 0.493400 -0.659642
vn -0.407563 0.754052 -0.515070
vn -0.247062 0.725569 -0.642270
vn -0.566947 0.493400 -0.659642
vn -0.456015 0.790896 -0.408086
vn -0.407563 0.754052 -0.515070
vn -0.436307 -0.899792 -0.003156
vn -0.509162 -0.850747 0.130323
vn -0.580093 -0.739183 -0.342199
vn -0.228548 -0.964630 -0.131355
vn -0.436307 -0.899792 -0.003156
vn -0.580093 -0.739183 -0.342199
vn -0.422988 -0.738561 -0.524984
vn -0.007105 -0.973824 -0.227193
vn -0.228548 -0.964630 -0.131355
vn -0.422988 -0.738561 -0.524984
vn -0.102221 -0.773643 -0.625321
vn -0.680799 -0.235321 0.693640
vn -0.585195 -0.293537 0.755899
vn -0.723463 0.148389 0.674227
vn -0.355120 -0.570985 0.740180
vn -0.210184 -0.645849 0.733963
vn -0.585195 -0.293537 0.755899
vn -0.469567 -0.669680 0.575357
vn -0.355120 -0.570985 0.740180
vn -0.585195 -0.293537 0.755899
vn -0.680799 -0.235321 0.693640
vn -0.432609 -0.829772 0.352603
vn -0.469567 -0.669680 0.575357
vn -0.680799 -0.235321 0.693640
vn -0.658513 -0.518047 0.545882
vn 0.524339 -0.815295 0.245688
vn 0.767747 -0.551144 0.326811
vn 0.970464 -0.055637 0.234742
vn 0.836779 -0.220350 0.501246
vn 0.423350 -0.748867 0.509875
vn 0.550399 -0.758433 0.349056
vn 0.767747 -0.551144 0.326811
vn 0.524339 -0.815295 0.245688
vn 0.298019 -0.744510 0.597402
vn 0.423350 -0.748867 0.509875
vn 0.524339 -0.815295 0.245688
vn 0.351640 -0.858658 0.372902
vn 0.298019 -0.744510 0.597402
vn 0.351640 -0.858658 0.372902
vn 0.074360 -0.802228 0.592369
vn 0.753402 -0.657557 0.001809
vn 0.649212 -0.727206 -0.222923
vn 0.815155 -0.319784 -0.482970
vn 0.955396 -0.226349 -0.189695
vn 0.955396 -0.226349 -0.189695
vn 0.815155 -0.319784 -0.482970
vn 0.738776 0.260565 -0.621543
vn 0.869644 0.348497 -0.349671
vn 0.649212 -0.727206 -0.222923
vn 0.496184 -0.757415 -0.424411
vn 0.601379 -0.360088 -0.713218
vn 0.815155 -0.319784 -0.482970
vn 0.815155 -0.319784 -0.482970
vn 0.601379 -0.360088 -0.713218
vn 0.542473 0.185488 -0.819339
vn 0.738776 0.260565 -0.621543
vn 0.550399 -0.758433 0.349056
vn 0.488329 -0.853990 0.179544
vn 0.753402 -0.657557 0.001809
vn 0.767747 -0.551144 0.326811
vn 0.767747 -0.551144 0.326811
vn 0.753402 -0.657557 0.001809
vn 0.955396 -0.226349 -0.189695
vn 0.970464 -0.055637 0.234742
vn 0.970464 -0.055637 0.234742
vn 0.955396 -0.226349 -0.189695
vn 0.869644 0.348497 -0.349671
vn 0.942962 0.332485 0.016642
vn 0.942962 0.332485 0.016642
vn 0.869644 0.348497 -0.349671
vn 0.618678 0.684479 -0.385650
vn 0.869644 0.348497 -0.349671
vn 0.738776 0.260565 -0.621543
vn 0.437314 0.706044 -0.557009
vn 0.618678 0.684479 -0.385650
vn 0.738776 0.260565 -0.621543
vn 0.542473 0.185488 -0.819339
vn 0.305011 0.627197 -0.716654
vn 0.437314 0.706044 -0.557009
vn 0.542473 0.185488 -0.819339
vn 0.235710 0.169329 -0.956958
vn 0.164426 0.545349 -0.821924
vn 0.305011 0.627197 -0.716654
vn 0.601379 -0.360088 -0.713218
vn 0.267209 -0.359125 -0.894220
vn 0.235710 0.169329 -0.956958
vn 0.542473 0.185488 -0.819339
vn 0.496184 -0.757415 -0.424411
vn 0.234607 -0.769131 -0.594472
vn 0.267209 -0.359125 -0.894220
vn 0.601379 -0.360088 -0.713218
vn 0.306431 -0.941502 -0.140265
vn 0.181267 -0.940040 -0.288906
vn 0.234607 -0.769131 -0.594472
vn 0.496184 -0.757415 -0.424411
vn 0.406331 -0.913502 0.020239
vn 0.306431 -0.941502 -0.140265
vn 0.496184 -0.757415 -0.424411
vn 0.649212 -0.727206 -0.222923
vn 0.488329 -0.853990 0.179544
vn 0.406331 -0.913502 0.020239
vn 0.649212 -0.727206 -0.222923
vn 0.753402 -0.657557 0.001809
vn -0.270745 -0.926440 0.261546
vn -0.068851 -0.986862 0.146161
vn 0.028117 -0.949780 0.311652
vn -0.164211 -0.890320 0.424695
vn -0.164211 -0.890320 0.424695
vn 0.028117 -0.949780 0.311652
vn 0.126152 -0.890920 0.436288
vn -0.070487 -0.828495 0.555544
vn -0.068851 -0.986862 0.146161
vn 0.104321 -0.993766 0.039338
vn 0.194701 -0.961623 0.193319
vn 0.028117 -0.949780 0.311652
vn 0.028117 -0.949780 0.311652
vn 0.194701 -0.961623 0.193319
vn 0.277068 -0.899540 0.337728
vn 0.126152 -0.890920 0.436288
vn -0.432609 -0.829772 0.352603
vn -0.270745 -0.926440 0.261546
vn -0.164211 -0.890320 0.424695
vn -0.469567 -0.669680 0.575357
vn -0.469567 -0.669680 0.575357
vn -0.164211 -0.890320 0.424695
vn -0.070487 -0.828495 0.555544
vn -0.355120 -0.570985 0.740180
vn -0.355120 -0.570985 0.740180
vn -0.070487 -0.828495 0.555544
vn 0.074360 -0.802228 0.592369
vn -0.210184 -0.645849 0.733963
vn -0.070487 -0.828495 0.555544
vn 0.126152 -0.890920 0.436288
vn 0.298019 -0.744510 0.597402
vn 0.074360 -0.802228 0.592369
vn 0.126152 -0.890920 0.436288
vn 0.277068 -0.899540 0.337728
vn 0.423350 -0.748867 0.509875
vn 0.298019 -0.744510 0.597402
vn 0.277068 -0.899540 0.337728
vn 0.488329 -0.853990 0.179544
vn 0.550399 -0.758433 0.349056
vn 0.423350 -0.748867 0.509875
vn 0.194701 -0.961623 0.193319
vn 0.406331 -0.913502 0.020239
vn 0.488329 -0.853990 0.179544
vn 0.277068 -0.899540 0.337728
vn 0.104321 -0.993766 0.039338
vn 0.306431 -0.941502 -0.140265
vn 0.406331 -0.913502 0.020239
vn 0.194701 -0.961623 0.193319
vn -0.007105 -0.973824 -0.227193
vn 0.181267 -0.940040 -0.288906
vn 0.306431 -0.941502 -0.140265
vn 0.104321 -0.993766 0.039338
vn -0.228548 -0.964630 -0.131355
vn -0.007105 -0.973824 -0.227193
vn 0.104321 -0.993766 0.039338
vn -0.068851 -0.986862 0.146161
vn -0.436307 -0.899792 -0.003156
vn -0.228548 -0.964630 -0.131355
vn -0.068851 -0.986862 0.146161
vn -0.270745 -0.926440 0.261546
vn -0.133107 0.862545 -0.488158
vn 0.044027 0.828426 -0.558365
vn -0.052354 0.652921 -0.755614
vn -0.247062 0.725569 -0.642270
vn 0.044027 0.828426 -0.558365
vn 0.305011 0.627197 -0.716654
vn 0.164426 0.545349 -0.821924
vn -0.052354 0.652921 -0.755614
vn 0.204716 0.960373 0.189145
vn 0.362176 0.926464 0.102440
vn 0.322025 0.934950 -0.148893
vn 0.456071 -0.869610 -0.189153
vn 0.596548 -0.745244 -0.297896
vn 0.659205 -0.748438 -0.072735
vn 0.456122 -0.883452 0.107073
vn 0.524339 -0.815295 0.245688
vn 0.836779 -0.220350 0.501246
vn 0.970464 -0.055637 0.234742
vn 0.942962 0.332485 0.016642
vn 0.785276 -0.122703 -0.606866
vn 0.865466 0.056454 -0.497777
vn 0.933669 0.117439 -0.338334
vn 0.654733 -0.620588 -0.431504
vn 0.596548 -0.745244 -0.297896
vn 0.456071 -0.869610 -0.189153
vn -0.437320 -0.627604 -0.644100
vn -0.338555 -0.615319 -0.711874
vn -0.295478 -0.758990 -0.580195
vn -0.432012 -0.749034 -0.502308
vn -0.432012 -0.749034 -0.502308
vn -0.315036 0.850932 -0.420318
vn -0.407563 0.754052 -0.515070
vn -0.456015 0.790896 -0.408086
vn -0.405398 0.833289 -0.375874
vn -0.464016 -0.878375 0.114657
vn -0.413846 -0.907697 0.069405
vn -0.261122 -0.954501 0.144026
vn -0.465286 -0.817056 0.340482
vn -0.511760 -0.839292 0.183549
vn 0.672522 -0.318516 -0.668029
vn 0.577226 -0.273658 -0.769364
vn 0.673895 0.120115 -0.728998
vn 0.865466 0.056454 -0.497777
vn 0.785276 -0.122703 -0.606866
vn 0.974970 0.166399 -0.147460
vn 0.931965 0.342549 -0.118753
vn 0.946530 0.206736 0.247673
vn 0.988585 0.049158 0.142422
vn 0.183766 0.856047 -0.483129
vn 0.437314 0.706044 -0.557009
vn 0.305011 0.627197 -0.716654
vn 0.044027 0.828426 -0.558365
vn 0.618678 0.684479 -0.385650
vn 0.437314 0.706044 -0.557009
vn 0.183766 0.856047 -0.483129
vn 0.933669 0.117439 -0.338334
vn 0.865466 0.056454 -0.497777
vn 0.855647 0.382901 -0.348218
vn 0.931965 0.342549 -0.118753
vn 0.974970 0.166399 -0.147460
vn 0.928910 0.207907 -0.306433
vn -0.133107 0.862545 -0.488158
vn -0.247062 0.725569 -0.642270
vn -0.407563 0.754052 -0.515070
vn -0.315036 0.850932 -0.420318
vn -0.600423 -0.702995 0.381169
vn -0.396769 -0.542853 0.740193
vn -0.263846 -0.237412 0.934891
vn -0.511760 -0.839292 0.183549
vn -0.465286 -0.817056 0.340482
vn -0.600423 -0.702995 0.381169
vn -0.928496 0.072850 0.364127
vn -0.886105 0.224874 0.405278
vn -0.980182 0.197756 -0.011706
vn -0.998169 0.059265 -0.012066
vn -0.652803 0.233035 0.720793
vn -0.886105 0.224874 0.405278
vn -0.928496 0.072850 0.364127
vn 0.360243 0.735043 -0.574402
vn 0.091785 0.898349 -0.429587
vn 0.159699 0.955256 -0.248962
vn 0.269204 0.906605 -0.324955
vn -0.998169 0.059265 -0.012066
vn -0.980182 0.197756 -0.011706
vn -0.890502 0.136510 -0.434018
vn -0.904709 0.006113 -0.425986
vn -0.509162 -0.850747 0.130323
vn -0.436307 -0.899792 -0.003156
vn -0.270745 -0.926440 0.261546
vn -0.432609 -0.829772 0.352603
vn 0.629425 -0.776385 0.032402
vn 0.638052 -0.736144 -0.225792
vn 0.786083 -0.366998 -0.497379
vn 0.841905 -0.352504 -0.408580
vn 0.762978 -0.604353 -0.229395
vn 0.372374 -0.726488 -0.577540
vn 0.444557 -0.677420 -0.586064
vn 0.483920 -0.719651 -0.497919
vn 0.483920 -0.719651 -0.497919
vn 0.841905 -0.352504 -0.408580
vn 0.786083 -0.366998 -0.497379
vn 0.711215 0.272113 -0.648172
vn 0.841823 -0.110048 -0.528417
vn 0.327077 0.843953 -0.425164
vn 0.238103 0.917542 -0.318472
vn 0.215033 0.781486 -0.585697
vn 0.632132 -0.155429 0.759112
vn 0.751472 -0.136996 0.645385
vn 0.827475 -0.001448 0.561501
vn -0.400317 -0.912413 -0.085141
vn -0.413846 -0.907697 0.069405
vn -0.464016 -0.878375 0.114657
vn -0.400317 -0.912413 -0.085141
vn 0.505737 -0.855725 -0.109380
vn 0.505737 -0.855725 -0.109380
vn 0.383063 -0.909287 0.162666
vn 0.345239 -0.938461 -0.010084
vn 0.574871 0.657132 -0.487547
vn 0.711215 0.272113 -0.648172
vn 0.382721 0.767628 -0.514074
vn 0.327077 0.843953 -0.425164
vn 0.574871 0.657132 -0.487547
vn 0.271633 -0.861096 0.429801
vn -0.068514 -0.816972 0.572592
vn 0.069522 -0.630959 0.772695
vn -0.047327 -0.656551 0.752795
vn -0.355583 -0.806120 0.473003
vn -0.192726 -0.878891 0.436356
vn -0.068514 -0.816972 0.572592
vn 0.271633 -0.861096 0.429801
vn -0.447764 -0.825357 0.343939
vn -0.301029 -0.909343 0.287188
vn -0.192726 -0.878891 0.436356
vn -0.355583 -0.806120 0.473003
vn -0.008127 0.415605 0.909509
vn 0.293396 0.644361 0.706200
vn 0.220652 0.857918 0.463993
vn 0.183766 0.856047 -0.483129
vn 0.044027 0.828426 -0.558365
vn -0.133107 0.862545 -0.488158
vn -0.422988 -0.738561 -0.524984
vn -0.580093 -0.739183 -0.342199
vn -0.683661 -0.179806 -0.707303
vn -0.514765 -0.195124 -0.834831
vn 0.148192 0.943988 0.294833
vn 0.411052 0.881761 0.231373
vn 0.239573 0.938214 0.249717
vn 0.167483 0.961654 0.217188
vn -0.052962 0.997712 -0.042027
vn 0.148192 0.943988 0.294833
vn -0.016922 0.996913 0.076663
vn 0.148192 0.943988 0.294833
vn 0.018902 0.999395 0.029199
vn 0.084927 0.968121 0.235648
vn 0.148192 0.943988 0.294833
vn -0.052962 0.997712 -0.042027
vn 0.018902 0.999395 0.029199
vn -0.052962 0.997712 -0.042027
vn -0.191673 0.937766 -0.289580
vn -0.212457 0.976955 -0.020508
vn -0.261934 0.961242 -0.086044
vn -0.212457 0.976955 -0.020508
vn -0.191673 0.937766 -0.289580
vn -0.212569 0.976972 -0.018417
vn -0.052962 0.997712 -0.042027
vn 0.019121 0.968048 -0.250035
vn 0.051271 0.983341 -0.174389
vn -0.191673 0.937766 -0.289580
vn 0.091785 0.898349 -0.429587
vn -0.191673 0.937766 -0.289580
vn 0.053144 0.983407 -0.173456
vn 0.159699 0.955256 -0.248962
vn -0.841814 0.537697 -0.047239
vn -0.879900 0.387211 0.275397
vn -0.781683 0.597896 0.177460
vn -0.703403 0.709287 0.046219
vn 0.659713 0.519184 -0.543348
vn 0.658032 0.424452 -0.621961
vn 0.516937 0.629342 -0.580263
vn 0.753715 0.657201 -0.000932
vn 0.855647 0.382901 -0.348218
vn 0.783575 0.470500 -0.405758
vn 0.986455 0.153349 -0.058236
vn -0.879900 0.387211 0.275397
vn -0.737294 0.344328 0.581236
vn -0.755114 0.433241 0.492041
vn -0.815738 0.483456 0.317554
vn -0.032487 0.871022 0.490169
vn 0.065699 0.934005 0.351168
vn 0.034509 0.841982 0.538401
vn -0.394905 0.629387 0.669269
vn -0.032487 0.871022 0.490169
vn 0.034509 0.841982 0.538401
vn -0.071566 0.702736 0.707842
vn -0.188661 0.281915 0.940708
vn -0.394905 0.629387 0.669269
vn -0.071566 0.702736 0.707842
vn -0.032487 0.871022 0.490169
vn 0.148192 0.943988 0.294833
vn 0.084927 0.968121 0.235648
vn 0.065699 0.934005 0.351168
vn -0.016922 0.996913 0.076663
vn 0.148192 0.943988 0.294833
vn 0.167483 0.961654 0.217188
vn 0.239573 0.938214 0.249717
vn 0.411052 0.881761 0.231373
vn 0.421150 0.851344 0.312804
vn 0.411052 0.881761 0.231373
vn 0.753715 0.657201 -0.000932
vn 0.625749 0.719621 0.300971
vn 0.421150 0.851344 0.312804
vn 0.625749 0.719621 0.300971
vn 0.753715 0.657201 -0.000932
vn 0.901124 0.308304 0.304836
s off
g group1 Frog
usemtl aiStandardSurface9SG
f 356/673/289 273/323/290 349/761/291 79/767/292
f 100/375/293 101/174/294 104/618/295 103/291/296
f 101/174/297 102/493/298 105/406/299 104/618/300
f 103/291/301 104/618/302 107/179/303 106/736/304
f 104/618/305 105/406/306 108/498/307 107/179/308
f 75/526/309 83/233/310 100/375/311 82/436/312
f 83/233/313 84/554/314 101/174/315 100/375/316
f 84/554/317 85/343/318 102/493/319 101/174/320
f 85/343/321 76/852/322 86/677/323 102/493/324
f 102/493/325 86/677/326 87/463/327 105/406/328
f 105/406/329 87/463/330 88/791/331 108/498/332
f 108/498/333 88/791/334 77/652/335 89/581/336
f 107/179/337 108/498/338 89/581/339 374/611/340
f 106/736/341 107/179/342 374/611/343 375/399/344
f 80/317/345 106/736/346 375/399/347 360/902/348
f 81/878/349 103/291/350 106/736/351 80/317/352
f 82/436/353 100/375/354 103/291/355 81/878/356
f 374/612/357 89/582/358 395/884/359 657/763/360
f 89/581/361 77/652/362 90/910/363 395/885/364
f 111/411/365 110/625/366 339/510/367 112/741/368
f 79/767/369 349/761/370 109/295/371 93/467/372
f 112/742/373 350/312/374 342/194/375 312/663/376
f 111/411/377 112/741/378 312/664/379 352/432/380
f 91/348/381 111/411/382 352/432/383 78/206/384
f 92/681/385 110/625/386 111/411/387 91/348/388
f 93/467/389 109/295/390 110/625/391 92/681/392
f 113/533/393 114/856/394 117/772/395 116/211/396
f 114/856/397 115/656/398 118/321/399 117/772/400
f 78/206/401 352/432/402 293/383/403 354/550/404 96/915/405
f 115/656/406 98/264/407 99/823/408 118/321/409
f 118/321/410 99/823/411 76/852/412 85/343/413
f 117/772/414 118/321/415 85/343/416 84/554/417
f 116/211/418 117/772/419 84/554/420 83/233/421
f 94/796/422 116/211/423 83/233/424 75/526/425
f 95/587/426 113/533/427 116/211/428 94/796/429
f 96/915/430 354/550/431 113/533/432 95/587/433
f 119/883/434 120/440/435 123/777/436 122/559/437
f 120/440/438 121/238/439 124/327/440 123/777/441
f 122/559/442 123/777/443 126/445/444 125/889/445
f 123/777/446 124/327/447 127/245/448 126/445/449
f 360/902/450 357/458/451 119/883/452 80/317/453
f 121/238/454 93/467/455 92/681/456 124/327/457
f 124/327/458 92/681/459 91/348/460 127/245/461
f 127/245/462 91/348/463 78/206/464 96/915/465
f 126/445/466 127/245/467 96/915/468 95/587/469
f 125/889/470 126/445/471 95/587/472 94/796/473
f 82/436/474 125/889/475 94/796/476 75/526/477
f 81/878/478 122/559/479 125/889/480 82/436/481
f 80/317/482 119/883/483 122/559/484 81/878/485
f 90/910/486 77/652/487 88/791/488
f 90/910/489 88/791/490 87/463/491 128/563/492
f 128/563/493 87/463/494 86/677/495
f 128/563/496 86/677/497 76/852/498 99/823/499
f 353/229/500 128/563/501 99/823/502 98/264/503
f 129/352/504 353/229/505 98/264/506 97/707/507
f 155/420/508 156/751/509 159/666/510 158/866/511
f 156/751/512 157/542/513 160/222/514 159/666/515
f 157/543/516 136/269/517 137/828/518 160/223/519
f 160/223/520 137/828/521 133/591/522 138/380/523
f 159/666/524 160/222/525 138/381/526 139/596/527
f 158/866/528 159/666/529 139/596/530 140/925/531
f 134/920/532 158/866/533 140/925/534 132/801/535
f 135/713/536 155/420/537 158/866/538 134/920/539
f 161/781/540 162/333/541 165/249/542 164/451/543
f 162/333/544 163/893/545 166/568/546 165/249/547
f 164/451/548 165/249/549 168/691/550 167/358/551
f 165/249/552 166/568/553 169/476/554 168/691/555
f 132/801/556 140/925/557 161/781/558 143/833/559
f 140/925/560 139/596/561 162/333/562 161/781/563
f 139/596/564 138/381/565 163/893/566 162/333/567
f 138/380/568 133/591/569 144/386/570 163/894/571
f 163/894/572 144/386/573 145/184/574 166/569/575
f 166/569/576 145/184/577 146/503/578 169/477/579
f 169/477/580 146/503/581 131/472/582 147/300/583
f 168/691/584 169/476/585 147/301/586 148/630/587
f 167/358/588 168/691/589 148/630/590 149/416/591
f 141/718/592 167/358/593 149/416/594 130/687/595
f 142/273/596 164/451/597 167/358/598 141/718/599
f 143/833/600 161/781/601 164/451/602 142/273/603
f 170/805/604 171/253/605 174/697/606 173/363/607
f 171/253/608 172/573/609 175/481/610 174/697/611
f 173/363/612 174/697/613 176/809/614
f 174/697/615 175/481/616 177/601/617 176/809/618
f 130/687/619 149/416/620 170/805/621 151/537/622
f 149/416/623 148/630/624 171/253/625 170/805/626
f 148/630/627 147/301/628 172/573/629 171/253/630
f 147/300/631 131/472/632 152/862/633 172/574/634
f 172/574/635 152/862/636 153/661/637 175/482/638
f 175/482/639 153/661/640 154/216/641 177/602/642
f 151/537/643 170/805/644 173/363/645 150/746/646
f 178/929/647 179/722/648 181/837/649 180/278/650
f 180/278/651 181/837/652 183/189/653 182/390/654
f 135/713/655 134/920/656 179/722/657 178/929/658
f 134/920/659 132/801/660 143/833/661 179/722/662
f 179/722/663 143/833/664 142/273/665 181/837/666
f 181/837/667 142/273/668 141/718/669 183/189/670
f 183/189/671 141/718/672 130/687/673 151/537/674
f 182/390/675 183/189/676 151/537/677 150/746/678
f 184/507/679 185/305/680 187/844/681 186/635/682
f 185/305/683 345/868/684 348/200/685 187/844/686
f 186/635/687 187/844/688 189/197/689 188/396/690
f 187/844/691 348/200/692 190/515/693 189/197/694
f 133/591/695 137/828/696 184/507/697 144/386/698
f 137/828/699 136/269/700 185/305/701 184/507/702
f 136/269/703 344/307/704 345/868/705 185/305/706
f 189/197/707 190/515/708 154/216/709 153/661/710
f 188/396/711 189/197/712 153/661/713 152/862/714
f 146/503/715 188/396/716 152/862/717 131/472/718
f 145/184/719 186/635/720 188/396/721 146/503/722
f 144/386/723 184/507/724 186/635/725 145/184/726
f 219/491/727 220/821/728 335/281/729 336/605/730
f 220/821/731 221/615/732 335/281/733
f 191/310/734 198/227/735 219/491/736 197/671/737
f 198/227/738 199/786/739 220/821/740 219/491/741
f 199/786/742 200/337/743 221/615/744 220/821/745
f 200/337/746 192/642/747 333/165/748 221/615/749
f 196/871/750 336/605/751 259/621/752
f 197/671/753 219/491/754 336/605/755 196/871/756
f 201/898/757 255/377/758 203/675/759 195/548/760
f 222/172/761 223/733/762 226/403/763 225/849/764
f 223/733/765 224/289/766 227/203/767 226/403/768
f 225/849/769 226/403/770 229/315/771 228/523/772
f 226/403/773 227/203/774 230/649/775 229/315/776
f 195/548/777 203/675/778 222/172/779 206/341/780
f 203/675/781 202/455/782 223/733/783 222/172/784
f 202/455/785 207/906/786 224/289/787 223/733/788
f 224/289/789 207/906/790 208/461/791 227/203/792
f 227/203/793 208/461/794 209/257/795 230/649/796
f 230/649/797 209/257/798 194/759/799 210/578/800
f 229/315/801 230/649/802 210/578/803 211/369/804
f 228/523/805 229/315/806 211/369/807 212/701/808
f 204/231/809 228/523/810 212/701/811 193/429/812
f 205/789/813 225/849/814 228/523/815 204/231/816
f 206/341/817 222/172/818 225/849/819 205/789/820
f 231/434/821 232/764/822 235/319/823 234/876/824
f 232/764/825 233/552/826 236/654/827 235/319/828
f 234/876/829 235/319/830 238/770/831 237/438/832
f 235/319/833 236/654/834 239/556/835 238/770/836
f 193/429/837 212/701/838 231/434/839 215/608/840
f 212/701/841 211/369/842 232/764/843 231/434/844
f 211/369/845 210/578/846 233/552/847 232/764/848
f 210/578/849 194/759/850 216/168/851 233/552/852
f 233/552/853 216/168/854 217/727/855 236/654/856
f 236/654/857 217/727/858 218/284/859 239/556/860
f 239/556/861 218/284/862 192/642/863 200/337/864
f 238/770/865 239/556/866 200/337/867 199/786/868
f 237/438/869 238/770/870 199/786/871 198/227/872
f 213/487/873 237/438/874 198/227/875 191/310/876
f 214/815/877 234/876/878 237/438/879 213/487/880
f 215/608/881 231/434/882 234/876/883 214/815/884 296/830/885
f 240/880/886 241/679/887 242/235/888 281/798/889
f 201/898/890 195/548/891 206/341/892 241/679/893
f 241/679/894 206/341/895 205/789/896 242/235/897
f 242/235/898 205/789/899 204/231/900 313/448/901 340/841/902
f 243/793/903 343/756/904 214/815/905 213/487/906
f 197/671/907 243/793/908 213/487/909 191/310/910
f 196/871/911 337/393/912 243/793/913 197/671/914
f 244/345/915 334/484/916 246/465/917 245/913/918
f 247/261/919 333/165/920 192/642/921 218/284/922
f 246/465/923 247/261/924 218/284/925 217/727/926
f 245/913/927 246/465/928 217/727/929 216/168/930
f 209/257/931 245/913/932 216/168/933 194/759/934
f 208/461/935 244/345/936 245/913/937 209/257/938
f 262/293/939 263/854/940 557/800/941 556/244/942
f 263/854/943 264/409/944 558/351/945 557/800/946
f 248/584/947 251/917/948 262/293/949 250/705/950
f 251/917/951 252/469/952 263/854/953 262/293/954
f 252/469/955 253/266/956 264/409/957 263/854/958
f 253/266/959 190/516/960 254/589/961 264/409/962
f 264/409/963 254/589/964 543/320/965 558/351/966
f 250/705/967 262/293/968 556/244/969 537/316/970
f 559/919/971 560/471/972 265/209/973 202/456/974
f 560/471/975 561/268/976 266/531/977 265/209/978
f 561/268/979 546/771/980 256/711/981 266/531/982
f 266/531/983 256/711/984 249/373/985 257/496/986
f 265/209/987 266/531/988 257/496/989 244/346/990 207/907/991
f 202/456/992 265/209/993 207/907/994
f 545/439/995 559/919/996 202/456/997 255/378/998
f 268/298/999 269/860/1000 272/535/1001 271/214/1002
f 257/496/1003 249/373/1004 260/177/1005 267/744/1006
f 267/744/1007 260/177/1008 261/739/1009 269/860/1010
f 269/860/1011 261/739/1012 173/364/1013 176/810/1014
f 272/535/1015 177/603/1016 154/217/1017
f 271/214/1018 272/535/1019 253/267/1020 252/470/1021
f 270/414/1022 271/214/1023 252/470/1024 251/918/1025
f 258/825/1026 270/414/1027 251/918/1028 248/585/1029
f 259/622/1030 336/606/1031 335/282/1032 270/414/1033 258/825/1034
f 570/294/1035 395/886/1036 90/911/1037 128/564/1038 274/659/1039
f 273/324/1040 545/439/1041 255/378/1042 110/626/1043 109/296/1044 349/762/1045
f 274/659/1046 128/564/1047 353/230/1048 259/623/1049 258/826/1050
f 250/705/1051 274/659/1052 258/826/1053 248/584/1054
f 537/316/1055 570/294/1056 274/659/1057 250/705/1058
f 572/832/1059 573/629/1060 276/775/1061 275/443/1062
f 574/183/1063 346/426/1064 155/421/1065
f 543/320/1066 254/589/1067 345/869/1068 344/308/1069
f 261/739/1070 150/747/1071 173/364/1072
f 275/443/1073 276/775/1074 261/739/1075 260/177/1076
f 256/711/1077 275/443/1078 260/177/1079 249/373/1080
f 546/771/1081 572/832/1082 275/443/1083 256/711/1084
f 304/187/1085 305/749/1086 308/418/1087 307/864/1088
f 305/749/1089 306/303/1090 309/220/1091 308/418/1092
f 308/418/1093 309/220/1094 311/330/1095 355/339/1096
f 277/561/1097 285/689/1098 304/187/1099 284/891/1100
f 285/689/1101 286/247/1102 305/749/1103 304/187/1104
f 286/247/1105 287/803/1106 306/303/1107 305/749/1108
f 287/803/1109 278/887/1110 288/356/1111 306/303/1112
f 306/303/1113 288/356/1114 289/923/1115 309/220/1116
f 309/220/1117 289/923/1118 290/474/1119 311/330/1120
f 311/330/1121 290/474/1122 279/684/1123
f 282/350/1124 310/539/1125 354/551/1126
f 283/566/1127 307/864/1128 310/539/1129 282/350/1130
f 284/891/1131 304/187/1132 307/864/1133 283/566/1134
f 312/663/1135 342/194/1136 240/881/1137
f 291/271/1138 240/881/1139 281/799/1140
f 292/594/1141 312/663/1142 240/881/1143 291/271/1144
f 293/384/1145 352/433/1146 312/663/1147 292/594/1148
f 313/449/1149 341/639/1150 297/628/1151 298/182/1152
f 294/716/1153 313/449/1154 298/182/1155 280/243/1156
f 295/501/1157 340/842/1158 313/449/1159 294/716/1160
f 295/501/1161 242/236/1162 340/842/1163
f 314/779/1164 315/225/1165 318/669/1166 317/335/1167
f 315/225/1168 316/546/1169 319/453/1170 318/669/1171
f 317/335/1172 318/669/1173 321/571/1174 320/784/1175
f 318/669/1176 319/453/1177 322/896/1178 321/571/1179
f 280/243/1180 298/182/1181 314/779/1182 301/505/1183
f 298/182/1184 297/628/1185 315/225/1186 314/779/1187
f 297/628/1188 296/831/1189 316/546/1190 315/225/1191
f 296/831/1192 214/816/1193 316/546/1194
f 316/546/1195 214/816/1196 302/835/1197 319/453/1198
f 319/453/1199 302/835/1200 303/633/1201 322/896/1202
f 322/896/1203 303/633/1204 278/887/1205 287/803/1206
f 321/571/1207 322/896/1208 287/803/1209 286/247/1210
f 320/784/1211 321/571/1212 286/247/1213 285/689/1214
f 299/388/1215 320/784/1216 285/689/1217 277/561/1218
f 300/720/1219 317/335/1220 320/784/1221 299/388/1222
f 301/505/1223 314/779/1224 317/335/1225 300/720/1226
f 323/695/1227 324/251/1228 327/927/1229 326/361/1230
f 324/251/1231 325/807/1232 328/479/1233 327/927/1234
f 326/361/1235 327/927/1236 330/599/1237 329/276/1238
f 327/927/1239 328/479/1240 331/813/1241 330/599/1242
f 293/384/1243 292/594/1244 324/251/1245 323/695/1246
f 292/594/1247 291/271/1248 325/807/1249 324/251/1250
f 291/271/1251 281/799/1252 242/236/1253 325/807/1254
f 325/807/1255 242/236/1256 295/501/1257 328/479/1258
f 328/479/1259 295/501/1260 294/716/1261 331/813/1262
f 331/813/1263 294/716/1264 280/243/1265 301/505/1266
f 330/599/1267 331/813/1268 301/505/1269 300/720/1270
f 329/276/1271 330/599/1272 300/720/1273 299/388/1274
f 284/891/1275 329/276/1276 299/388/1277 277/561/1278
f 283/566/1279 326/361/1280 329/276/1281 284/891/1282
f 282/350/1283 323/695/1284 326/361/1285 283/566/1286
f 243/794/1287 289/923/1288 288/356/1289 332/367/1290
f 332/367/1291 288/356/1292 278/887/1293 303/633/1294
f 334/484/1295 247/261/1296 246/465/1297
f 341/640/1298 313/448/1299 204/231/1300 193/429/1301 215/608/1302
f 341/639/1303 296/831/1304 297/628/1305
f 221/616/1306 333/166/1307 268/298/1308
f 296/830/1309 341/640/1310 215/608/1311
f 259/621/1312 351/873/1313 97/708/1314 337/393/1315 196/871/1316
f 337/394/1317 97/709/1318 279/684/1319 290/474/1320
f 339/511/1321 338/724/1322 201/898/1323 241/679/1324 240/880/1325
f 335/282/1326 221/616/1327 268/298/1328 271/214/1329 270/414/1330
f 334/485/1331 244/346/1332 257/496/1333 267/744/1334
f 343/757/1335 332/367/1336 303/633/1337 302/835/1338
f 214/816/1339 343/757/1340 302/835/1341
f 333/166/1342 247/262/1343 334/485/1344 267/744/1345 269/860/1346 268/298/1347
f 243/794/1348 337/394/1349 290/474/1350 289/923/1351
f 255/377/1352 202/455/1353 203/675/1354
f 338/724/1355 255/377/1356 201/898/1357
f 346/427/1358 347/645/1359 157/542/1360 156/751/1361
f 155/422/1362 346/427/1363 156/751/1364
f 190/516/1365 348/201/1366 345/869/1367 254/589/1368
f 347/646/1369 344/307/1370 136/269/1371 157/543/1372
f 354/551/1373 293/384/1374 323/695/1375 282/350/1376
f 354/550/1377 310/540/1378 355/340/1379 114/856/1380 113/533/1381
f 353/230/1382 129/353/1383 351/874/1384 259/623/1385
f 355/340/1386 311/331/1387 115/656/1388 114/856/1389
f 97/707/1390 351/875/1391 129/352/1392
f 339/512/1393 350/312/1394 112/742/1395
f 342/195/1396 350/313/1397 339/511/1398 240/880/1399
f 339/513/1400 110/626/1401 255/378/1402 338/725/1403
f 311/331/1404 279/685/1405 97/707/1406 98/264/1407 115/656/1408
f 356/673/1409 79/767/1410 93/467/1411 121/238/1412
f 656/202/1413 356/673/1414 121/238/1415 120/440/1416
f 357/458/1417 656/202/1418 120/440/1419 119/883/1420
f 207/906/1421 244/345/1422 208/461/1423
f 343/757/1424 243/794/1425 332/367/1426
f 307/864/1427 308/418/1428 355/339/1429 310/539/1430
f 356/674/1431 363/464/1432 649/641/1433 273/325/1434
f 386/208/1435 389/879/1436 390/437/1437 387/769/1438
f 387/769/1439 390/437/1440 391/234/1441 388/318/1442
f 389/879/1443 392/555/1444 393/344/1445 390/437/1446
f 390/437/1447 393/344/1448 394/678/1449 391/234/1450
f 358/788/1451 366/912/1452 386/208/1453 367/704/1454
f 367/704/1455 386/208/1456 387/769/1457 368/260/1458
f 368/260/1459 387/769/1460 388/318/1461 369/820/1462
f 369/820/1463 388/318/1464 370/372/1465 359/576/1466
f 388/318/1467 391/234/1468 371/171/1469 370/372/1470
f 391/234/1471 394/678/1472 372/490/1473 371/171/1474
f 394/678/1475 373/288/1476 361/699/1477 372/490/1478
f 393/344/1479 374/613/1480 373/288/1481 394/678/1482
f 392/555/1483 375/400/1484 374/613/1485 393/344/1486
f 364/792/1487 360/903/1488 375/400/1489 392/555/1490
f 365/583/1491 364/792/1492 392/555/1493 389/879/1494
f 366/912/1495 365/583/1496 389/879/1497 386/208/1498
f 360/904/1499 357/459/1500 658/314/1501 375/401/1502
f 375/401/1503 658/314/1504 657/765/1505 374/614/1506
f 374/613/1507 657/763/1508 395/884/1509 373/288/1510
f 373/288/1511 395/884/1512 376/730/1513 361/699/1514
f 398/560/1515 399/349/1516 639/814/1517 397/241/1518
f 363/464/1519 379/292/1520 396/441/1521 649/641/1522
f 399/349/1523 612/188/1524 642/486/1525 650/196/1526
f 398/560/1527 652/732/1528 612/188/1529 399/349/1530
f 377/521/1531 362/255/1532 652/732/1533 398/560/1534
f 378/847/1535 377/521/1536 398/560/1537 397/241/1538
f 379/292/1539 378/847/1540 397/241/1541 396/441/1542
f 400/683/1543 403/588/1544 404/916/1545 401/468/1546
f 401/468/1547 404/916/1548 405/710/1549 402/797/1550
f 362/255/1551 382/738/1552 654/848/1553 593/690/1554 652/732/1555
f 402/797/1556 405/710/1557 385/653/1558 384/853/1559
f 405/710/1560 369/820/1561 359/576/1562 385/653/1563
f 404/916/1564 368/260/1565 369/820/1566 405/710/1567
f 403/588/1568 367/704/1569 368/260/1570 404/916/1571
f 380/620/1572 358/788/1573 367/704/1574 403/588/1575
f 381/408/1576 380/620/1577 403/588/1578 400/683/1579
f 382/738/1580 381/408/1581 400/683/1582 654/848/1583
f 406/265/1584 409/176/1585 410/495/1586 407/824/1587
f 407/824/1588 410/495/1589 411/715/1590 408/376/1591
f 409/176/1592 412/270/1593 413/829/1594 410/495/1595
f 410/495/1596 413/829/1597 414/382/1598 411/715/1599
f 360/903/1600 364/792/1601 406/265/1602 357/460/1603
f 408/376/1604 411/715/1605 378/847/1606 379/292/1607
f 411/715/1608 414/382/1609 377/521/1610 378/847/1611
f 414/382/1612 382/738/1613 362/255/1614 377/521/1615
f 413/829/1616 381/408/1617 382/738/1618 414/382/1619
f 412/270/1620 380/620/1621 381/408/1622 413/829/1623
f 366/912/1624 358/788/1625 380/620/1626 412/270/1627
f 365/583/1628 366/912/1629 412/270/1630 409/176/1631
f 364/792/1632 365/583/1633 409/176/1634 406/265/1635
f 376/730/1636 372/490/1637 361/699/1638
f 376/730/1639 415/180/1640 371/171/1641 372/490/1642
f 415/180/1643 370/372/1644 371/171/1645
f 415/180/1646 385/653/1647 359/576/1648 370/372/1649
f 653/522/1650 384/853/1651 385/653/1652 415/180/1653
f 416/499/1654 383/527/1655 384/853/1656 653/522/1657
f 442/921/1658 445/478/1659 446/806/1660 443/360/1661
f 443/360/1662 446/806/1663 447/597/1664 444/693/1665
f 444/694/1666 447/598/1667 424/213/1668 423/658/1669
f 447/598/1670 425/773/1671 420/743/1672 424/213/1673
f 446/806/1674 426/322/1675 425/774/1676 447/597/1677
f 445/478/1678 427/538/1679 426/322/1680 446/806/1681
f 421/534/1682 419/413/1683 427/538/1684 445/478/1685
f 422/858/1686 421/534/1687 445/478/1688 442/921/1689
f 448/926/1690 451/834/1691 452/387/1692 449/719/1693
f 449/719/1694 452/387/1695 453/185/1696 450/274/1697
f 451/834/1698 454/504/1699 455/302/1700 452/387/1701
f 452/387/1702 455/302/1703 456/631/1704 453/185/1705
f 419/413/1706 430/219/1707 448/926/1708 427/538/1709
f 427/538/1710 448/926/1711 449/719/1712 426/322/1713
f 426/322/1714 449/719/1715 450/274/1716 425/774/1717
f 425/773/1718 450/275/1719 431/778/1720 420/743/1721
f 450/275/1722 453/186/1723 432/329/1724 431/778/1725
f 453/186/1726 456/632/1727 433/890/1728 432/329/1729
f 456/632/1730 434/446/1731 418/627/1732 433/890/1733
f 455/302/1734 435/246/1735 434/447/1736 456/631/1737
f 454/504/1738 436/565/1739 435/246/1740 455/302/1741
f 428/863/1742 417/297/1743 436/565/1744 454/504/1745
f 429/662/1746 428/863/1747 454/504/1748 451/834/1749
f 430/219/1750 429/662/1751 451/834/1752 448/926/1753
f 457/417/1754 460/508/1755 461/306/1756 458/748/1757
f 458/748/1758 461/306/1759 462/637/1760 459/192/1761
f 460/508/1762 463/424/1763 461/306/1764
f 461/306/1765 463/424/1766 464/753/1767 462/637/1768
f 417/297/1769 438/688/1770 457/417/1771 436/565/1772
f 436/565/1773 457/417/1774 458/748/1775 435/246/1776
f 435/246/1777 458/748/1778 459/192/1779 434/447/1780
f 434/446/1781 459/193/1782 439/473/1783 418/627/1784
f 459/193/1785 462/638/1786 440/802/1787 439/473/1788
f 462/638/1789 464/754/1790 441/592/1791 440/802/1792
f 438/688/1793 437/354/1794 460/508/1795 457/417/1796
f 465/544/1797 467/667/1798 468/224/1799 466/867/1800
f 467/667/1801 469/782/1802 470/334/1803 468/224/1804
f 422/858/1805 465/544/1806 466/867/1807 421/534/1808
f 421/534/1809 466/867/1810 430/219/1811 419/413/1812
f 466/867/1813 468/224/1814 429/662/1815 430/219/1816
f 468/224/1817 470/334/1818 428/863/1819 429/662/1820
f 470/334/1821 438/688/1822 417/297/1823 428/863/1824
f 469/782/1825 437/354/1826 438/688/1827 470/334/1828
f 471/895/1829 473/250/1830 474/570/1831 472/452/1832
f 472/452/1833 474/570/1834 648/843/1835 645/395/1836
f 473/250/1837 475/787/1838 476/338/1839 474/570/1840
f 474/570/1841 476/338/1842 477/899/1843 648/843/1844
f 420/743/1845 431/778/1846 471/895/1847 424/213/1848
f 424/213/1849 471/895/1850 472/452/1851 423/658/1852
f 423/658/1853 472/452/1854 645/395/1855 644/607/1856
f 476/338/1857 440/802/1858 441/592/1859 477/899/1860
f 475/787/1861 439/473/1862 440/802/1863 476/338/1864
f 433/890/1865 418/627/1866 439/473/1867 475/787/1868
f 432/329/1869 433/890/1870 475/787/1871 473/250/1872
f 431/778/1873 432/329/1874 473/250/1875 471/895/1876
f 506/228/1877 636/905/1878 635/577/1879 507/435/1880
f 507/435/1881 635/577/1882 508/766/1883
f 478/457/1884 484/812/1885 506/228/1886 485/604/1887
f 485/604/1888 506/228/1889 507/435/1890 486/930/1891
f 486/930/1892 507/435/1893 508/766/1894 487/723/1895
f 487/723/1896 508/766/1897 633/808/1898 479/254/1899
f 483/483/1900 550/237/1901 636/905/1902
f 484/812/1903 483/483/1904 636/905/1905 506/228/1906
f 488/280/1907 482/698/1908 490/392/1909 544/655/1910
f 509/553/1911 512/232/1912 513/790/1913 510/877/1914
f 510/877/1915 513/790/1916 514/342/1917 511/676/1918
f 512/232/1919 515/909/1920 516/462/1921 513/790/1922
f 513/790/1923 516/462/1924 517/259/1925 514/342/1926
f 482/698/1927 493/729/1928 509/553/1929 490/392/1930
f 490/392/1931 509/553/1932 510/877/1933 489/839/1934
f 489/839/1935 510/877/1936 511/676/1937 494/286/1938
f 511/676/1939 514/342/1940 495/846/1941 494/286/1942
f 514/342/1943 517/259/1944 496/398/1945 495/846/1946
f 517/259/1947 497/199/1948 481/366/1949 496/398/1950
f 516/462/1951 498/519/1952 497/199/1953 517/259/1954
f 515/909/1955 499/311/1956 498/519/1957 516/462/1958
f 491/610/1959 480/575/1960 499/311/1961 515/909/1962
f 492/170/1963 491/610/1964 515/909/1965 512/232/1966
f 493/729/1967 492/170/1968 512/232/1969 509/553/1970
f 518/580/1971 521/489/1972 522/819/1973 519/371/1974
f 519/371/1975 522/819/1976 523/263/1977 520/703/1978
f 521/489/1979 524/586/1980 525/374/1981 522/819/1982
f 522/819/1983 525/374/1984 526/706/1985 523/263/1986
f 480/575/1987 502/760/1988 518/580/1989 499/311/1990
f 499/311/1991 518/580/1992 519/371/1993 498/519/1994
f 498/519/1995 519/371/1996 520/703/1997 497/199/1998
f 497/199/1999 520/703/2000 503/549/2001 481/366/2002
f 520/703/2003 523/263/2004 504/872/2005 503/549/2006
f 523/263/2007 526/706/2008 505/672/2009 504/872/2010
f 526/706/2011 487/723/2012 479/254/2013 505/672/2014
f 525/374/2015 486/930/2016 487/723/2017 526/706/2018
f 524/586/2019 485/604/2020 486/930/2021 525/374/2022
f 500/644/2023 478/457/2024 485/604/2025 524/586/2026
f 501/430/2027 500/644/2028 524/586/2029 521/489/2030
f 502/760/2031 596/357/2032 501/430/2033 521/489/2034 518/580/2035
f 527/492/2036 581/326/2037 529/617/2038 528/822/2039
f 488/280/2040 528/822/2041 493/729/2042 482/698/2043
f 528/822/2044 529/617/2045 492/170/2046 493/729/2047
f 529/617/2048 640/368/2049 613/750/2050 491/610/2051 492/170/2052
f 530/173/2053 500/644/2054 501/430/2055 643/283/2056
f 484/812/2057 478/457/2058 500/644/2059 530/173/2060
f 483/483/2061 484/812/2062 530/173/2063 637/700/2064
f 531/735/2065 532/290/2066 533/851/2067 634/362/2068
f 534/405/2069 505/672/2070 479/254/2071 633/808/2072
f 533/851/2073 504/872/2074 505/672/2075 534/405/2076
f 532/290/2077 503/549/2078 504/872/2079 533/851/2080
f 496/398/2081 481/366/2082 503/549/2083 532/290/2084
f 495/846/2085 496/398/2086 532/290/2087 531/735/2088
f 553/914/2089 556/244/2090 557/800/2091 554/466/2092
f 554/466/2093 557/800/2094 558/351/2095 555/686/2096
f 535/205/2097 538/651/2098 553/914/2099 539/855/2100
f 539/855/2101 553/914/2102 554/466/2103 540/410/2104
f 540/410/2105 554/466/2106 555/686/2107 541/210/2108
f 541/210/2109 555/686/2110 542/532/2111 477/900/2112
f 555/686/2113 558/351/2114 543/320/2115 542/532/2116
f 538/651/2117 537/316/2118 556/244/2119 553/914/2120
f 559/919/2121 489/840/2122 562/590/2123 560/471/2124
f 560/471/2125 562/590/2126 563/379/2127 561/268/2128
f 561/268/2129 563/379/2130 547/558/2131 546/771/2132
f 563/379/2133 548/882/2134 536/525/2135 547/558/2136
f 562/590/2137 494/287/2138 531/737/2139 548/882/2140 563/379/2141
f 489/840/2142 494/287/2143 562/590/2144
f 545/439/2145 544/657/2146 489/840/2147 559/919/2148
f 565/497/2149 568/178/2150 569/740/2151 566/827/2152
f 548/882/2153 564/712/2154 551/795/2155 536/525/2156
f 564/712/2157 566/827/2158 552/347/2159 551/795/2160
f 566/827/2161 569/740/2162 464/755/2163 463/425/2164
f 569/740/2165 541/212/2166 477/901/2167 441/593/2168
f 568/178/2169 540/412/2170 541/212/2171 569/740/2172
f 567/624/2173 539/857/2174 540/412/2175 568/178/2176
f 549/680/2177 535/207/2178 539/857/2179 567/624/2180
f 550/239/2181 549/680/2182 567/624/2183 635/579/2184 636/908/2185
f 570/294/2186 571/502/2187 415/181/2188 376/731/2189 395/886/2190
f 273/324/2191 649/643/2192 396/442/2193 397/242/2194 544/657/2195 545/439/2196
f 571/502/2197 549/682/2198 550/240/2199 653/524/2200 415/181/2201
f 538/651/2202 535/205/2203 549/682/2204 571/502/2205
f 537/316/2206 538/651/2207 571/502/2208 570/294/2209
f 572/832/2210 575/745/2211 576/299/2212 573/629/2213
f 574/183/2214 442/922/2215 646/726/2216
f 543/320/2217 647/514/2218 644/609/2219
f 552/347/2220 460/509/2221 437/355/2222
f 575/745/2223 551/795/2224 552/347/2225 576/299/2226
f 547/558/2227 536/525/2228 551/795/2229 575/745/2230
f 546/771/2231 547/558/2232 575/745/2233 572/832/2234
f 604/480/2235 607/389/2236 608/721/2237 605/277/2238
f 605/277/2239 608/721/2240 609/506/2241 606/600/2242
f 608/721/2243 655/648/2244 611/634/2245 609/506/2246
f 577/861/2247 584/776/2248 604/480/2249 585/562/2250
f 585/562/2251 604/480/2252 605/277/2253 586/888/2254
f 586/888/2255 605/277/2256 606/600/2257 587/332/2258
f 587/332/2259 606/600/2260 588/665/2261 578/415/2262
f 606/600/2263 609/506/2264 589/450/2265 588/665/2266
f 609/506/2267 611/634/2268 590/780/2269 589/450/2270
f 611/634/2271 579/215/2272 590/780/2273
f 582/660/2274 654/850/2275 610/836/2276
f 583/444/2277 582/660/2278 610/836/2279 607/389/2280
f 584/776/2281 583/444/2282 607/389/2283 604/480/2284
f 612/190/2285 527/492/2286 642/488/2287
f 591/567/2288 581/328/2289 527/494/2290
f 592/892/2291 591/567/2292 527/494/2293 612/191/2294
f 593/692/2295 592/892/2296 612/191/2297 652/734/2298
f 613/752/2299 598/475/2300 597/924/2301 641/167/2302
f 594/248/2303 580/536/2304 598/475/2305 613/752/2306
f 595/804/2307 594/248/2308 613/752/2309 640/370/2310
f 595/804/2311 640/370/2312 529/619/2313
f 614/304/2314 617/221/2315 618/541/2316 615/865/2317
f 615/865/2318 618/541/2319 619/758/2320 616/419/2321
f 617/221/2322 620/309/2323 621/870/2324 618/541/2325
f 618/541/2326 621/870/2327 622/428/2328 619/758/2329
f 580/536/2330 601/385/2331 614/304/2332 598/475/2333
f 598/475/2334 614/304/2335 615/865/2336 597/924/2337
f 597/924/2338 615/865/2339 616/419/2340 596/359/2341
f 596/359/2342 616/419/2343 501/431/2344
f 616/419/2345 619/758/2346 602/717/2347 501/431/2348
f 619/758/2349 622/428/2350 603/928/2351 602/717/2352
f 622/428/2353 587/332/2354 578/415/2355 603/928/2356
f 621/870/2357 586/888/2358 587/332/2359 622/428/2360
f 620/309/2361 585/562/2362 586/888/2363 621/870/2364
f 599/272/2365 577/861/2366 585/562/2367 620/309/2368
f 600/595/2369 599/272/2370 620/309/2371 617/221/2372
f 601/385/2373 600/595/2374 617/221/2375 614/304/2376
f 623/226/2377 626/670/2378 627/454/2379 624/547/2380
f 624/547/2381 627/454/2382 628/785/2383 625/336/2384
f 626/670/2385 629/572/2386 630/897/2387 627/454/2388
f 627/454/2389 630/897/2390 631/696/2391 628/785/2392
f 593/692/2393 623/226/2394 624/547/2395 592/892/2396
f 592/892/2397 624/547/2398 625/336/2399 591/567/2400
f 591/567/2401 625/336/2402 529/619/2403 581/328/2404
f 625/336/2405 628/785/2406 595/804/2407 529/619/2408
f 628/785/2409 631/696/2410 594/248/2411 595/804/2412
f 631/696/2413 601/385/2414 580/536/2415 594/248/2416
f 630/897/2417 600/595/2418 601/385/2419 631/696/2420
f 629/572/2421 599/272/2422 600/595/2423 630/897/2424
f 584/776/2425 577/861/2426 599/272/2427 629/572/2428
f 583/444/2429 584/776/2430 629/572/2431 626/670/2432
f 582/660/2433 583/444/2434 626/670/2435 623/226/2436
f 530/175/2437 632/252/2438 588/665/2439 589/450/2440
f 632/252/2441 603/928/2442 578/415/2443 588/665/2444
f 634/362/2445 533/851/2446 534/405/2447
f 641/169/2448 502/760/2449 480/575/2450 491/610/2451 613/750/2452
f 641/167/2453 597/924/2454 596/359/2455
f 508/768/2456 565/497/2457 633/811/2458
f 596/357/2459 502/760/2460 641/169/2461
f 550/237/2462 483/483/2463 637/700/2464 383/528/2465 651/402/2466
f 637/702/2467 590/780/2468 579/215/2469 383/529/2470
f 639/817/2471 527/492/2472 528/822/2473 488/280/2474 638/256/2475
f 635/579/2476 567/624/2477 568/178/2478 565/497/2479 508/768/2480
f 634/365/2481 564/712/2482 548/882/2483 531/737/2484
f 643/285/2485 602/717/2486 603/928/2487 632/252/2488
f 501/431/2489 602/717/2490 643/285/2491
f 633/811/2492 565/497/2493 566/827/2494 564/712/2495 634/365/2496 534/407/2497
f 530/175/2498 589/450/2499 590/780/2500 637/702/2501
f 544/655/2502 490/392/2503 489/839/2504
f 638/256/2505 488/280/2506 544/655/2507
f 646/728/2508 443/360/2509 444/693/2510 647/517/2511
f 442/921/2512 443/360/2513 646/728/2514
f 477/900/2515 542/532/2516 645/397/2517 648/845/2518
f 647/518/2519 444/694/2520 423/658/2521 644/607/2522
f 654/850/2523 582/660/2524 623/226/2525 593/692/2526
f 654/848/2527 400/683/2528 401/468/2529 655/650/2530 610/838/2531
f 653/524/2532 550/240/2533 651/404/2534 416/500/2535
f 655/650/2536 401/468/2537 402/797/2538 611/636/2539
f 383/530/2540 416/500/2541 651/404/2542
f 639/814/2543 399/349/2544 650/196/2545
f 642/488/2546 527/492/2547 639/817/2548 650/198/2549
f 639/818/2550 638/258/2551 544/657/2552 397/242/2553
f 611/636/2554 402/797/2555 384/853/2556 383/527/2557 579/218/2558
f 356/674/2559 408/376/2560 379/292/2561 363/464/2562
f 656/204/2563 407/824/2564 408/376/2565 356/674/2566
f 357/460/2567 406/265/2568 407/824/2569 656/204/2570
f 494/286/2571 495/846/2572 531/735/2573
f 643/285/2574 632/252/2575 530/175/2576
f 607/389/2577 610/836/2578 655/648/2579 608/721/2580
f 573/629/2581 576/299/2582 465/545/2583 422/859/2584
f 574/183/2585 573/629/2586 442/922/2587
f 573/629/2588 155/423/2589 135/714/2590
f 573/629/2591 574/183/2592 155/421/2593
f 574/183/2594 543/320/2595 347/647/2596 346/426/2597
f 347/647/2598 543/320/2599 344/308/2600
f 574/183/2601 646/726/2602 647/514/2603 543/320/2604
f 542/532/2605 543/320/2606 644/609/2607 645/397/2608
f 253/267/2609 272/535/2610 154/217/2611 190/520/2612
f 464/755/2613 569/740/2614 441/593/2615
f 552/347/2616 566/827/2617 463/425/2618 460/509/2619
f 272/535/2620 269/860/2621 176/810/2622 177/603/2623
f 276/775/2624 178/557/2625 180/279/2626
f 261/739/2627 276/775/2628 180/279/2629 182/391/2630
f 150/747/2631 261/739/2632 182/391/2633
f 276/775/2634 573/629/2635 135/714/2636 178/557/2637
f 442/922/2638 573/629/2639 422/859/2640
f 465/545/2641 576/299/2642 467/668/2643
f 576/299/2644 552/347/2645 469/783/2646 467/668/2647
f 469/783/2648 552/347/2649 437/355/2650
g default
v 2.770598 0.076120 2.229402
v 2.500000 0.076120 2.117317
v 2.229402 0.076120 2.229402
v 2.117317 0.076120 2.500000
v 2.229402 0.076120 2.770598
v 2.500000 0.076120 2.882684
v 2.770598 0.076120 2.770598
v 2.882684 0.076120 2.500000
v 3.000000 0.292893 2.000000
v 2.500000 0.292893 1.792893
v 2.000000 0.292893 2.000000
v 1.792893 0.292893 2.500000
v 2.000000 0.292893 3.000000
v 2.500000 0.292893 3.207107
v 3.000000 0.292893 3.000000
v 3.207107 0.292893 2.500000
v 3.153281 0.617317 1.846719
v 2.500000 0.617317 1.576121
v 1.846719 0.617317 1.846719
v 1.576121 0.617317 2.500000
v 1.846719 0.617317 3.153281
v 2.500000 0.617317 3.423879
v 3.153281 0.617317 3.153281
v 3.423880 0.617317 2.500000
v 3.207107 1.000000 1.792893
v 2.500000 1.000000 1.500000
v 1.792893 1.000000 1.792893
v 1.500000 1.000000 2.500000
v 1.792893 1.000000 3.207107
v 2.500000 1.000000 3.500000
v 3.207107 1.000000 3.207107
v 3.500000 1.000000 2.500000
v 3.153281 1.382683 1.846719
v 2.500000 1.382683 1.576121
v 1.846719 1.382683 1.846719
v 1.576121 1.382683 2.500000
v 1.846719 1.382683 3.153281
v 2.500000 1.382683 3.423879
v 3.153281 1.382683 3.153281
v 3.423880 1.382683 2.500000
v 3.000000 1.707107 2.000000
v 2.500000 1.707107 1.792893
v 2.000000 1.707107 2.000000
v 1.792893 1.707107 2.500000
v 2.000000 1.707107 3.000000
v 2.500000 1.707107 3.207107
v 3.000000 1.707107 3.000000
v 3.207107 1.707107 2.500000
v 2.770598 1.923880 2.229402
v 2.500000 1.923880 2.117317
v 2.229402 1.923880 2.229402
v 2.117317 1.923880 2.500000
v 2.229402 1.923880 2.770598
v 2.500000 1.923880 2.882684
v 2.770598 1.923880 2.770598
v 2.882684 1.923880 2.500000
v 2.500000 0.000000 2.500000
v 2.500000 2.000000 2.500000
vt 0.000000 0.125000
vt 0.125000 0.125000
vt 0.250000 0.125000
vt 0.375000 0.125000
vt 0.500000 0.125000
vt 0.625000 0.125000
vt 0.750000 0.125000
vt 0.875000 0.125000
vt 1.000000 0.125000
vt 0.000000 0.250000
vt 0.125000 0.250000
vt 0.250000 0.250000
vt 0.375000 0.250000
vt 0.500000 0.250000
vt 0.625000 0.250000
vt 0.750000 0.250000
vt 0.875000 0.250000
vt 1.000000 0.250000
vt 0.000000 0.375000
vt 0.125000 0.375000
vt 0.250000 0.375000
vt 0.375000 0.375000
vt 0.500000 0.375000
vt 0.625000 0.375000
vt 0.750000 0.375000
vt 0.875000 0.375000
vt 1.000000 0.375000
vt 0.000000 0.500000
vt 0.125000 0.500000
vt 0.250000 0.500000
vt 0.375000 0.500000
vt 0.500000 0.500000
vt 0.625000 0.500000
vt 0.750000 0.500000
vt 0.875000 0.500000
vt 1.000000 0.500000
vt 0.000000 0.625000
vt 0.125000 0.625000
vt 0.250000 0.625000
vt 0.375000 0.625000
vt 0.500000 0.625000
vt 0.625000 0.625000
vt 0.750000 0.625000
vt 0.875000 0.625000
vt 1.000000 0.625000
vt 0.000000 0.750000
vt 0.125000 0.750000
vt 0.250000 0.750000
vt 0.375000 0.750000
vt 0.500000 0.750000
vt 0.625000 0.750000
vt 0.750000 0.750000
vt 0.875000 0.750000
vt 1.000000 0.750000
vt 0.000000 0.875000
vt 0.125000 0.875000
vt 0.250000 0.875000
vt 0.375000 0.875000
vt 0.500000 0.875000
vt 0.625000 0.875000
vt 0.750000 0.875000
vt 0.875000 0.875000
vt 1.000000 0.875000
vt 0.062500 0.000000
vt 0.187500 0.000000
vt 0.312500 0.000000
vt 0.437500 0.000000
vt 0.562500 0.000000
vt 0.687500 0.000000
vt 0.812500 0.000000
vt 0.937500 0.000000
vt 0.062500 1.000000
vt 0.187500 1.000000
vt 0.312500 1.000000
vt 0.437500 1.000000
vt 0.562500 1.000000
vt 0.687500 1.000000
vt 0.812500 1.000000
vt 0.937500 1.000000
vn 0.224263 -0.810291 -0.541419
vn 0.224263 -0.810291 -0.541419
vn 0.224263 -0.810291 -0.541419
vn 0.224263 -0.810291 -0.541419
vn -0.224263 -0.810291 -0.541419
vn -0.224263 -0.810291 -0.541419
vn -0.224263 -0.810291 -0.541419
vn -0.224263 -0.810291 -0.541419
vn -0.541419 -0.810291 -0.224263
vn -0.541419 -0.810291 -0.224263
vn -0.541419 -0.810291 -0.224263
vn -0.541419 -0.810291 -0.224263
vn -0.541419 -0.810291 0.224263
vn -0.541419 -0.810291 0.224263
vn -0.541419 -0.810291 0.224263
vn -0.541419 -0.810291 0.224263
vn -0.224264 -0.810291 0.541419
vn -0.224264 -0.810291 0.541419
vn -0.224264 -0.810291 0.541419
vn -0.224264 -0.810291 0.541419
vn 0.224264 -0.810291 0.541419
vn 0.224264 -0.810291 0.541419
vn 0.224264 -0.810291 0.541419
vn 0.224264 -0.810291 0.541419
vn 0.541419 -0.810291 0.224263
vn 0.541419 -0.810291 0.224263
vn 0.541419 -0.810291 0.224263
vn 0.541419 -0.810291 0.224263
vn 0.541419 -0.810291 -0.224263
vn 0.541419 -0.810291 -0.224263
vn 0.541419 -0.810291 -0.224263
vn 0.541419 -0.810291 -0.224263
vn 0.325635 -0.525289 -0.786151
vn 0.325635 -0.525289 -0.786151
vn 0.325635 -0.525289 -0.786151
vn 0.325635 -0.525289 -0.786151
vn -0.325635 -0.525289 -0.786151
vn -0.325635 -0.525289 -0.786151
vn -0.325635 -0.525289 -0.786151
vn -0.325635 -0.525289 -0.786151
vn -0.786151 -0.525289 -0.325634
vn -0.786151 -0.525289 -0.325634
vn -0.786151 -0.525289 -0.325634
vn -0.786151 -0.525289 -0.325634
vn -0.786151 -0.525289 0.325634
vn -0.786151 -0.525289 0.325634
vn -0.786151 -0.525289 0.325634
vn -0.786151 -0.525289 0.325634
vn -0.325635 -0.525289 0.786151
vn -0.325635 -0.525289 0.786151
vn -0.325635 -0.525289 0.786151
vn -0.325635 -0.525289 0.786151
vn 0.325635 -0.525289 0.786151
vn 0.325635 -0.525289 0.786151
vn 0.325635 -0.525289 0.786151
vn 0.325635 -0.525289 0.786151
vn 0.786151 -0.525289 0.325634
vn 0.786151 -0.525289 0.325634
vn 0.786151 -0.525289 0.325635
vn 0.786151 -0.525289 0.325635
vn 0.786151 -0.525289 -0.325635
vn 0.786151 -0.525289 -0.325635
vn 0.786151 -0.525289 -0.325635
vn 0.786151 -0.525289 -0.325635
vn 0.376380 -0.180744 -0.908664
vn 0.376380 -0.180744 -0.908663
vn 0.376380 -0.180744 -0.908663
vn 0.376380 -0.180744 -0.908664
vn -0.376380 -0.180744 -0.908663
vn -0.376380 -0.180744 -0.908663
vn -0.376380 -0.180744 -0.908663
vn -0.376380 -0.180744 -0.908663
vn -0.908663 -0.180744 -0.376381
vn -0.908663 -0.180744 -0.376381
vn -0.908663 -0.180744 -0.376381
vn -0.908663 -0.180744 -0.376381
vn -0.908663 -0.180744 0.376381
vn -0.908663 -0.180744 0.376381
vn -0.908663 -0.180744 0.376381
vn -0.908663 -0.180744 0.376381
vn -0.376381 -0.180744 0.908663
vn -0.376381 -0.180744 0.908663
vn -0.376381 -0.180744 0.908663
vn -0.376381 -0.180744 0.908663
vn 0.376380 -0.180745 0.908663
vn 0.376380 -0.180745 0.908663
vn 0.376380 -0.180745 0.908663
vn 0.376380 -0.180745 0.908663
vn 0.908663 -0.180745 0.376381
vn 0.908663 -0.180745 0.376381
vn 0.908663 -0.180745 0.376381
vn 0.908663 -0.180745 0.376381
vn 0.908663 -0.180744 -0.376381
vn 0.908663 -0.180744 -0.376381
vn 0.908663 -0.180744 -0.376381
vn 0.908663 -0.180744 -0.376381
vn 0.376380 0.180745 -0.908663
vn 0.376380 0.180745 -0.908663
vn 0.376380 0.180745 -0.908664
vn 0.376380 0.180745 -0.908664
vn -0.376380 0.180744 -0.908663
vn -0.376380 0.180744 -0.908663
vn -0.376380 0.180744 -0.908663
vn -0.376380 0.180744 -0.908663
vn -0.908663 0.180744 -0.376381
vn -0.908663 0.180744 -0.376381
vn -0.908663 0.180744 -0.376381
vn -0.908663 0.180744 -0.376381
vn -0.908663 0.180744 0.376381
vn -0.908663 0.180744 0.376381
vn -0.908663 0.180744 0.376381
vn -0.908663 0.180744 0.376381
vn -0.376381 0.180744 0.908663
vn -0.376381 0.180744 0.908663
vn -0.376381 0.180744 0.908663
vn -0.376381 0.180744 0.908663
vn 0.376381 0.180745 0.908663
vn 0.376381 0.180745 0.908663
vn 0.376381 0.180745 0.908663
vn 0.376381 0.180745 0.908663
vn 0.908663 0.180745 0.376381
vn 0.908663 0.180745 0.376381
vn 0.908663 0.180745 0.376381
vn 0.908663 0.180745 0.376381
vn 0.908663 0.180744 -0.376381
vn 0.908663 0.180744 -0.376381
vn 0.908663 0.180744 -0.376381
vn 0.908663 0.180744 -0.376381
vn 0.325635 0.525289 -0.786151
vn 0.325635 0.525289 -0.786151
vn 0.325635 0.525289 -0.786151
vn 0.325635 0.525289 -0.786151
vn -0.325634 0.525289 -0.786151
vn -0.325634 0.525289 -0.786151
vn -0.325634 0.525289 -0.786151
vn -0.325634 0.525289 -0.786151
vn -0.786151 0.525289 -0.325634
vn -0.786151 0.525289 -0.325634
vn -0.786151 0.525289 -0.325634
vn -0.786151 0.525289 -0.325634
vn -0.786151 0.525289 0.325634
vn -0.786151 0.525289 0.325634
vn -0.786151 0.525289 0.325634
vn -0.786151 0.525289 0.325634
vn -0.325634 0.525289 0.786151
vn -0.325634 0.525289 0.786151
vn -0.325634 0.525289 0.786151
vn -0.325634 0.525289 0.786151
vn 0.325635 0.525289 0.786151
vn 0.325634 0.525289 0.786151
vn 0.325634 0.525289 0.786151
vn 0.325634 0.525289 0.786151
vn 0.786151 0.525289 0.325635
vn 0.786151 0.525289 0.325635
vn 0.786151 0.525289 0.325635
vn 0.786151 0.525289 0.325635
vn 0.786151 0.525289 -0.325635
vn 0.786151 0.525289 -0.325635
vn 0.786151 0.525289 -0.325635
vn 0.786151 0.525289 -0.325635
vn 0.224263 0.810291 -0.541419
vn 0.224263 0.810291 -0.541419
vn 0.224263 0.810291 -0.541419
vn 0.224263 0.810291 -0.541419
vn -0.224263 0.810291 -0.541419
vn -0.224263 0.810291 -0.541419
vn -0.224263 0.810291 -0.541419
vn -0.224263 0.810291 -0.541419
vn -0.541419 0.810291 -0.224263
vn -0.541419 0.810291 -0.224263
vn -0.541419 0.810291 -0.224263
vn -0.541419 0.810291 -0.224263
vn -0.541419 0.810291 0.224263
vn -0.541419 0.810291 0.224263
vn -0.541419 0.810291 0.224263
vn -0.541419 0.810291 0.224263
vn -0.224264 0.810291 0.541419
vn -0.224264 0.810291 0.541419
vn -0.224264 0.810291 0.541419
vn -0.224264 0.810291 0.541419
vn 0.224264 0.810291 0.541419
vn 0.224264 0.810291 0.541419
vn 0.224264 0.810291 0.541419
vn 0.224264 0.810291 0.541419
vn 0.541419 0.810291 0.224264
vn 0.541419 0.810291 0.224264
vn 0.541419 0.810291 0.224264
vn 0.541419 0.810291 0.224264
vn 0.541419 0.810291 -0.224264
vn 0.541419 0.810291 -0.224264
vn 0.541419 0.810291 -0.224264
vn 0.541419 0.810291 -0.224264
vn 0.080547 -0.977599 -0.194457
vn 0.080547 -0.977599 -0.194457
vn 0.080547 -0.977599 -0.194457
vn -0.080547 -0.977599 -0.194457
vn -0.080547 -0.977599 -0.194457
vn -0.080547 -0.977599 -0.194457
vn -0.194457 -0.977599 -0.080547
vn -0.194457 -0.977599 -0.080547
vn -0.194457 -0.977599 -0.080547
vn -0.194457 -0.977599 0.080547
vn -0.194457 -0.977599 0.080547
vn -0.194457 -0.977599 0.080547
vn -0.080547 -0.977599 0.194457
vn -0.080547 -0.977599 0.194457
vn -0.080547 -0.977599 0.194457
vn 0.080547 -0.977599 0.194456
vn 0.080547 -0.977599 0.194456
vn 0.080547 -0.977599 0.194456
vn 0.194457 -0.977599 0.080547
vn 0.194457 -0.977599 0.080547
vn 0.194457 -0.977599 0.080547
vn 0.194457 -0.977599 -0.080547
vn 0.194457 -0.977599 -0.080547
vn 0.194457 -0.977599 -0.080547
vn 0.080547 0.977599 -0.194457
vn 0.080547 0.977599 -0.194457
vn 0.080547 0.977599 -0.194457
vn -0.080547 0.977599 -0.194457
vn -0.080547 0.977599 -0.194457
vn -0.080547 0.977599 -0.194457
vn -0.194457 0.977599 -0.080547
vn -0.194457 0.977599 -0.080547
vn -0.194457 0.977599 -0.080547
vn -0.194457 0.977599 0.080547
vn -0.194457 0.977599 0.080547
vn -0.194457 0.977599 0.080547
vn -0.080547 0.977599 0.194456
vn -0.080547 0.977599 0.194456
vn -0.080547 0.977599 0.194456
vn 0.080547 0.977599 0.194457
vn 0.080547 0.977599 0.194457
vn 0.080547 0.977599 0.194457
vn 0.194457 0.977599 0.080547
vn 0.194457 0.977599 0.080547
vn 0.194457 0.977599 0.080547
vn 0.194457 0.977599 -0.080547
vn 0.194457 0.977599 -0.080547
vn 0.194457 0.977599 -0.080547
s off
g pSphere19 Balls
usemtl aiStandardSurface1SG
f 659/931/2651 660/932/2652 668/941/2653 667/940/2654
f 660/932/2655 661/933/2656 669/942/2657 668/941/2658
f 661/933/2659 662/934/2660 670/943/2661 669/942/2662
f 662/934/2663 663/935/2664 671/944/2665 670/943/2666
f 663/935/2667 664/936/2668 672/945/2669 671/944/2670
f 664/936/2671 665/937/2672 673/946/2673 672/945/2674
f 665/937/2675 666/938/2676 674/947/2677 673/946/2678
f 666/938/2679 659/939/2680 667/948/2681 674/947/2682
f 667/940/2683 668/941/2684 676/950/2685 675/949/2686
f 668/941/2687 669/942/2688 677/951/2689 676/950/2690
f 669/942/2691 670/943/2692 678/952/2693 677/951/2694
f 670/943/2695 671/944/2696 679/953/2697 678/952/2698
f 671/944/2699 672/945/2700 680/954/2701 679/953/2702
f 672/945/2703 673/946/2704 681/955/2705 680/954/2706
f 673/946/2707 674/947/2708 682/956/2709 681/955/2710
f 674/947/2711 667/948/2712 675/957/2713 682/956/2714
f 675/949/2715 676/950/2716 684/959/2717 683/958/2718
f 676/950/2719 677/951/2720 685/960/2721 684/959/2722
f 677/951/2723 678/952/2724 686/961/2725 685/960/2726
f 678/952/2727 679/953/2728 687/962/2729 686/961/2730
f 679/953/2731 680/954/2732 688/963/2733 687/962/2734
f 680/954/2735 681/955/2736 689/964/2737 688/963/2738
f 681/955/2739 682/956/2740 690/965/2741 689/964/2742
f 682/956/2743 675/957/2744 683/966/2745 690/965/2746
f 683/958/2747 684/959/2748 692/968/2749 691/967/2750
f 684/959/2751 685/960/2752 693/969/2753 692/968/2754
f 685/960/2755 686/961/2756 694/970/2757 693/969/2758
f 686/961/2759 687/962/2760 695/971/2761 694/970/2762
f 687/962/2763 688/963/2764 696/972/2765 695/971/2766
f 688/963/2767 689/964/2768 697/973/2769 696/972/2770
f 689/964/2771 690/965/2772 698/974/2773 697/973/2774
f 690/965/2775 683/966/2776 691/975/2777 698/974/2778
f 691/967/2779 692/968/2780 700/977/2781 699/976/2782
f 692/968/2783 693/969/2784 701/978/2785 700/977/2786
f 693/969/2787 694/970/2788 702/979/2789 701/978/2790
f 694/970/2791 695/971/2792 703/980/2793 702/979/2794
f 695/971/2795 696/972/2796 704/981/2797 703/980/2798
f 696/972/2799 697/973/2800 705/982/2801 704/981/2802
f 697/973/2803 698/974/2804 706/983/2805 705/982/2806
f 698/974/2807 691/975/2808 699/984/2809 706/983/2810
f 699/976/2811 700/977/2812 708/986/2813 707/985/2814
f 700/977/2815 701/978/2816 709/987/2817 708/986/2818
f 701/978/2819 702/979/2820 710/988/2821 709/987/2822
f 702/979/2823 703/980/2824 711/989/2825 710/988/2826
f 703/980/2827 704/981/2828 712/990/2829 711/989/2830
f 704/981/2831 705/982/2832 713/991/2833 712/990/2834
f 705/982/2835 706/983/2836 714/992/2837 713/991/2838
f 706/983/2839 699/984/2840 707/993/2841 714/992/2842
f 660/932/2843 659/931/2844 715/994/2845
f 661/933/2846 660/932/2847 715/995/2848
f 662/934/2849 661/933/2850 715/996/2851
f 663/935/2852 662/934/2853 715/997/2854
f 664/936/2855 663/935/2856 715/998/2857
f 665/937/2858 664/936/2859 715/999/2860
f 666/938/2861 665/937/2862 715/1000/2863
f 659/939/2864 666/938/2865 715/1001/2866
f 707/985/2867 708/986/2868 716/1002/2869
f 708/986/2870 709/987/2871 716/1003/2872
f 709/987/2873 710/988/2874 716/1004/2875
f 710/988/2876 711/989/2877 716/1005/2878
f 711/989/2879 712/990/2880 716/1006/2881
f 712/990/2882 713/991/2883 716/1007/2884
f 713/991/2885 714/992/2886 716/1008/2887
f 714/992/2888 707/993/2889 716/1009/2890
