# This file uses centimeters as units for non-parametric coordinates.

mtllib CryoOrbPlant.mtl
g default
v 2.651245 0.764605 4.888519
v 2.638458 0.721003 4.897034
v 2.630249 0.771233 4.869507
v 2.665009 0.820990 4.864029
v 2.669769 0.759613 4.908600
v 2.645782 0.719290 4.906235
v 2.652557 0.717979 4.915710
v 2.683411 0.757792 4.930893
v 2.694275 0.813850 4.898605
v 2.714966 0.812429 4.936966
v 2.722656 0.867542 4.886978
v 2.692291 0.871147 4.836792
v 2.743347 0.870747 4.941299
v 2.753876 0.920176 4.873932
v 2.723206 0.921013 4.811005
v 2.786926 0.971279 4.860153
v 2.775085 0.926586 4.941055
v 2.816620 0.973759 4.933624
v 2.791718 0.936604 5.010178
v 2.841797 0.980061 5.009262
v 2.759369 0.877377 4.997757
v 2.731354 0.813887 4.977142
v 2.694519 0.757610 4.954391
v 2.663116 0.717360 4.935989
v 2.658173 0.717470 4.925659
v 2.651154 0.701988 4.928909
v 2.648682 0.702024 4.923615
v 2.649231 0.699001 4.928070
v 2.647003 0.699038 4.923401
v 2.647736 0.695942 4.928055
v 2.645660 0.696014 4.923706
v 2.636139 0.661265 4.932755
v 2.634094 0.661302 4.928406
v 2.604187 0.563209 4.945587
v 2.562103 0.433498 4.962433
v 2.602112 0.563245 4.941238
v 2.600037 0.563318 4.936890
v 2.559906 0.433571 4.958176
v 2.557831 0.433608 4.953827
v 2.555756 0.433680 4.949478
v 2.553680 0.433717 4.945129
v 2.597870 0.563354 4.932510
v 2.629822 0.661411 4.919678
v 2.595795 0.563427 4.928162
v 2.627777 0.661448 4.915329
v 2.639313 0.696161 4.910751
v 2.641388 0.696125 4.915100
v 2.640320 0.699221 4.909653
v 2.640991 0.702244 4.907761
v 2.642517 0.699148 4.914322
v 2.643463 0.702171 4.913071
v 2.644775 0.699112 4.918869
v 2.646057 0.702099 4.918396
v 2.643433 0.696051 4.919449
v 2.632019 0.661338 4.924057
v 2.891754 1.022640 5.002472
v 2.859100 1.019691 4.923004
v 2.924133 1.079281 4.997818
v 2.893433 1.071777 4.913086
v 2.955048 1.133335 4.987747
v 2.927979 1.121643 4.900040
v 3.000885 1.168049 4.965454
v 3.046417 1.201488 4.937531
v 2.970703 1.160912 4.880600
v 2.936157 1.158031 4.797668
v 3.013885 1.198536 4.857956
v 2.977142 1.199921 4.780228
v 3.050110 1.243484 4.835526
v 3.019531 1.239735 4.762360
v 3.085846 1.285995 4.810455
v 3.076263 1.251537 4.910614
v 3.104279 1.298851 4.878860
v 3.143890 1.324024 4.836014
v 3.128113 1.316372 4.779495
v 3.185455 1.341942 4.786514
v 3.171722 1.342018 4.745041
v 3.218903 1.367516 4.734802
v 3.211823 1.370354 4.709290
v 3.248169 1.396946 4.682159
v 3.250061 1.400078 4.672852
v 3.249298 1.401718 4.664719
v 3.243317 1.400261 4.658813
v 3.182983 1.381500 4.664536
v 3.201080 1.374580 4.685333
v 3.153564 1.345623 4.705475
v 3.126678 1.356331 4.669891
v 3.107605 1.312984 4.725067
v 3.078125 1.318195 4.674591
v 3.062958 1.277470 4.743958
v 3.031372 1.277508 4.681335
v 2.980225 1.244614 4.693054
v 2.995300 1.281879 4.620743
v 2.936676 1.253757 4.625717
v 3.044037 1.327702 4.626114
v 3.095337 1.370537 4.636108
v 3.161224 1.389805 4.645325
v 3.234589 1.397274 4.654068
v 2.882141 1.224033 4.634506
v 2.931793 1.209831 4.706390
v 2.845520 1.173405 4.641129
v 2.811890 1.119896 4.652222
v 2.892944 1.163605 4.718475
v 2.856323 1.114941 4.732315
v 2.814484 1.072979 4.751465
v 2.896454 1.114140 4.814224
v 2.858368 1.068317 4.830292
v 2.821808 1.020672 4.845535
v 2.775543 1.029526 4.772125
v 2.748016 0.976345 4.790695
v 2.724854 1.042309 4.700638
v 2.704620 0.985157 4.723251
v 2.766144 1.081722 4.674545
v 2.687805 0.925421 4.750046
v 2.657043 0.878178 4.788788
v 2.631409 0.830971 4.831375
v 2.601227 0.781214 5.059738
v 2.588409 0.737247 5.048401
v 2.622894 0.786314 5.039627
v 2.632935 0.835524 5.072678
v 2.578430 0.777935 5.077728
v 2.594177 0.831553 5.101044
v 2.578094 0.736410 5.055542
v 2.553925 0.778336 5.091049
v 2.567535 0.735973 5.062210
v 2.569183 0.719437 5.053802
v 2.563354 0.719946 5.056427
v 2.556549 0.736483 5.067642
v 2.557587 0.720419 5.058914
v 2.545258 0.737431 5.072571
v 2.528320 0.780558 5.102112
v 2.551819 0.720894 5.061417
v 2.552643 0.717651 5.059708
v 2.557648 0.717251 5.057541
v 2.552429 0.714483 5.058533
v 2.557159 0.714083 5.056427
v 2.547058 0.677876 5.053650
v 2.551788 0.677475 5.051544
v 2.532532 0.574355 5.040817
v 2.513489 0.437396 5.024063
v 2.537262 0.573954 5.038727
v 2.518219 0.436995 5.021957
v 2.542114 0.573553 5.036652
v 2.546844 0.573189 5.034546
v 2.556549 0.677074 5.049438
v 2.522980 0.436594 5.019867
v 2.527710 0.436194 5.017761
v 2.532440 0.435793 5.015656
v 2.551575 0.572788 5.032455
v 2.566132 0.676310 5.045273
v 2.571503 0.712915 5.050171
v 2.561401 0.676674 5.047379
v 2.566650 0.713280 5.052231
v 2.567627 0.716413 5.053207
v 2.561890 0.713680 5.054337
v 2.562622 0.716814 5.055374
v 2.572754 0.715977 5.050949
v 2.574951 0.718964 5.051300
v 2.508514 0.840185 5.138336
v 2.552216 0.834211 5.121536
v 2.493683 0.906261 5.169312
v 2.554077 0.892311 5.151932
v 2.487549 0.964142 5.206009
v 2.561279 0.944691 5.187363
v 2.494202 0.999035 5.259201
v 2.508087 1.030033 5.314743
v 2.575562 0.983376 5.232758
v 2.593964 1.017685 5.281006
v 2.655579 0.972702 5.202728
v 2.732788 0.971935 5.165634
v 2.633392 0.929829 5.164764
v 2.678864 1.010693 5.244049
v 2.761261 1.014263 5.200546
v 2.703186 1.043438 5.288055
v 2.790314 1.041107 5.245346
v 2.613953 1.056953 5.324997
v 2.728180 1.070721 5.334595
v 2.817932 1.063183 5.294739
v 2.753784 1.092247 5.382980
v 2.636841 1.089916 5.369263
v 2.663971 1.105324 5.418793
v 2.544739 1.114979 5.401489
v 2.573669 1.124374 5.452225
v 2.523865 1.076077 5.358917
v 2.608368 1.129292 5.502563
v 2.694183 1.116253 5.468658
v 2.646698 1.154572 5.543808
v 2.689850 1.178577 5.582413
v 2.726318 1.135921 5.514359
v 2.805206 1.123356 5.482605
v 2.760925 1.154755 5.558960
v 2.830994 1.136871 5.532715
v 2.798828 1.163277 5.605362
v 2.839722 1.170601 5.651657
v 2.856995 1.152607 5.582901
v 2.739441 1.179634 5.624420
v 2.794708 1.176098 5.665985
v 2.854919 1.186264 5.702301
v 2.917664 1.203236 5.736176
v 2.883362 1.185898 5.695679
v 2.883392 1.169800 5.633743
v 2.910278 1.187683 5.685562
v 2.928345 1.205204 5.738571
v 2.937561 1.205860 5.738052
v 2.943756 1.203930 5.731781
v 2.934143 1.193619 5.668579
v 2.923950 1.178432 5.608261
v 2.963104 1.191799 5.578903
v 2.956390 1.201706 5.648071
v 2.948425 1.200687 5.722717
v 2.967224 1.160072 5.521057
v 2.966797 1.130932 5.466614
v 2.912750 1.153481 5.553757
v 2.899323 1.130932 5.500977
v 2.882904 1.123028 5.446213
v 2.863739 1.114796 5.392319
v 2.959900 1.128784 5.407532
v 2.947388 1.126343 5.350021
v 2.930115 1.096363 5.300278
v 2.906921 1.061470 5.252304
v 2.842255 1.091301 5.342758
v 2.876495 1.044350 5.199890
v 2.842560 1.023186 5.153793
v 2.808685 0.976124 5.124817
v 2.769836 0.922981 5.099960
v 2.702484 0.924110 5.134354
v 2.721283 0.883459 5.066177
v 2.670074 0.842808 5.040375
v 2.667969 0.880909 5.100464
v 2.612762 0.882475 5.130463
v 2.779480 1.109367 5.432648
v 2.541107 0.768610 4.783966
v 2.530609 0.692446 4.860245
v 2.456818 0.814835 4.818878
v 2.533264 0.820044 4.686966
v 2.544495 0.691389 4.858704
v 2.631226 0.762383 4.773682
v 2.681061 0.855047 4.682114
v 2.558411 0.690332 4.857040
v 2.554291 0.685707 4.860992
v 2.554321 0.680571 4.864471
v 2.544525 0.686436 4.862198
v 2.534882 0.687164 4.863297
v 2.544556 0.681335 4.865677
v 2.534912 0.682064 4.866776
v 2.535187 0.435684 4.934082
v 2.525421 0.436412 4.935287
v 2.544800 0.434955 4.932968
v 2.696777 0.823175 4.560822
v 2.695007 0.846159 4.441269
v 2.521698 0.835707 4.580963
v 2.350006 0.896864 4.600845
v 2.507629 0.814398 4.476471
v 2.322266 0.829622 4.499596
v 2.492828 0.772726 4.377304
v 2.319550 0.831881 4.384911
v 2.478058 0.731201 4.278854
v 2.668213 0.761215 4.358917
v 2.623230 0.767044 4.250595
v 2.554565 0.686800 4.177231
v 2.466125 0.652414 4.092865
v 2.463409 0.689968 4.181122
v 2.335632 0.744570 4.299973
v 2.449005 0.649136 4.084160
v 2.375916 0.744606 4.183144
v 2.434937 0.654781 4.096619
v 2.390228 0.831480 4.704300
v 2.651886 0.669388 5.017181
v 2.607239 0.617701 4.984253
v 2.714935 0.702135 5.050858
v 2.671051 0.693647 4.957733
v 2.602142 0.618247 4.991943
v 2.618652 0.673359 5.066879
v 2.656311 0.739725 5.124863
v 2.597046 0.618793 4.999634
v 2.596191 0.615296 4.996201
v 2.593750 0.611873 4.995071
v 2.599701 0.614932 4.990829
v 2.603302 0.614532 4.985474
v 2.597382 0.611508 4.989731
v 2.600891 0.611108 4.984360
v 2.549103 0.443734 4.964920
v 2.545502 0.444098 4.970261
v 2.541992 0.444499 4.975632
v 2.717804 0.717432 5.185318
v 2.782440 0.710003 5.088608
v 2.789368 0.730947 5.233139
v 2.847656 0.692410 5.126663
v 2.843048 0.669097 5.259094
v 2.925537 0.667093 5.281601
v 2.908752 0.660937 5.163101
v 2.982849 0.685270 5.069824
v 2.969360 0.629576 5.199265
v 3.019379 0.625751 5.118469
v 3.029663 0.598432 5.235214
v 3.069794 0.627572 5.187515
v 3.089294 0.567579 5.270813
v 3.077118 0.571587 5.275620
v 2.992340 0.604697 5.282471
v 3.088531 0.570348 5.258377
v 2.915100 0.685888 5.023407
v 2.848907 0.736082 4.991043
v 2.767303 0.696890 4.971573
v 2.618774 0.829733 4.999542
v 2.606934 0.777353 4.995560
v 2.638580 0.832973 4.972351
v 2.650421 0.896280 4.999268
v 2.597260 0.827911 5.023865
v 2.612946 0.894423 5.038269
v 2.596954 0.776989 5.005447
v 2.586456 0.776953 5.014771
v 2.572174 0.828894 5.042999
v 2.569489 0.897665 5.068192
v 2.575073 0.777643 5.022720
v 2.545349 0.831299 5.059540
v 2.522888 0.903456 5.093460
v 2.563324 0.778700 5.030014
v 2.570221 0.758593 5.018829
v 2.576263 0.758047 5.015015
v 2.571167 0.754732 5.017151
v 2.576355 0.754295 5.013931
v 2.570862 0.750944 5.016235
v 2.575897 0.750507 5.013107
v 2.565277 0.708691 5.013351
v 2.570312 0.708254 5.010239
v 2.549988 0.589398 5.005875
v 2.529938 0.431604 4.996185
v 2.555023 0.588962 5.002747
v 2.534882 0.431167 4.993027
v 2.559967 0.588524 4.999588
v 2.564972 0.588087 4.996597
v 2.575256 0.707817 5.007080
v 2.539917 0.430730 4.989899
v 2.544861 0.430293 4.986740
v 2.549835 0.429856 4.983749
v 2.569885 0.587650 4.993439
v 2.585175 0.706942 5.000931
v 2.590790 0.749195 5.003799
v 2.580292 0.707380 5.003952
v 2.585846 0.749634 5.006958
v 2.586853 0.753347 5.007385
v 2.580841 0.750071 5.009949
v 2.581573 0.753822 5.010574
v 2.582428 0.757538 5.011246
v 2.588409 0.756990 5.007553
v 2.594452 0.756481 5.003754
v 2.592072 0.752911 5.004044
v 2.502625 0.982170 5.117462
v 2.569122 0.969715 5.090042
v 2.493439 1.055679 5.146042
v 2.504242 1.112282 5.193619
v 2.575317 1.038666 5.115860
v 2.654053 1.025261 5.080734
v 2.592560 1.098042 5.152664
v 2.677734 1.087696 5.106766
v 2.614563 1.155338 5.190842
v 2.635223 1.218098 5.221008
v 2.703339 1.147652 5.135712
v 2.522827 1.167213 5.241226
v 2.537079 1.235836 5.270081
v 2.557678 1.299580 5.297302
v 2.595306 1.339905 5.339874
v 2.660004 1.276962 5.251648
v 2.693787 1.322567 5.291168
v 2.759369 1.259075 5.201523
v 2.853180 1.250587 5.142441
v 2.730560 1.204838 5.167358
v 2.789673 1.310146 5.238083
v 2.880005 1.307522 5.176315
v 2.821136 1.357861 5.276917
v 2.904938 1.360741 5.213531
v 2.853851 1.402119 5.317780
v 2.732025 1.365147 5.331680
v 2.769806 1.414978 5.364975
v 2.640259 1.377457 5.382065
v 2.683167 1.433044 5.407959
v 2.731750 1.483418 5.431335
v 2.793518 1.505493 5.465469
v 2.810883 1.460434 5.397995
v 2.887543 1.442734 5.360458
v 2.859070 1.489868 5.437363
v 2.922119 1.479630 5.404785
v 2.911530 1.512192 5.477844
v 2.957458 1.511833 5.450867
v 2.934998 1.536530 5.527283
v 2.862976 1.517220 5.500732
v 2.965485 1.536385 5.514725
v 3.008148 1.559624 5.549438
v 3.020233 1.561516 5.549744
v 3.030182 1.562096 5.547485
v 2.993683 1.538383 5.498718
v 3.017151 1.544540 5.475510
v 3.036377 1.534195 5.375793
v 3.036194 1.560097 5.539780
v 3.038208 1.552849 5.448822
v 2.998169 1.520683 5.415421
v 2.979767 1.480213 5.363556
v 2.958923 1.435703 5.314178
v 3.034882 1.486225 5.317978
v 3.027710 1.433952 5.263809
v 3.008820 1.402447 5.201813
v 2.986053 1.368717 5.145905
v 2.932617 1.399677 5.261841
v 2.967651 1.309853 5.110016
v 2.944153 1.246872 5.078903
v 2.906586 1.200760 5.036911
v 2.820068 1.200542 5.104507
v 2.865784 1.153408 5.001755
v 2.832520 1.086601 4.990601
v 2.786011 1.148415 5.071030
v 2.756744 1.085220 5.051163
v 2.726166 1.018963 5.035507
v 2.688416 0.957657 5.014709
v 2.795044 1.016228 4.985168
v 2.741364 0.958057 4.966705
v 2.684845 0.900724 4.955750
v 2.632141 0.960499 5.057587
v 3.040222 1.556816 5.529419
v 2.461090 0.869181 5.070557
v 2.468201 0.811228 5.058319
v 2.494659 0.874754 5.087921
v 2.459930 0.943851 5.102310
v 2.430450 0.865320 5.051132
v 2.410675 0.938681 5.068192
v 2.455597 0.810026 5.049103
v 2.443695 0.809261 5.039413
v 2.405609 0.864737 5.027405
v 2.371765 0.939445 5.026505
v 2.433319 0.809298 5.028488
v 2.383728 0.865829 5.001480
v 2.337830 0.943233 4.981110
v 2.423767 0.809771 5.017105
v 2.438873 0.788317 5.023148
v 2.443848 0.788097 5.029037
v 2.441223 0.784201 5.023834
v 2.445465 0.784018 5.028946
v 2.442688 0.780085 5.023560
v 2.446686 0.779902 5.028336
v 2.450714 0.733788 5.016022
v 2.472626 0.603130 4.995422
v 2.454712 0.733606 5.020798
v 2.458832 0.733423 5.025604
v 2.476746 0.602948 5.000229
v 2.505798 0.430074 4.972931
v 2.480865 0.602766 5.005035
v 2.484985 0.602548 5.009842
v 2.509918 0.429892 4.977737
v 2.514038 0.429710 4.982544
v 2.518158 0.429528 4.987350
v 2.489166 0.602365 5.014511
v 2.467072 0.733059 5.035202
v 2.459045 0.779356 5.042740
v 2.462952 0.733242 5.030396
v 2.454926 0.779537 5.037933
v 2.454163 0.783617 5.038971
v 2.450806 0.779720 5.033127
v 2.449860 0.783800 5.033981
v 2.448822 0.787880 5.034790
v 2.453796 0.787624 5.040665
v 2.458862 0.787405 5.046570
v 2.458527 0.783400 5.044128
v 2.501770 0.430256 4.968155
v 2.304718 1.028542 4.960678
v 2.267853 1.108383 4.951950
v 2.342896 1.018452 5.026749
v 2.310547 1.094070 5.033768
v 2.386688 1.012005 5.088455
v 2.358978 1.083687 5.111557
v 2.442169 1.012733 5.141891
v 2.503265 1.017067 5.190979
v 2.418549 1.081177 5.181030
v 2.400238 1.154644 5.212128
v 2.483734 1.082596 5.246582
v 2.477936 1.161346 5.283661
v 2.464539 1.233250 5.317566
v 2.376373 1.221958 5.242996
v 2.422760 1.278309 5.363113
v 2.335938 1.272045 5.281143
v 2.371216 1.316410 5.407074
v 2.288727 1.314663 5.319992
v 2.328491 1.367477 5.436096
v 2.244232 1.359535 5.352386
v 2.280487 1.409550 5.460266
v 2.195831 1.395744 5.383102
v 2.212860 1.420803 5.489578
v 2.136749 1.412281 5.416962
v 2.138458 1.423683 5.514969
v 2.073608 1.420586 5.449097
v 2.069885 1.440693 5.527756
v 2.013123 1.431988 5.475197
v 1.950928 1.436321 5.498032
v 1.998138 1.451145 5.534065
v 1.882599 1.423462 5.520615
v 1.913849 1.434280 5.540359
v 1.811218 1.401974 5.543137
v 1.823486 1.403721 5.546700
v 1.801727 1.401207 5.537468
v 1.854706 1.415886 5.498367
v 1.798004 1.402447 5.527649
v 1.833649 1.414757 5.471161
v 1.797119 1.404667 5.515717
v 1.816101 1.416908 5.441353
v 1.871948 1.426376 5.414734
v 1.840332 1.431221 5.367661
v 1.874695 1.449654 5.294960
v 1.915436 1.436466 5.358849
v 1.910858 1.455154 5.229172
v 1.959839 1.436321 5.306282
v 1.940460 1.430748 5.176079
v 2.000519 1.417271 5.260139
v 1.974976 1.398075 5.127869
v 2.043030 1.389988 5.216888
v 2.025848 1.378986 5.076340
v 2.092865 1.365292 5.172424
v 2.077393 1.351524 5.032784
v 2.141754 1.332218 5.132828
v 2.113983 1.293789 5.007957
v 2.181549 1.279800 5.103653
v 2.152588 1.226257 4.989975
v 2.220459 1.218464 5.079208
v 2.210510 1.169361 4.966461
v 2.266571 1.158653 5.053543
v 2.328033 1.152279 5.136765
v 2.293274 1.215439 5.164764
v 2.253937 1.270840 5.195877
v 2.210663 1.318157 5.229599
v 2.164215 1.357025 5.265457
v 2.115387 1.387402 5.302841
v 2.064606 1.409294 5.341347
v 2.012756 1.422989 5.380501
v 1.960236 1.428745 5.419884
v 1.907501 1.426414 5.459206
v 2.514221 0.952011 5.132904
v 2.462250 0.710768 5.087158
v 2.498352 0.646331 5.043839
v 2.424622 0.755970 5.151260
v 2.535309 0.736082 5.101776
v 2.488983 0.646914 5.038910
v 2.402222 0.714809 5.054626
v 2.336700 0.796440 5.090515
v 2.479645 0.647460 5.033844
v 2.483643 0.643271 5.033188
v 2.484863 0.639119 5.030914
v 2.490112 0.642871 5.036591
v 2.496643 0.642469 5.040161
v 2.491302 0.638755 5.034439
v 2.497772 0.638353 5.037842
v 2.504974 0.445409 4.995193
v 2.511414 0.445009 4.998734
v 2.498383 0.445810 4.991760
v 2.263916 0.781759 5.159454
v 2.381042 0.774147 5.222534
v 2.208527 0.807367 5.234955
v 2.175171 0.745590 5.297806
v 2.335571 0.763729 5.293823
v 2.460541 0.757063 5.359604
v 2.291351 0.737286 5.362137
v 2.405914 0.766352 5.432404
v 2.247223 0.710949 5.430069
v 2.345093 0.706833 5.478271
v 2.203522 0.684795 5.497284
v 2.149475 0.753386 5.384949
v 2.146362 0.690842 5.460312
v 2.154510 0.662321 5.551147
v 2.160187 0.658861 5.564056
v 2.263153 0.718489 5.533997
v 2.175385 0.661047 5.562332
v 2.500916 0.804052 5.284348
v 2.520782 0.750616 5.202301
v 2.373718 0.624075 5.028870
v 2.398254 0.646841 5.069458
v 2.316956 0.645676 5.044098
v 2.419312 0.587176 5.016647
v 2.361053 0.624331 4.985046
v 2.301086 0.670991 4.973251
v 2.417236 0.587176 5.009933
v 2.420044 0.584736 5.011307
v 2.422241 0.582186 5.010834
v 2.421387 0.584736 5.016144
v 2.422791 0.584736 5.020844
v 2.423645 0.582223 5.015533
v 2.425018 0.582223 5.020248
v 2.473785 0.454370 5.002151
v 2.475189 0.454370 5.006851
v 2.472412 0.454334 4.997437
v 2.421234 0.587213 5.023453
v 2.232117 0.647788 4.975082
v 2.256927 0.647533 5.060333
v 2.163239 0.653215 4.988060
v 2.122223 0.601892 5.004799
v 2.199493 0.629576 5.075790
v 2.226593 0.630413 5.165863
v 2.145966 0.600982 5.090149
v 2.092896 0.572497 5.104507
v 2.161469 0.624986 5.177841
v 2.115631 0.574245 5.173462
v 2.040222 0.544231 5.118698
v 2.045929 0.569473 5.164391
v 1.988037 0.516220 5.132759
v 1.995941 0.519316 5.138794
v 1.991486 0.519279 5.123619
v 2.031006 0.546562 5.073952
v 2.063965 0.596792 5.037094
v 2.279175 0.673395 5.146088
v 2.337585 0.646149 5.113693
v 2.386200 0.637188 4.891495
v 2.407501 0.588014 4.925308
v 2.363556 0.658533 4.938278
v 2.354858 0.685743 4.858932
v 2.413208 0.587613 4.919876
v 2.423584 0.634748 4.857162
v 2.427521 0.701588 4.815384
v 2.419006 0.587176 4.914597
v 2.418671 0.584481 4.917709
v 2.420074 0.581567 4.919220
v 2.414612 0.584772 4.921387
v 2.410675 0.585064 4.925110
v 2.416016 0.581859 4.922913
v 2.412079 0.582150 4.926620
v 2.462494 0.455499 4.982071
v 2.466553 0.455208 4.978378
v 2.470490 0.454916 4.974655
v 2.393524 0.724791 4.757492
v 2.320923 0.730000 4.824249
v 2.372711 0.786568 4.725891
v 2.319458 0.798698 4.683395
v 2.284424 0.769667 4.787704
v 2.208527 0.775095 4.859482
v 2.246002 0.804453 4.749489
v 2.184570 0.833082 4.825188
v 2.205780 0.834249 4.709923
v 2.148682 0.837673 4.766731
v 2.164215 0.858835 4.669548
v 2.275238 0.853846 4.663223
v 2.204559 0.854866 4.638031
v 2.132782 0.875847 4.626968
v 2.121674 0.878178 4.628479
v 2.137329 0.885900 4.712044
v 2.119904 0.876793 4.638939
v 2.261169 0.756735 4.901688
v 2.296051 0.690260 4.914139
v 2.637817 0.554066 4.874634
v 2.612061 0.527548 4.895370
v 2.607056 0.570312 4.857529
v 2.666382 0.579017 4.851364
v 2.660980 0.553155 4.898560
v 2.696899 0.593114 4.895477
v 2.615723 0.527366 4.899063
v 2.613190 0.525873 4.899017
v 2.611847 0.524270 4.900162
v 2.610718 0.525982 4.896500
v 2.608276 0.526091 4.893845
v 2.609344 0.524415 4.897629
v 2.606781 0.524525 4.894943
v 2.556458 0.452767 4.939545
v 2.553955 0.452913 4.937012
v 2.558899 0.452658 4.942200
v 2.608551 0.527694 4.891708
v 2.741333 0.598541 4.873627
v 2.696320 0.600617 4.826843
v 2.770325 0.633436 4.855621
v 2.727112 0.618757 4.801437
v 2.803131 0.631032 4.822479
v 2.823975 0.660100 4.790466
v 2.758728 0.633327 4.775177
v 2.790894 0.644255 4.748520
v 2.709167 0.652961 4.732910
v 2.678589 0.621161 4.752518
v 2.752319 0.645930 4.711639
v 2.823212 0.651540 4.721344
v 2.796173 0.670627 4.701294
v 2.855438 0.655219 4.694138
v 2.847839 0.655182 4.693054
v 2.855865 0.654781 4.701355
v 2.844055 0.650265 4.747375
v 2.645294 0.619412 4.785812
v 2.629272 0.581020 4.813385
v 2.528137 0.596829 5.049561
v 2.531067 0.563719 5.016098
v 2.537201 0.563318 5.016754
v 2.570221 0.611691 5.043823
v 2.523041 0.618357 5.092529
v 2.488861 0.599779 5.044846
v 2.462524 0.642943 5.080276
v 2.524994 0.564156 5.015305
v 2.526947 0.561897 5.014069
v 2.527069 0.559675 5.012436
v 2.531189 0.561605 5.014465
v 2.535400 0.561315 5.014984
v 2.531281 0.559384 5.012955
v 2.535492 0.559093 5.013489
v 2.529236 0.452257 4.980835
v 2.533447 0.451966 4.981354
v 2.524902 0.452549 4.980270
v 2.439880 0.629684 5.129974
v 2.427887 0.639155 5.181656
v 2.516418 0.624111 5.139221
v 2.594238 0.639884 5.148849
v 2.508820 0.613621 5.184952
v 2.590149 0.608558 5.193909
v 2.501007 0.594243 5.228104
v 2.577942 0.608995 5.243164
v 2.493347 0.574938 5.270889
v 2.424683 0.600289 5.218094
v 2.431183 0.599634 5.269012
v 2.446808 0.560149 5.305893
v 2.485596 0.555778 5.313522
v 2.472076 0.539313 5.350296
v 2.477997 0.536764 5.355621
v 2.525787 0.573954 5.322235
v 2.485626 0.538366 5.351868
v 2.556274 0.571769 5.276337
v 2.585724 0.614313 5.099716
v 2.327332 0.753202 4.999603
v 2.377075 0.777061 5.065262
v 2.268433 0.838511 5.011429
v 2.311646 0.753021 4.926849
v 2.376862 0.667822 4.989914
v 2.379364 0.667894 5.001053
v 2.374390 0.667712 4.978638
v 2.379425 0.662941 4.989395
v 2.381195 0.663013 4.997147
v 2.381989 0.658024 4.988892
v 2.377686 0.662905 4.981537
v 2.380249 0.657950 4.981033
v 2.467682 0.446466 4.964127
v 2.469482 0.446502 4.971863
v 2.471222 0.446538 4.979721
v 2.383759 0.658060 4.996628
v 2.274384 0.863791 4.888977
v 2.172455 0.917225 4.882935
v 2.203125 0.918209 5.024475
v 2.126801 1.021072 4.882767
v 2.026855 1.056480 4.912300
v 2.132050 0.991753 5.038750
v 2.055908 1.058628 5.054207
v 2.166779 0.992298 5.188416
v 2.264374 0.947603 5.159454
v 2.114014 1.091412 5.189796
v 2.005066 1.117126 5.185341
v 1.975281 1.118366 5.070580
v 1.891083 1.170708 5.087730
v 1.932709 1.204803 5.154938
v 1.803833 1.215366 5.105530
v 1.816345 1.210922 5.116234
v 1.810669 1.210739 5.090981
v 1.881409 1.167175 5.013672
v 1.975311 1.150455 4.949471
v 2.294739 0.839531 5.126846
vt 0.846724 0.065462
vt 0.846724 0.065462
vt 0.846724 0.065462
vt 0.846724 0.065462
vt 0.846724 0.065462
vt 0.846724 0.065462
vt 0.846724 0.065462
vt 0.846724 0.065462
vt 0.846724 0.065462
vt 0.846724 0.065462
vt 0.846724 0.065462
vt 0.846724 0.065462
vt 0.841012 0.069944
vt 0.841012 0.069944
vt 0.841012 0.069944
vt 0.841012 0.069944
vt 0.852404 0.069944
vt 0.852404 0.069944
vt 0.852404 0.069944
vt 0.852404 0.069944
vt 0.835299 0.074332
vt 0.835299 0.074332
vt 0.835299 0.074332
vt 0.835299 0.074332
vt 0.835299 0.074332
vt 0.835299 0.074332
vt 0.835299 0.074332
vt 0.835299 0.074332
vt 0.835299 0.074332
vt 0.835299 0.074332
vt 0.835299 0.074332
vt 0.835299 0.074332
vt 0.858083 0.074332
vt 0.858083 0.074332
vt 0.858083 0.074332
vt 0.858083 0.074332
vt 0.858083 0.074332
vt 0.858083 0.074332
vt 0.858083 0.074332
vt 0.858083 0.074332
vt 0.858083 0.074332
vt 0.858083 0.074332
vt 0.858083 0.074332
vt 0.858083 0.074332
vt 0.846724 0.107999
vt 0.846724 0.107999
vt 0.846724 0.107999
vt 0.846724 0.107999
vt 0.827441 0.109907
vt 0.827441 0.109907
vt 0.827441 0.109907
vt 0.827441 0.109907
vt 0.865975 0.109907
vt 0.865975 0.109907
vt 0.865975 0.109907
vt 0.865975 0.109907
vt 0.808190 0.113626
vt 0.808190 0.113626
vt 0.808190 0.113626
vt 0.808190 0.113626
vt 0.885226 0.113626
vt 0.885226 0.113626
vt 0.885226 0.113626
vt 0.885226 0.113626
vt 0.846724 0.146817
vt 0.846724 0.146817
vt 0.846724 0.146817
vt 0.846724 0.146817
vt 0.846724 0.146817
vt 0.846724 0.146817
vt 0.846724 0.146817
vt 0.846724 0.146817
vt 0.846724 0.148438
vt 0.846724 0.148438
vt 0.846724 0.148438
vt 0.846724 0.148438
vt 0.814860 0.149965
vt 0.814860 0.149965
vt 0.814860 0.149965
vt 0.814860 0.149965
vt 0.878556 0.149965
vt 0.878556 0.149965
vt 0.878556 0.149965
vt 0.878556 0.149965
vt 0.781047 0.152826
vt 0.781047 0.152826
vt 0.781047 0.152826
vt 0.781047 0.152826
vt 0.781047 0.152826
vt 0.781047 0.152826
vt 0.781047 0.152826
vt 0.781047 0.152826
vt 0.781047 0.152826
vt 0.781047 0.152826
vt 0.781047 0.152826
vt 0.781047 0.152826
vt 0.912369 0.152826
vt 0.912369 0.152826
vt 0.912369 0.152826
vt 0.912369 0.152826
vt 0.912369 0.152826
vt 0.912369 0.152826
vt 0.912369 0.152826
vt 0.912369 0.152826
vt 0.912369 0.152826
vt 0.912369 0.152826
vt 0.912369 0.152826
vt 0.912369 0.152826
vt 0.846724 0.189069
vt 0.846724 0.189069
vt 0.846724 0.189069
vt 0.846724 0.189069
vt 0.804194 0.190309
vt 0.804194 0.190309
vt 0.804194 0.190309
vt 0.804194 0.190309
vt 0.889222 0.190309
vt 0.889222 0.190309
vt 0.889222 0.190309
vt 0.889222 0.190309
vt 0.761697 0.192788
vt 0.761697 0.192788
vt 0.761697 0.192788
vt 0.761697 0.192788
vt 0.931719 0.192788
vt 0.931719 0.192788
vt 0.931719 0.192788
vt 0.931719 0.192788
vt 0.846724 0.228936
vt 0.846724 0.228936
vt 0.846724 0.228936
vt 0.846724 0.228936
vt 0.846724 0.228936
vt 0.846724 0.228936
vt 0.846724 0.228936
vt 0.846724 0.228936
vt 0.846724 0.229985
vt 0.846724 0.229985
vt 0.846724 0.229985
vt 0.846724 0.229985
vt 0.795477 0.230939
vt 0.795477 0.230939
vt 0.795477 0.230939
vt 0.795477 0.230939
vt 0.897939 0.230939
vt 0.897939 0.230939
vt 0.897939 0.230939
vt 0.897939 0.230939
vt 0.742314 0.232655
vt 0.742314 0.232655
vt 0.742314 0.232655
vt 0.742314 0.232655
vt 0.742314 0.232655
vt 0.742314 0.232655
vt 0.742314 0.232655
vt 0.742314 0.232655
vt 0.742314 0.232655
vt 0.742314 0.232655
vt 0.742314 0.232655
vt 0.742314 0.232655
vt 0.951102 0.232655
vt 0.951102 0.232655
vt 0.951102 0.232655
vt 0.951102 0.232655
vt 0.951102 0.232655
vt 0.951102 0.232655
vt 0.951102 0.232655
vt 0.951102 0.232655
vt 0.951102 0.232655
vt 0.951102 0.232655
vt 0.951102 0.232655
vt 0.951102 0.232655
vt 0.846724 0.270996
vt 0.846724 0.270996
vt 0.846724 0.270996
vt 0.846724 0.270996
vt 0.788708 0.271759
vt 0.788708 0.271759
vt 0.788708 0.271759
vt 0.788708 0.271759
vt 0.904708 0.271759
vt 0.904708 0.271759
vt 0.904708 0.271759
vt 0.904708 0.271759
vt 0.730724 0.273190
vt 0.730724 0.273190
vt 0.730724 0.273190
vt 0.730724 0.273190
vt 0.962692 0.273190
vt 0.962692 0.273190
vt 0.962692 0.273190
vt 0.962692 0.273190
vt 0.846691 0.311531
vt 0.846691 0.311531
vt 0.846691 0.311531
vt 0.846691 0.311531
vt 0.846691 0.311531
vt 0.846691 0.311531
vt 0.846691 0.311531
vt 0.846691 0.311531
vt 0.846691 0.312199
vt 0.846691 0.312199
vt 0.846691 0.312199
vt 0.846691 0.312199
vt 0.783887 0.312771
vt 0.783887 0.312771
vt 0.783887 0.312771
vt 0.783887 0.312771
vt 0.909529 0.312771
vt 0.909529 0.312771
vt 0.909529 0.312771
vt 0.909529 0.312771
vt 0.719133 0.313725
vt 0.719133 0.313725
vt 0.719133 0.313725
vt 0.719133 0.313725
vt 0.719133 0.313725
vt 0.719133 0.313725
vt 0.719133 0.313725
vt 0.719133 0.313725
vt 0.719133 0.313725
vt 0.719133 0.313725
vt 0.719133 0.313725
vt 0.719133 0.313725
vt 0.974282 0.313725
vt 0.974282 0.313725
vt 0.974282 0.313725
vt 0.974282 0.313725
vt 0.974282 0.313725
vt 0.974282 0.313725
vt 0.974282 0.313725
vt 0.974282 0.313725
vt 0.974282 0.313725
vt 0.974282 0.313725
vt 0.974282 0.313725
vt 0.974282 0.313725
vt 0.846724 0.353496
vt 0.846724 0.353496
vt 0.846724 0.353496
vt 0.846724 0.353496
vt 0.781014 0.353973
vt 0.781014 0.353973
vt 0.781014 0.353973
vt 0.781014 0.353973
vt 0.912402 0.353973
vt 0.912402 0.353973
vt 0.912402 0.353973
vt 0.912402 0.353973
vt 0.715303 0.354832
vt 0.715303 0.354832
vt 0.715303 0.354832
vt 0.715303 0.354832
vt 0.978113 0.354832
vt 0.978113 0.354832
vt 0.978113 0.354832
vt 0.978113 0.354832
vt 0.846724 0.394699
vt 0.846724 0.394699
vt 0.846724 0.394699
vt 0.846724 0.394699
vt 0.846724 0.394699
vt 0.846724 0.394699
vt 0.846724 0.394699
vt 0.846724 0.394699
vt 0.846724 0.395080
vt 0.846724 0.395080
vt 0.846724 0.395080
vt 0.846724 0.395080
vt 0.780056 0.395366
vt 0.780056 0.395366
vt 0.780056 0.395366
vt 0.780056 0.395366
vt 0.913360 0.395366
vt 0.913360 0.395366
vt 0.913360 0.395366
vt 0.913360 0.395366
vt 0.711473 0.395843
vt 0.711473 0.395843
vt 0.711473 0.395843
vt 0.711473 0.395843
vt 0.711473 0.395843
vt 0.711473 0.395843
vt 0.711473 0.395843
vt 0.711473 0.395843
vt 0.711473 0.395843
vt 0.711473 0.395843
vt 0.711473 0.395843
vt 0.711473 0.395843
vt 0.981943 0.395843
vt 0.981943 0.395843
vt 0.981943 0.395843
vt 0.981943 0.395843
vt 0.981943 0.395843
vt 0.981943 0.395843
vt 0.981943 0.395843
vt 0.981943 0.395843
vt 0.981943 0.395843
vt 0.981943 0.395843
vt 0.981943 0.395843
vt 0.981943 0.395843
vt 0.846724 0.436664
vt 0.846724 0.436664
vt 0.846724 0.436664
vt 0.846724 0.436664
vt 0.781047 0.436855
vt 0.781047 0.436855
vt 0.781047 0.436855
vt 0.781047 0.436855
vt 0.912369 0.436855
vt 0.912369 0.436855
vt 0.912369 0.436855
vt 0.912369 0.436855
vt 0.715402 0.437332
vt 0.715402 0.437332
vt 0.715402 0.437332
vt 0.715402 0.437332
vt 0.978014 0.437332
vt 0.978014 0.437332
vt 0.978014 0.437332
vt 0.978014 0.437332
vt 0.846691 0.478152
vt 0.846691 0.478152
vt 0.846691 0.478152
vt 0.846691 0.478152
vt 0.846691 0.478152
vt 0.846691 0.478152
vt 0.846691 0.478152
vt 0.846691 0.478152
vt 0.846691 0.478343
vt 0.846691 0.478343
vt 0.846691 0.478343
vt 0.846691 0.478343
vt 0.783986 0.478534
vt 0.783986 0.478534
vt 0.783986 0.478534
vt 0.783986 0.478534
vt 0.909430 0.478534
vt 0.909430 0.478534
vt 0.909430 0.478534
vt 0.909430 0.478534
vt 0.719332 0.478725
vt 0.719332 0.478725
vt 0.719332 0.478725
vt 0.719332 0.478725
vt 0.719332 0.478725
vt 0.719332 0.478725
vt 0.719332 0.478725
vt 0.719332 0.478725
vt 0.719332 0.478725
vt 0.719332 0.478725
vt 0.719332 0.478725
vt 0.719332 0.478725
vt 0.974084 0.478725
vt 0.974084 0.478725
vt 0.974084 0.478725
vt 0.974084 0.478725
vt 0.974084 0.478725
vt 0.974084 0.478725
vt 0.974084 0.478725
vt 0.974084 0.478725
vt 0.974084 0.478725
vt 0.974084 0.478725
vt 0.974084 0.478725
vt 0.974084 0.478725
vt 0.846724 0.520118
vt 0.846724 0.520118
vt 0.846724 0.520118
vt 0.846724 0.520118
vt 0.788840 0.520213
vt 0.788840 0.520213
vt 0.788840 0.520213
vt 0.788840 0.520213
vt 0.904576 0.520213
vt 0.904576 0.520213
vt 0.904576 0.520213
vt 0.904576 0.520213
vt 0.730988 0.520404
vt 0.730988 0.520404
vt 0.730988 0.520404
vt 0.730988 0.520404
vt 0.962428 0.520404
vt 0.962428 0.520404
vt 0.962428 0.520404
vt 0.962428 0.520404
vt 0.846724 0.561892
vt 0.846724 0.561892
vt 0.846724 0.561892
vt 0.846724 0.561892
vt 0.846724 0.561892
vt 0.846724 0.561892
vt 0.846724 0.561892
vt 0.846724 0.561892
vt 0.897774 0.561988
vt 0.897774 0.561988
vt 0.897774 0.561988
vt 0.897774 0.561988
vt 0.795642 0.561988
vt 0.795642 0.561988
vt 0.795642 0.561988
vt 0.795642 0.561988
vt 0.846724 0.561988
vt 0.846724 0.561988
vt 0.846724 0.561988
vt 0.846724 0.561988
vt 0.742644 0.562083
vt 0.742644 0.562083
vt 0.742644 0.562083
vt 0.742644 0.562083
vt 0.742644 0.562083
vt 0.742644 0.562083
vt 0.742644 0.562083
vt 0.742644 0.562083
vt 0.742644 0.562083
vt 0.742644 0.562083
vt 0.742644 0.562083
vt 0.742644 0.562083
vt 0.950772 0.562083
vt 0.950772 0.562083
vt 0.950772 0.562083
vt 0.950772 0.562083
vt 0.950772 0.562083
vt 0.950772 0.562083
vt 0.950772 0.562083
vt 0.950772 0.562083
vt 0.950772 0.562083
vt 0.950772 0.562083
vt 0.950772 0.562083
vt 0.950772 0.562083
vt 0.846724 0.603762
vt 0.846724 0.603762
vt 0.846724 0.603762
vt 0.846724 0.603762
vt 0.804392 0.603858
vt 0.804392 0.603858
vt 0.804392 0.603858
vt 0.804392 0.603858
vt 0.889024 0.603858
vt 0.889024 0.603858
vt 0.889024 0.603858
vt 0.889024 0.603858
vt 0.762060 0.603953
vt 0.762060 0.603953
vt 0.762060 0.603953
vt 0.762060 0.603953
vt 0.931356 0.603953
vt 0.931356 0.603953
vt 0.931356 0.603953
vt 0.931356 0.603953
vt 0.815124 0.645060
vt 0.815124 0.645060
vt 0.815124 0.645060
vt 0.815124 0.645060
vt 0.846724 0.645060
vt 0.846724 0.645060
vt 0.846724 0.645060
vt 0.846724 0.645060
vt 0.878292 0.645060
vt 0.878292 0.645060
vt 0.878292 0.645060
vt 0.878292 0.645060
vt 0.846724 0.645632
vt 0.846724 0.645632
vt 0.846724 0.645632
vt 0.846724 0.645632
vt 0.846724 0.645632
vt 0.846724 0.645632
vt 0.846724 0.645632
vt 0.846724 0.645632
vt 0.781476 0.645728
vt 0.781476 0.645728
vt 0.781476 0.645728
vt 0.781476 0.645728
vt 0.781476 0.645728
vt 0.781476 0.645728
vt 0.781476 0.645728
vt 0.781476 0.645728
vt 0.781476 0.645728
vt 0.781476 0.645728
vt 0.781476 0.645728
vt 0.781476 0.645728
vt 0.911940 0.645728
vt 0.911940 0.645728
vt 0.911940 0.645728
vt 0.911940 0.645728
vt 0.911940 0.645728
vt 0.911940 0.645728
vt 0.911940 0.645728
vt 0.911940 0.645728
vt 0.911940 0.645728
vt 0.911940 0.645728
vt 0.911940 0.645728
vt 0.911940 0.645728
vt 0.827936 0.685118
vt 0.827936 0.685118
vt 0.827936 0.685118
vt 0.827936 0.685118
vt 0.846724 0.685118
vt 0.846724 0.685118
vt 0.846724 0.685118
vt 0.846724 0.685118
vt 0.865480 0.685118
vt 0.865480 0.685118
vt 0.865480 0.685118
vt 0.865480 0.685118
vt 0.809180 0.685213
vt 0.809180 0.685213
vt 0.809180 0.685213
vt 0.809180 0.685213
vt 0.884236 0.685213
vt 0.884236 0.685213
vt 0.884236 0.685213
vt 0.884236 0.685213
vt 0.846724 0.715161
vt 0.846724 0.715161
vt 0.846724 0.715161
vt 0.846724 0.715161
vt 0.838568 0.715257
vt 0.838568 0.715257
vt 0.838568 0.715257
vt 0.838568 0.715257
vt 0.854847 0.715257
vt 0.854847 0.715257
vt 0.854847 0.715257
vt 0.854847 0.715257
vt 0.846724 0.724604
vt 0.846724 0.724604
vt 0.846724 0.724604
vt 0.846724 0.724604
vt 0.846724 0.724604
vt 0.846724 0.724604
vt 0.846724 0.724604
vt 0.846724 0.724604
vt 0.836884 0.724699
vt 0.836884 0.724699
vt 0.836884 0.724699
vt 0.836884 0.724699
vt 0.836884 0.724699
vt 0.836884 0.724699
vt 0.836884 0.724699
vt 0.836884 0.724699
vt 0.836884 0.724699
vt 0.836884 0.724699
vt 0.836884 0.724699
vt 0.836884 0.724699
vt 0.856532 0.724699
vt 0.856532 0.724699
vt 0.856532 0.724699
vt 0.856532 0.724699
vt 0.856532 0.724699
vt 0.856532 0.724699
vt 0.856532 0.724699
vt 0.856532 0.724699
vt 0.856532 0.724699
vt 0.856532 0.724699
vt 0.856532 0.724699
vt 0.856532 0.724699
vt 0.846724 0.726511
vt 0.846724 0.726511
vt 0.846724 0.726511
vt 0.846724 0.726511
vt 0.842795 0.726606
vt 0.842795 0.726606
vt 0.842795 0.726606
vt 0.842795 0.726606
vt 0.850621 0.726606
vt 0.850621 0.726606
vt 0.850621 0.726606
vt 0.850621 0.726606
vt 0.838866 0.726797
vt 0.838866 0.726797
vt 0.838866 0.726797
vt 0.838866 0.726797
vt 0.854550 0.726797
vt 0.854550 0.726797
vt 0.854550 0.726797
vt 0.854550 0.726797
vt 0.846691 0.728419
vt 0.846691 0.728419
vt 0.846691 0.728419
vt 0.846691 0.728419
vt 0.846724 0.728419
vt 0.846724 0.728419
vt 0.846724 0.728419
vt 0.846724 0.728419
vt 0.846724 0.728419
vt 0.846724 0.728419
vt 0.846724 0.728419
vt 0.846724 0.728419
vt 0.843621 0.728514
vt 0.843621 0.728514
vt 0.843621 0.728514
vt 0.843621 0.728514
vt 0.849795 0.728514
vt 0.849795 0.728514
vt 0.849795 0.728514
vt 0.849795 0.728514
vt 0.840847 0.728800
vt 0.840847 0.728800
vt 0.840847 0.728800
vt 0.840847 0.728800
vt 0.840847 0.728800
vt 0.840847 0.728800
vt 0.840847 0.728800
vt 0.840847 0.728800
vt 0.840847 0.728800
vt 0.840847 0.728800
vt 0.840847 0.728800
vt 0.840847 0.728800
vt 0.852569 0.728800
vt 0.852569 0.728800
vt 0.852569 0.728800
vt 0.852569 0.728800
vt 0.852569 0.728800
vt 0.852569 0.728800
vt 0.852569 0.728800
vt 0.852569 0.728800
vt 0.852569 0.728800
vt 0.852569 0.728800
vt 0.852569 0.728800
vt 0.852569 0.728800
vt 0.846691 0.730135
vt 0.846691 0.730135
vt 0.846691 0.730135
vt 0.846691 0.730135
vt 0.844116 0.730231
vt 0.844116 0.730231
vt 0.844116 0.730231
vt 0.844116 0.730231
vt 0.849300 0.730231
vt 0.849300 0.730231
vt 0.849300 0.730231
vt 0.849300 0.730231
vt 0.841540 0.730326
vt 0.841540 0.730326
vt 0.841540 0.730326
vt 0.841540 0.730326
vt 0.851876 0.730326
vt 0.851876 0.730326
vt 0.851876 0.730326
vt 0.851876 0.730326
vt 0.842234 0.731852
vt 0.842234 0.731852
vt 0.842234 0.731852
vt 0.842234 0.731852
vt 0.842234 0.731852
vt 0.842234 0.731852
vt 0.842234 0.731852
vt 0.842234 0.731852
vt 0.842234 0.731852
vt 0.842234 0.731852
vt 0.842234 0.731852
vt 0.842234 0.731852
vt 0.846691 0.731852
vt 0.846691 0.731852
vt 0.846691 0.731852
vt 0.846691 0.731852
vt 0.846691 0.731852
vt 0.846691 0.731852
vt 0.846691 0.731852
vt 0.846691 0.731852
vt 0.851182 0.731852
vt 0.851182 0.731852
vt 0.851182 0.731852
vt 0.851182 0.731852
vt 0.851182 0.731852
vt 0.851182 0.731852
vt 0.851182 0.731852
vt 0.851182 0.731852
vt 0.851182 0.731852
vt 0.851182 0.731852
vt 0.851182 0.731852
vt 0.851182 0.731852
vt 0.844380 0.745777
vt 0.844380 0.745777
vt 0.844380 0.745777
vt 0.844380 0.745777
vt 0.846691 0.745777
vt 0.846691 0.745777
vt 0.846691 0.745777
vt 0.846691 0.745777
vt 0.849036 0.745777
vt 0.849036 0.745777
vt 0.849036 0.745777
vt 0.849036 0.745777
vt 0.842267 0.789268
vt 0.842267 0.789268
vt 0.842267 0.789268
vt 0.842267 0.789268
vt 0.844479 0.789268
vt 0.844479 0.789268
vt 0.844479 0.789268
vt 0.844479 0.789268
vt 0.846691 0.789268
vt 0.846691 0.789268
vt 0.846691 0.789268
vt 0.846691 0.789268
vt 0.848937 0.789268
vt 0.848937 0.789268
vt 0.848937 0.789268
vt 0.848937 0.789268
vt 0.851149 0.789268
vt 0.851149 0.789268
vt 0.851149 0.789268
vt 0.851149 0.789268
vt 0.842300 0.846684
vt 0.842300 0.846684
vt 0.842300 0.846684
vt 0.842300 0.846684
vt 0.842300 0.846684
vt 0.842300 0.846684
vt 0.842300 0.846684
vt 0.842300 0.846684
vt 0.842300 0.846684
vt 0.842300 0.846684
vt 0.842300 0.846684
vt 0.842300 0.846684
vt 0.844512 0.846684
vt 0.844512 0.846684
vt 0.844512 0.846684
vt 0.844512 0.846684
vt 0.846725 0.846684
vt 0.846725 0.846684
vt 0.846725 0.846684
vt 0.846725 0.846684
vt 0.846725 0.846684
vt 0.846725 0.846684
vt 0.846725 0.846684
vt 0.846725 0.846684
vt 0.846725 0.846684
vt 0.846725 0.846684
vt 0.846725 0.846684
vt 0.846725 0.846684
vt 0.848904 0.846684
vt 0.848904 0.846684
vt 0.848904 0.846684
vt 0.848904 0.846684
vt 0.851116 0.846684
vt 0.851116 0.846684
vt 0.851116 0.846684
vt 0.851116 0.846684
vt 0.851116 0.846684
vt 0.851116 0.846684
vt 0.851116 0.846684
vt 0.851116 0.846684
vt 0.851116 0.846684
vt 0.851116 0.846684
vt 0.851116 0.846684
vt 0.851116 0.846684
vn -0.689638 0.316934 0.651116
vn -0.608899 0.382038 0.695190
vn -0.550188 0.413137 0.725680
vn -0.736192 0.335372 0.587832
vn -0.719121 0.401933 0.566847
vn -0.582901 0.525612 0.619644
vn -0.510532 0.597722 0.618131
vn -0.729158 0.461494 0.505323
vn -0.765246 0.395074 0.508247
vn -0.798027 0.428684 0.423537
vn -0.793293 0.431091 0.429939
vn -0.835289 0.414924 0.360735
vn -0.758653 0.523940 0.387212
vn -0.610797 0.623010 0.488657
vn -0.857972 0.443332 0.259502
vn -0.759683 0.563215 0.325071
vn -0.691633 0.570526 0.442882
vn -0.793577 0.577583 0.191401
vn -0.721615 0.594633 0.354517
vn -0.709868 0.516277 0.479108
vn -0.701630 0.679530 0.214368
vn -0.880068 0.429836 0.201793
vn -0.769480 0.623487 0.138433
vn -0.672915 0.720544 0.167336
vn -0.875345 0.380783 0.297953
vn -0.825342 0.432585 0.362880
vn -0.804907 0.450739 0.385952
vn -0.806750 0.424974 0.410550
vn -0.810374 0.439575 0.387386
vn -0.815370 0.415256 0.403404
vn -0.820596 0.416573 0.391266
vn -0.831297 0.374270 0.410934
vn -0.836175 0.373198 0.401914
vn -0.847924 0.333928 0.411725
vn -0.849536 0.334615 0.407825
vn -0.848943 0.330343 0.412516
vn -0.847364 0.330118 0.415928
vn -0.847158 0.329905 0.416516
vn -0.843538 0.329406 0.424188
vn -0.848013 0.330390 0.414387
vn -0.845377 0.332963 0.417699
vn -0.848950 0.330163 0.412645
vn -0.849060 0.329893 0.412635
vn -0.848086 0.330253 0.414347
vn -0.850823 0.329828 0.409040
vn -0.850675 0.330301 0.408965
vn -0.847181 0.333056 0.413954
vn -0.849937 0.333416 0.407972
vn -0.833221 0.376304 0.405140
vn -0.835349 0.376148 0.400879
vn -0.819712 0.417004 0.392659
vn -0.817219 0.416984 0.397842
vn -0.800412 0.372430 0.469721
vn -0.799660 0.325736 0.504420
vn -0.812118 0.417499 0.407626
vn -0.798962 0.402240 0.447061
vn -0.828570 0.376822 0.414098
vn -0.744579 0.620812 0.245345
vn -0.724482 0.631809 0.275578
vn -0.804826 0.543094 0.239383
vn -0.770698 0.580064 0.263726
vn -0.712994 0.681999 0.162841
vn -0.704553 0.682019 0.196097
vn -0.583261 0.800556 0.137538
vn -0.602820 0.775950 0.185770
vn -0.644312 0.738971 0.196937
vn -0.637308 0.734399 0.233444
vn -0.586506 0.738442 0.332738
vn -0.627703 0.712601 0.313352
vn -0.667383 0.684211 0.294034
vn -0.699703 0.683098 0.209268
vn -0.577549 0.764708 0.285759
vn -0.748226 0.633897 0.195788
vn -0.632601 0.766153 0.113251
vn -0.568512 0.788228 0.235564
vn -0.688423 0.719060 0.095005
vn -0.506110 0.862016 0.027939
vn -0.493245 0.864974 0.092353
vn -0.422962 0.902297 0.083450
vn -0.429880 0.885882 0.174401
vn -0.440800 0.874397 0.202793
vn -0.419207 0.871406 0.254790
vn -0.481268 0.854937 0.193555
vn -0.402743 0.873127 0.274678
vn -0.332979 0.855274 0.397028
vn -0.334585 0.905950 0.259438
vn -0.258617 0.964919 0.045269
vn -0.257310 0.803841 0.536313
vn -0.392339 0.749165 0.533688
vn -0.403685 0.841563 0.358902
vn -0.537172 0.704205 0.464264
vn -0.508880 0.815947 0.274357
vn -0.523729 0.768534 0.367511
vn -0.461390 0.809978 0.362016
vn -0.485114 0.780477 0.394359
vn -0.416595 0.821736 0.388842
vn -0.568987 0.643303 0.512265
vn -0.455979 0.657233 0.600107
vn -0.273134 0.740345 0.614237
vn -0.029899 0.870081 -0.492001
vn -0.545913 0.692021 0.472319
vn -0.540126 0.722039 0.432347
vn -0.657294 0.583532 0.476922
vn -0.643765 0.628668 0.436284
vn -0.604713 0.679245 0.415872
vn -0.623166 0.679362 0.387467
vn -0.565122 0.722491 0.398301
vn -0.676813 0.655026 0.335954
vn -0.514311 0.753318 0.409875
vn -0.625181 0.621894 0.471589
vn -0.683265 0.624491 0.378365
vn -0.592081 0.637423 0.493085
vn -0.702278 0.484579 0.521525
vn -0.677823 0.555142 0.482051
vn -0.550197 0.672287 0.495291
vn -0.533524 0.349161 -0.770350
vn -0.489449 0.430521 -0.758348
vn -0.616611 0.430543 -0.659108
vn -0.597081 0.347023 -0.723235
vn -0.643709 0.475763 -0.599406
vn -0.523270 0.596597 -0.608490
vn -0.508142 0.682047 -0.525932
vn -0.419371 0.516564 -0.746518
vn -0.291497 0.454128 -0.841901
vn -0.355191 0.438686 -0.825466
vn -0.431369 0.396104 -0.810569
vn -0.362094 0.427505 -0.828328
vn -0.442492 0.330815 -0.833524
vn -0.384560 0.356266 -0.851580
vn -0.353506 0.384946 -0.852555
vn -0.348513 0.394868 -0.850070
vn -0.333827 0.412183 -0.847741
vn -0.324879 0.442312 -0.835951
vn -0.301043 0.440050 -0.846008
vn -0.346519 0.362675 -0.865096
vn -0.347153 0.361087 -0.865506
vn -0.369250 0.268923 -0.889570
vn -0.369212 0.270221 -0.889192
vn -0.385164 0.171846 -0.906707
vn -0.386650 0.172030 -0.906040
vn -0.384539 0.165522 -0.908148
vn -0.387527 0.165787 -0.906828
vn -0.384649 0.164717 -0.908248
vn -0.387641 0.164843 -0.906952
vn -0.384884 0.164974 -0.908101
vn -0.383289 0.165457 -0.908688
vn -0.382330 0.171291 -0.908011
vn -0.387860 0.165342 -0.906767
vn -0.386398 0.165862 -0.907296
vn -0.382794 0.171167 -0.907838
vn -0.387604 0.165327 -0.906879
vn -0.387796 0.166065 -0.906662
vn -0.384582 0.171433 -0.907032
vn -0.365121 0.274839 -0.889466
vn -0.363687 0.280597 -0.888255
vn -0.366903 0.273522 -0.889139
vn -0.347232 0.360591 -0.865681
vn -0.348390 0.364404 -0.863617
vn -0.347496 0.365908 -0.863341
vn -0.237637 0.423072 -0.874379
vn -0.131141 0.502646 -0.854488
vn -0.183480 0.514649 -0.837539
vn -0.030108 0.713183 -0.700331
vn -0.086659 0.673270 -0.734301
vn -0.022535 0.830782 -0.556141
vn -0.073057 0.801180 -0.593948
vn -0.088349 0.793212 -0.602503
vn -0.116388 0.801715 -0.586266
vn -0.213095 0.746047 -0.630876
vn -0.208721 0.676554 -0.706194
vn -0.211382 0.808467 -0.549271
vn -0.339656 0.692704 -0.636235
vn -0.298826 0.816757 -0.493570
vn -0.315088 0.698602 -0.642397
vn -0.144218 0.860082 -0.489346
vn -0.189386 0.914068 -0.358627
vn -0.092698 0.792690 -0.602535
vn -0.075175 0.903048 -0.422911
vn -0.163073 0.910160 -0.380810
vn 0.013742 0.887238 -0.461108
vn -0.070042 0.939330 -0.335787
vn -0.202646 0.901198 -0.383116
vn 0.060548 0.955685 -0.288096
vn -0.078030 0.760786 -0.644295
vn 0.040130 0.878245 -0.476525
vn 0.109168 0.958462 -0.263500
vn 0.053586 0.946035 -0.319603
vn 0.015705 0.946390 -0.322643
vn 0.023707 0.879041 -0.476156
vn 0.023707 0.910851 -0.412053
vn 0.111979 0.894845 -0.432102
vn 0.106976 0.927034 -0.359393
vn -0.029428 0.966061 -0.256631
vn -0.074918 0.960670 -0.267395
vn -0.001004 0.957839 -0.287303
vn 0.112404 0.959562 -0.258083
vn -0.065772 0.955477 -0.287641
vn 0.176839 0.948580 -0.262536
vn 0.014769 0.966465 -0.256373
vn -0.168172 0.955715 -0.241512
vn 0.106304 0.968151 -0.226677
vn -0.050103 0.955362 -0.291159
vn -0.098211 0.942249 -0.320191
vn -0.104465 0.952403 -0.286383
vn -0.233648 0.948630 -0.213331
vn -0.229996 0.948167 -0.219276
vn -0.146473 0.972256 -0.182383
vn -0.360733 0.921687 -0.142709
vn 0.150501 0.979071 -0.136999
vn -0.356848 0.901998 -0.243021
vn -0.433558 0.843933 -0.315920
vn -0.440952 0.885366 -0.147268
vn 0.668152 0.739569 0.081302
vn -0.323573 0.861877 -0.390472
vn -0.268940 0.898847 -0.346043
vn -0.149175 0.969187 -0.196017
vn -0.129618 0.960084 -0.247867
vn -0.091016 0.988829 -0.118038
vn -0.111330 0.991798 -0.062789
vn -0.212870 0.948547 -0.234402
vn -0.171977 0.959140 -0.224665
vn -0.251393 0.875526 -0.412620
vn -0.192762 0.909097 -0.369304
vn -0.192300 0.935030 -0.297893
vn -0.310835 0.840003 -0.444721
vn -0.383672 0.674212 -0.631058
vn -0.353397 0.688819 -0.632961
vn -0.366990 0.765309 -0.528792
vn -0.370905 0.714300 -0.593469
vn -0.288793 0.606107 -0.741103
vn 0.239662 0.634929 0.734457
vn 0.239972 0.788063 0.566895
vn 0.388887 0.851515 0.351694
vn 0.134592 0.633014 0.762351
vn 0.101689 0.957517 0.269853
vn 0.262203 0.929457 0.259535
vn 0.002951 0.769397 0.638765
vn -0.072991 0.978241 0.194206
vn 0.133753 0.655824 0.742971
vn 0.141916 0.563439 0.813877
vn 0.138688 0.564053 0.814009
vn 0.138481 0.415146 0.899154
vn 0.140370 0.414466 0.899174
vn 0.135124 0.566688 0.812777
vn 0.136588 0.416014 0.899042
vn 0.133309 0.261298 0.956008
vn 0.133537 0.261292 0.955978
vn 0.133765 0.261287 0.955948
vn -0.061781 0.997754 -0.025893
vn 0.070841 0.996339 -0.047860
vn -0.093188 0.955550 -0.279715
vn 0.037161 0.954340 -0.296403
vn 0.201927 0.973216 -0.109895
vn 0.163759 0.937483 -0.307099
vn 0.024441 0.926285 -0.376031
vn 0.166000 0.917778 -0.360733
vn -0.116151 0.917171 -0.381192
vn -0.031571 0.909606 -0.414270
vn 0.196288 0.887372 -0.417184
vn -0.130328 0.951360 -0.279158
vn -0.127777 0.869858 -0.476467
vn 0.156779 0.911166 -0.381048
vn 0.020531 0.920194 -0.390924
vn 0.517487 0.855690 -0.001312
vn 0.082104 0.850949 -0.518792
vn -0.516233 0.393425 -0.760737
vn -0.635118 0.693347 -0.340433
vn -0.493055 0.835980 -0.240904
vn -0.417163 0.908645 0.018454
vn -0.590685 0.675117 -0.441937
vn -0.401004 0.780103 -0.480246
vn -0.016059 0.956410 -0.291586
vn -0.157393 0.971730 -0.175976
vn -0.256512 0.965788 -0.038143
vn -0.573087 0.695289 -0.433755
vn -0.641279 0.609497 -0.466127
vn -0.640864 0.607834 -0.468862
vn -0.723972 0.460071 -0.514003
vn -0.724467 0.455817 -0.517086
vn -0.638947 0.608393 -0.470750
vn -0.724649 0.461831 -0.511464
vn -0.779189 0.305200 -0.547465
vn -0.782828 0.305424 -0.542122
vn -0.786717 0.305653 -0.536333
vn 0.157282 0.978610 -0.132612
vn 0.084071 0.996375 -0.013023
vn 0.349653 0.936879 -0.000133
vn 0.298331 0.945600 0.129764
vn 0.449420 0.891349 0.059316
vn 0.348841 0.922875 0.163130
vn 0.377081 0.925790 -0.026892
vn 0.420035 0.894786 0.151422
vn 0.264947 0.921726 0.283237
vn 0.216096 0.947302 0.236476
vn 0.270516 0.902216 0.335898
vn 0.270597 0.921380 0.278991
vn 0.519604 0.847283 0.110104
vn -0.210583 0.910072 0.356966
vn 0.433097 0.844293 0.315588
vn 0.369196 0.913068 0.173211
vn 0.944353 0.328571 0.015437
vn 0.065199 0.986865 0.147809
vn -0.673543 0.201801 -0.711067
vn -0.635702 0.276190 -0.720834
vn -0.747515 0.282216 -0.601312
vn -0.730619 0.201356 -0.652420
vn -0.770812 0.328322 -0.545943
vn -0.669141 0.434375 -0.602967
vn -0.655158 0.525039 -0.543233
vn -0.578146 0.342474 -0.740580
vn -0.458280 0.276193 -0.844806
vn -0.512799 0.283340 -0.810405
vn -0.579497 0.249347 -0.775893
vn -0.517478 0.282135 -0.807847
vn -0.461861 0.282576 -0.840735
vn -0.406199 0.239008 -0.881974
vn -0.483522 0.296441 -0.823607
vn -0.504735 0.259093 -0.823477
vn -0.491996 0.272845 -0.826738
vn -0.501422 0.240571 -0.831085
vn -0.499500 0.237290 -0.833183
vn -0.512755 0.183904 -0.838607
vn -0.506476 0.186400 -0.841865
vn -0.521166 0.123103 -0.844530
vn -0.515361 0.122586 -0.848160
vn -0.521665 0.119125 -0.844793
vn -0.518730 0.118876 -0.846633
vn -0.521739 0.118427 -0.844845
vn -0.521686 0.118427 -0.844878
vn -0.518520 0.118287 -0.846844
vn -0.518469 0.118817 -0.846801
vn -0.517938 0.122976 -0.846532
vn -0.515240 0.118515 -0.848812
vn -0.514715 0.122868 -0.848512
vn -0.515272 0.118143 -0.848844
vn -0.515308 0.118139 -0.848823
vn -0.518174 0.118772 -0.846988
vn -0.520537 0.123386 -0.844877
vn -0.506461 0.181128 -0.843024
vn -0.515540 0.184376 -0.836794
vn -0.508141 0.182005 -0.841824
vn -0.495123 0.243001 -0.834149
vn -0.495800 0.245739 -0.832943
vn -0.505359 0.250750 -0.825673
vn -0.499416 0.255662 -0.827781
vn -0.529530 0.233389 -0.815553
vn -0.590818 0.201196 -0.781316
vn -0.317839 0.297125 -0.900386
vn -0.366672 0.312386 -0.876337
vn -0.239901 0.508048 -0.827245
vn -0.290844 0.462372 -0.837629
vn -0.243211 0.629156 -0.738249
vn -0.290891 0.587745 -0.754942
vn -0.405498 0.460156 -0.789828
vn -0.468420 0.409520 -0.782864
vn -0.420973 0.511730 -0.748942
vn -0.343788 0.557111 -0.755935
vn -0.431015 0.562038 -0.705932
vn -0.318104 0.546973 -0.774358
vn -0.334227 0.518414 -0.787108
vn -0.382834 0.606497 -0.696850
vn -0.319502 0.478325 -0.818000
vn -0.226209 0.626755 -0.745659
vn -0.251516 0.634868 -0.730536
vn -0.166879 0.767082 -0.619465
vn -0.214597 0.746820 -0.629450
vn -0.337374 0.694017 -0.636019
vn -0.333714 0.648300 -0.684356
vn -0.421631 0.690287 -0.587988
vn -0.413112 0.656682 -0.630958
vn -0.457724 0.622801 -0.634514
vn -0.340413 0.736540 -0.584489
vn -0.426683 0.735322 -0.526539
vn -0.258314 0.719024 -0.645197
vn -0.284455 0.772380 -0.567904
vn -0.333179 0.832294 -0.443033
vn -0.240772 0.677174 -0.695316
vn -0.223595 0.724523 -0.651975
vn -0.242704 0.624516 -0.742344
vn -0.130737 0.708495 -0.693501
vn -0.126145 0.766535 -0.629691
vn -0.014115 0.860256 -0.509666
vn -0.066731 0.874434 -0.480533
vn -0.224558 0.803773 -0.550929
vn -0.240014 0.847183 -0.473999
vn -0.115295 0.912110 -0.393398
vn -0.286927 0.893430 -0.345623
vn -0.034516 0.916741 -0.397989
vn -0.152520 0.914292 -0.375243
vn -0.194641 0.914721 -0.354119
vn -0.132957 0.891371 -0.433336
vn -0.280122 0.923201 -0.263120
vn -0.307578 0.916939 -0.254204
vn -0.219271 0.951805 -0.214446
vn -0.425296 0.890298 -0.162766
vn -0.465667 0.828192 -0.311852
vn -0.550487 0.746949 -0.372868
vn -0.522536 0.836390 -0.165551
vn 0.034648 0.978423 -0.203684
vn -0.489978 0.705366 -0.512231
vn -0.432347 0.761342 -0.483151
vn -0.340514 0.802056 -0.490669
vn -0.362630 0.813316 -0.454991
vn -0.349549 0.849100 -0.396036
vn -0.463892 0.715877 -0.521847
vn -0.501138 0.581976 -0.640441
vn -0.439850 0.655700 -0.613669
vn -0.422487 0.727968 -0.539969
vn -0.520441 0.604811 -0.602781
vn -0.509003 0.574706 -0.640803
vn -0.574548 0.422810 -0.700804
vn -0.535100 0.446864 -0.716925
vn -0.538863 0.470944 -0.698454
vn -0.503207 0.484969 -0.715253
vn -0.541831 0.534444 -0.648683
vn -0.537008 0.593533 -0.599452
vn 0.540849 0.839320 -0.054998
vn 0.595909 0.240203 -0.766286
vn 0.595647 0.306381 -0.742520
vn 0.460882 0.297352 -0.836164
vn 0.536150 0.226101 -0.813278
vn 0.404270 0.334052 -0.851455
vn 0.469516 0.441632 -0.764537
vn 0.411231 0.520863 -0.748058
vn 0.625451 0.365000 -0.689627
vn 0.755133 0.309924 -0.577686
vn 0.706621 0.326387 -0.627821
vn 0.652866 0.297105 -0.696774
vn 0.702254 0.329978 -0.630836
vn 0.746741 0.327610 -0.578835
vn 0.804918 0.272827 -0.526947
vn 0.723934 0.348294 -0.595492
vn 0.719938 0.318545 -0.616618
vn 0.728392 0.332891 -0.598856
vn 0.730075 0.305036 -0.611510
vn 0.735032 0.308471 -0.603800
vn 0.739103 0.266980 -0.618424
vn 0.742822 0.270271 -0.612511
vn 0.745697 0.227784 -0.626139
vn 0.748027 0.227710 -0.623381
vn 0.745480 0.224374 -0.627628
vn 0.747008 0.224330 -0.625824
vn 0.743491 0.227871 -0.628726
vn 0.736215 0.264098 -0.623089
vn 0.744149 0.224405 -0.629194
vn 0.745469 0.224360 -0.627645
vn 0.746998 0.224420 -0.625803
vn 0.744165 0.224308 -0.629209
vn 0.741350 0.224474 -0.632465
vn 0.742111 0.227973 -0.630317
vn 0.741350 0.224234 -0.632550
vn 0.738395 0.224150 -0.636027
vn 0.738339 0.224537 -0.635956
vn 0.740556 0.228059 -0.632112
vn 0.737710 0.263043 -0.621766
vn 0.738097 0.265163 -0.620405
vn 0.727648 0.303580 -0.615117
vn 0.730114 0.306034 -0.610963
vn 0.729795 0.309789 -0.609450
vn 0.701684 0.300433 -0.646049
vn 0.689154 0.273594 -0.670980
vn 0.671012 0.227441 -0.705701
vn 0.837623 0.328766 -0.436235
vn 0.803605 0.341636 -0.487345
vn 0.760606 0.547533 -0.348836
vn 0.768126 0.495040 -0.406101
vn 0.702038 0.482092 -0.524146
vn 0.686702 0.429074 -0.586801
vn 0.534244 0.541069 -0.649483
vn 0.610589 0.495160 -0.618060
vn 0.480971 0.597236 -0.641854
vn 0.586159 0.483517 -0.650099
vn 0.603947 0.467931 -0.645205
vn 0.583648 0.440440 -0.682178
vn 0.648914 0.545221 -0.530701
vn 0.504152 0.628828 -0.591952
vn 0.467500 0.647202 -0.602141
vn 0.419460 0.782554 -0.460069
vn 0.368211 0.810915 -0.454795
vn 0.433088 0.794603 -0.425488
vn 0.409104 0.796512 -0.445200
vn 0.402967 0.802139 -0.440671
vn 0.419031 0.762767 -0.492544
vn 0.238985 0.910266 -0.338085
vn 0.260913 0.878991 -0.399122
vn 0.103392 0.978570 -0.178078
vn 0.070151 0.977865 -0.197128
vn 0.103212 0.983416 -0.149129
vn 0.068096 0.985175 -0.157462
vn 0.050672 0.987721 -0.147782
vn 0.111261 0.959706 -0.258042
vn -0.116497 0.984782 -0.128966
vn 0.015416 0.915653 -0.401673
vn -0.251155 0.966810 -0.046900
vn -0.225536 0.960731 -0.161648
vn -0.228195 0.945167 0.233638
vn -0.254766 0.849203 0.462545
vn -0.200968 0.970538 0.132924
vn -0.199187 0.978867 0.046299
vn -0.128139 0.984473 0.119974
vn -0.143536 0.980703 0.132736
vn -0.053781 0.982495 0.178356
vn -0.101365 0.984883 0.140466
vn -0.076235 0.988206 0.132807
vn -0.059326 0.981663 0.181156
vn 0.042022 0.991266 0.125005
vn 0.077154 0.985008 0.154293
vn 0.234386 0.972066 0.012314
vn 0.322073 0.946567 -0.016739
vn 0.362464 0.920412 -0.146500
vn 0.426592 0.889006 -0.166396
vn 0.349825 0.918398 -0.184845
vn 0.363003 0.918626 -0.156059
vn 0.382086 0.907570 -0.174146
vn 0.370513 0.920457 -0.124414
vn 0.548942 0.789868 -0.273444
vn 0.563835 0.788413 -0.245960
vn 0.650603 0.642814 -0.404358
vn 0.689072 0.609136 -0.392598
vn 0.640595 0.634657 -0.432260
vn 0.664161 0.625982 -0.408701
vn 0.667303 0.632652 -0.393011
vn 0.650466 0.679247 -0.339878
vn 0.579598 0.628537 -0.518660
vn 0.541395 0.717055 -0.439003
vn 0.492596 0.796299 -0.351082
vn 0.394256 0.866446 -0.306321
vn 0.288314 0.922579 -0.256365
vn 0.220757 0.962756 -0.156103
vn 0.152651 0.986822 -0.053673
vn 0.034745 0.999362 -0.008277
vn -0.110337 0.993775 0.015399
vn 0.305000 0.600893 -0.738852
vn 0.236486 0.768726 -0.594251
vn 0.005100 0.847851 -0.530210
vn 0.408255 0.592671 -0.694312
vn 0.469065 0.723576 -0.506374
vn 0.303602 0.948033 -0.095176
vn 0.211382 0.936401 -0.280126
vn 0.065605 0.928111 -0.366477
vn 0.404274 0.617068 -0.675122
vn 0.426071 0.525763 -0.736231
vn 0.426259 0.524822 -0.736794
vn 0.456032 0.370170 -0.809326
vn 0.455322 0.372335 -0.808733
vn 0.426108 0.524989 -0.736762
vn 0.456938 0.366810 -0.810344
vn 0.472712 0.206924 -0.856578
vn 0.471800 0.206947 -0.857075
vn 0.470863 0.206970 -0.857585
vn 0.179328 0.981695 0.064167
vn 0.055890 0.998418 0.006080
vn 0.050783 0.953149 0.298209
vn -0.052857 0.976453 0.209155
vn 0.018608 0.927073 0.374418
vn -0.100146 0.950190 0.295145
vn -0.169675 0.974371 0.147688
vn -0.075473 0.995771 -0.052388
vn -0.199754 0.963079 0.180493
vn -0.070715 0.934061 0.350043
vn -0.264245 0.938315 0.223026
vn 0.082918 0.944558 0.317703
vn -0.210853 0.955447 0.206550
vn -0.038898 0.886751 0.460609
vn -0.102649 0.947761 0.302014
vn -0.229088 0.902282 0.365247
vn -0.290169 0.900027 -0.325197
vn 0.049357 0.380119 0.923620
vn 0.423073 0.872012 -0.246178
vn 0.204842 0.907750 -0.366101
vn 0.554642 0.686978 -0.469504
vn 0.632201 0.714767 -0.299048
vn 0.155820 0.986846 -0.043074
vn 0.113928 0.969841 -0.215472
vn 0.539004 0.842201 -0.013125
vn 0.121549 0.980828 0.152320
vn 0.631421 0.753584 -0.182807
vn 0.709629 0.672851 -0.209039
vn 0.710530 0.671989 -0.208755
vn 0.810973 0.533734 -0.239689
vn 0.811256 0.533299 -0.239701
vn 0.711737 0.670721 -0.208720
vn 0.810539 0.534446 -0.239571
vn 0.888599 0.376068 -0.262610
vn 0.888193 0.376072 -0.263975
vn 0.887782 0.376074 -0.265352
vn -0.093946 0.980226 0.174160
vn -0.140872 0.989305 0.037822
vn -0.324852 0.914634 0.240658
vn -0.355770 0.928864 0.103148
vn -0.402429 0.873692 0.273338
vn -0.431295 0.893343 0.126191
vn -0.440688 0.897252 -0.027054
vn -0.390536 0.920089 -0.030302
vn -0.206222 0.973595 -0.097907
vn -0.318312 0.905611 0.280259
vn -0.451395 0.872244 0.188236
vn -0.498687 0.865536 -0.046475
vn -0.452136 0.891711 -0.020609
vn -0.172513 0.877815 -0.446855
vn -0.571339 0.815857 0.089159
vn -0.650445 0.290231 0.701917
vn -0.441101 0.887677 0.132131
vn -0.488913 0.822145 0.291617
vn 0.647807 0.592859 0.478398
vn 0.618269 0.648943 0.443415
vn 0.650051 0.729145 0.213968
vn 0.565863 0.603797 0.561452
vn 0.488046 0.737944 0.466102
vn 0.621838 0.691394 0.367821
vn 0.475962 0.582258 0.659117
vn 0.340265 0.758674 0.555548
vn 0.557503 0.610171 0.562922
vn 0.569464 0.584309 0.578182
vn 0.575267 0.582405 0.574345
vn 0.591006 0.543873 0.595747
vn 0.586293 0.542948 0.601222
vn 0.580568 0.581907 0.569496
vn 0.596088 0.544375 0.590199
vn 0.599067 0.509498 0.617682
vn 0.604410 0.509181 0.612718
vn 0.609938 0.508825 0.607514
vn 0.363909 0.762370 0.535128
vn 0.463803 0.770677 0.436972
vn 0.329147 0.810159 0.485083
vn 0.418285 0.822886 0.384572
vn 0.267043 0.865027 0.424754
vn 0.387483 0.852587 0.350646
vn 0.514610 0.804892 0.295510
vn 0.533068 0.789234 0.304875
vn 0.488199 0.835886 0.250910
vn 0.267445 0.918799 0.290313
vn 0.445654 0.882765 0.148725
vn 0.261772 0.845583 0.465257
vn 0.385393 0.911560 0.143287
vn 0.111740 0.960802 0.253719
vn 0.232977 0.950050 0.207670
vn 0.206742 0.977762 0.035197
vn 0.771758 0.626270 0.110342
vn -0.533541 0.845494 0.021755
vn -0.381694 0.740259 0.553468
vn -0.441740 0.768746 0.462488
vn -0.549029 0.748172 0.372568
vn -0.327550 0.797431 0.506769
vn -0.111553 0.834297 0.539912
vn -0.258836 0.691590 0.674320
vn -0.344014 0.862328 0.371544
vn -0.236655 0.825966 0.511638
vn -0.408793 0.891562 0.194949
vn -0.455755 0.746596 0.484646
vn -0.462772 0.746040 0.478818
vn -0.486338 0.716258 0.500449
vn -0.484702 0.714468 0.504577
vn -0.469894 0.745243 0.473089
vn -0.487879 0.717513 0.497140
vn -0.508261 0.682790 0.524851
vn -0.509954 0.683013 0.522915
vn -0.511723 0.683243 0.520883
vn -0.403303 0.884732 0.233659
vn -0.290662 0.899865 0.325204
vn -0.328984 0.928523 0.172091
vn -0.253453 0.922717 0.290439
vn -0.283700 0.951684 0.117524
vn -0.193736 0.952893 0.233371
vn -0.304216 0.948177 0.091726
vn -0.148313 0.982367 0.113837
vn -0.005165 0.954882 0.296941
vn -0.128313 0.919811 0.370788
vn -0.151705 0.911939 0.381252
vn 0.003923 0.971490 0.237047
vn -0.029408 0.716810 0.696648
vn 0.093311 0.994113 0.055071
vn 0.097739 0.702740 -0.704701
vn -0.056076 0.995976 0.069912
vn -0.093211 0.994069 -0.056032
vn -0.182944 0.887530 0.422874
vn 0.010388 0.819403 -0.573124
vn 0.017341 0.667708 -0.744221
vn 0.130861 0.654147 -0.744962
vn 0.136021 0.675883 -0.724348
vn 0.255012 0.770315 -0.584452
vn -0.176997 0.896296 -0.406603
vn 0.098692 0.963521 -0.248770
vn -0.064168 0.958768 -0.276852
vn 0.250283 0.960799 -0.119267
vn 0.130909 0.582618 -0.802134
vn 0.133006 0.580332 -0.803445
vn 0.138225 0.429863 -0.892251
vn 0.135392 0.436442 -0.889487
vn 0.134984 0.582222 -0.801746
vn 0.140870 0.423756 -0.894755
vn 0.137885 0.282079 -0.949431
vn 0.138746 0.282073 -0.949307
vn 0.139619 0.282067 -0.949181
vn 0.191313 0.977780 0.085704
vn 0.058318 0.995315 0.077117
vn 0.155705 0.926875 0.341555
vn 0.028193 0.948625 0.315144
vn -0.084078 0.992567 0.087984
vn -0.098912 0.949360 0.298216
vn 0.016750 0.915636 0.401659
vn -0.115601 0.931809 0.344046
vn 0.150645 0.888025 0.434416
vn 0.061065 0.892966 0.445963
vn -0.161390 0.903258 0.397591
vn 0.191845 0.917551 0.348275
vn 0.131145 0.838239 0.529299
vn -0.114816 0.922159 0.369379
vn 0.019676 0.909846 0.414479
vn -0.078605 0.852587 0.516640
vn -0.379566 0.920016 -0.097465
vn 0.364841 0.317089 0.875412
vn 0.754960 0.633158 -0.170725
vn 0.724087 0.595958 -0.347177
vn 0.634609 0.633733 -0.442328
vn 0.785292 0.545717 -0.292421
vn 0.760342 0.440811 -0.477038
vn 0.827409 0.475222 -0.299264
vn 0.882774 0.466600 -0.054734
vn 0.747951 0.663620 0.013338
vn 0.847586 0.496744 -0.186666
vn 0.858928 0.471588 -0.199617
vn 0.860286 0.470331 -0.196717
vn 0.861172 0.470026 -0.193542
vn 0.880817 0.427723 -0.203015
vn 0.880990 0.428099 -0.201465
vn 0.881342 0.428097 -0.199920
vn 0.898576 0.388034 -0.204915
vn 0.898468 0.388061 -0.205338
vn 0.898683 0.388008 -0.204496
vn 0.748404 0.662921 -0.020674
vn 0.712496 0.682380 -0.163424
vn 0.686866 0.726649 -0.014019
vn 0.666460 0.729648 -0.153116
vn 0.625839 0.779917 0.007396
vn 0.613909 0.776643 -0.141217
vn 0.597952 0.747222 -0.290023
vn 0.629121 0.722249 -0.287339
vn 0.657087 0.690450 -0.302514
vn 0.526268 0.847735 -0.066232
vn 0.488063 0.820224 -0.298373
vn 0.461360 0.849526 -0.255835
vn 0.588097 0.526949 -0.613569
vn 0.305178 0.941014 -0.146147
vn -0.120080 0.859419 0.496972
vn 0.441552 0.893470 -0.082121
vn 0.417029 0.907654 0.047443
vn 0.636712 0.770128 0.038732
s 1
g PlantFBXASC046168
usemtl aiStandardSurface7SG
f 2/545/1 1/501/2 3/509/3
f 6/521/4 5/497/5 1/501/2 2/545/1
f 4/457/6 115/481/7 3/509/3 1/501/2
f 1/501/2 5/497/5 9/453/8 4/457/6
f 5/497/5 6/521/4 7/513/9
f 8/493/10 5/497/5 7/513/9 25/517/11
f 10/449/12 9/453/8 5/497/5 8/493/10
f 4/457/6 9/453/8 11/429/13 12/437/14
f 13/433/15 11/429/13 9/453/8 10/449/12
f 12/437/14 11/429/13 14/401/16 15/393/17
f 17/397/18 14/401/16 11/429/13 13/433/15
f 15/393/17 14/401/16 16/365/19 109/373/20
f 18/369/21 16/365/19 14/401/16 17/397/18
f 13/433/15 21/441/22 19/405/23 17/397/18
f 17/397/18 19/405/23 20/377/24 18/369/21
f 10/449/12 22/469/25 21/441/22 13/433/15
f 8/493/10 23/505/26 22/469/25 10/449/12
f 25/517/11 24/533/27 23/505/26 8/493/10
f 27/561/28 26/569/29 24/533/27 25/517/11
f 29/589/30 28/597/31 26/569/29 27/561/28
f 31/625/32 30/633/33 28/597/31 29/589/30
f 33/673/34 32/641/35 30/633/33 31/625/32
f 32/641/35 33/673/34 36/689/36 34/685/37
f 34/685/37 36/689/36 38/717/38 35/705/39
f 37/693/40 36/689/36 33/673/34 55/677/41
f 39/721/42 38/717/38 36/689/36 37/693/40
f 40/733/43 39/721/42 37/693/40 42/697/44
f 41/737/45 40/733/43 42/697/44 44/701/46
f 44/701/46 42/697/44 43/681/47 45/661/48
f 42/697/44 37/693/40 55/677/41 43/681/47
f 45/661/48 43/681/47 47/629/49 46/637/50
f 48/609/51 46/637/50 47/629/49 50/593/52
f 48/609/51 50/593/52 51/565/53 49/573/54
f 50/593/52 52/577/55 53/557/56 51/565/53
f 47/629/49 54/621/57 52/577/55 50/593/52
f 27/561/28 53/557/56 52/577/55 29/589/30
f 54/621/57 31/625/32 29/589/30 52/577/55
f 43/681/47 55/677/41 54/621/57 47/629/49
f 55/677/41 33/673/34 31/625/32 54/621/57
f 51/565/53 53/557/56 7/513/9 6/521/4
f 25/517/11 7/513/9 53/557/56 27/561/28
f 49/573/54 51/565/53 6/521/4 2/545/1
f 18/369/21 20/377/24 56/341/58 57/333/59
f 57/333/59 56/341/58 58/313/60 59/305/61
f 59/305/61 58/313/60 60/277/62 61/269/63
f 61/269/63 60/277/62 62/249/64 64/241/65
f 64/241/65 62/249/64 63/213/66 66/205/67
f 66/205/67 67/201/68 65/237/69 64/241/65
f 64/241/65 65/237/69 105/265/70 61/269/63
f 68/177/71 69/173/72 67/201/68 66/205/67
f 66/205/67 63/213/66 71/185/73 68/177/71
f 70/141/74 89/137/75 69/173/72 68/177/71
f 68/177/71 71/185/73 72/149/76 70/141/74
f 70/141/74 72/149/76 73/121/77 74/113/78
f 74/113/78 73/121/77 75/85/79 76/77/80
f 77/57/81 76/77/80 75/85/79
f 78/49/82 76/77/80 77/57/81
f 79/21/83 78/49/82 77/57/81
f 80/13/84 78/49/82 79/21/83
f 84/45/85 78/49/82 80/13/84 81/1/86
f 82/17/87 83/53/88 81/1/86
f 81/1/86 83/53/88 84/45/85
f 86/81/89 85/73/90 84/45/85 83/53/88
f 78/49/82 84/45/85 85/73/90 76/77/80
f 88/117/91 87/109/92 85/73/90 86/81/89
f 76/77/80 85/73/90 87/109/92 74/113/78
f 90/145/93 89/137/75 87/109/92 88/117/91
f 74/113/78 87/109/92 89/137/75 70/141/74
f 91/181/94 69/173/72 89/137/75 90/145/93
f 90/145/93 92/161/95 93/189/96 91/181/94
f 88/117/91 94/125/97 92/161/95 90/145/93
f 86/81/89 95/97/98 94/125/97 88/117/91
f 86/81/89 83/53/88 95/97/98
f 95/97/98 83/53/88 96/61/99
f 83/53/88 82/17/87 96/61/99
f 96/61/99 82/17/87 97/33/100
f 91/181/94 93/189/96 98/225/101 99/209/102
f 99/209/102 98/225/101 100/253/103 102/245/104
f 102/245/104 100/253/103 101/289/105 103/273/106
f 102/245/104 65/237/69 67/201/68 99/209/102
f 103/273/106 105/265/70 65/237/69 102/245/104
f 104/309/107 106/301/108 105/265/70 103/273/106
f 103/273/106 101/289/105 112/317/109 104/309/107
f 61/269/63 105/265/70 106/301/108 59/305/61
f 108/337/110 107/329/111 106/301/108 104/309/107
f 59/305/61 106/301/108 107/329/111 57/333/59
f 109/373/20 16/365/19 107/329/111 108/337/110
f 57/333/59 107/329/111 16/365/19 18/369/21
f 108/337/110 110/353/112 111/381/113 109/373/20
f 104/309/107 112/317/109 110/353/112 108/337/110
f 109/373/20 111/381/113 113/417/114 15/393/17
f 15/393/17 113/417/114 114/445/115 12/437/14
f 12/437/14 114/445/115 115/481/7 4/457/6
f 99/209/102 67/201/68 69/173/72 91/181/94
s 3
f 122/522/116 120/498/117 116/502/118 117/546/119
f 117/546/119 116/502/118 118/510/120
f 119/458/121 227/482/122 118/510/120 116/502/118
f 116/502/118 120/498/117 121/454/123 119/458/121
f 159/450/124 121/454/123 120/498/117 123/494/125
f 120/498/117 122/522/116 124/514/126
f 123/494/125 120/498/117 124/514/126 127/518/127
f 122/522/116 157/574/128 125/566/129 124/514/126
f 124/514/126 125/566/129 126/558/130
f 127/518/127 124/514/126 126/558/130 128/562/131
f 128/562/131 131/570/132 129/534/133 127/518/127
f 127/518/127 129/534/133 130/506/134 123/494/125
f 133/590/135 132/598/136 131/570/132 128/562/131
f 135/626/137 134/634/138 132/598/136 133/590/135
f 137/674/139 136/642/140 134/634/138 135/626/137
f 136/642/140 137/674/139 140/690/141 138/686/142
f 138/686/142 140/690/141 141/718/143 139/706/144
f 145/722/145 141/718/143 140/690/141 142/694/146
f 142/694/146 140/690/141 137/674/139 144/678/147
f 146/734/148 145/722/145 142/694/146 143/698/149
f 143/698/149 142/694/146 144/678/147 151/682/150
f 147/738/151 146/734/148 143/698/149 148/702/152
f 148/702/152 143/698/149 151/682/150 149/662/153
f 149/662/153 151/682/150 152/630/154 150/638/155
f 151/682/150 144/678/147 154/622/156 152/630/154
f 156/610/157 150/638/155 152/630/154 153/594/158
f 152/630/154 154/622/156 155/578/159 153/594/158
f 154/622/156 135/626/137 133/590/135 155/578/159
f 144/678/147 137/674/139 135/626/137 154/622/156
f 153/594/158 155/578/159 126/558/130 125/566/129
f 128/562/131 126/558/130 155/578/159 133/590/135
f 156/610/157 153/594/158 125/566/129 157/574/128
f 117/546/119 157/574/128 122/522/116
f 123/494/125 130/506/134 158/470/160 159/450/124
f 159/450/124 158/470/160 160/442/161 161/434/162
f 161/434/162 160/442/161 162/406/163 163/398/164
f 163/398/164 162/406/163 164/378/165 166/370/166
f 166/370/166 164/378/165 165/342/167 167/334/168
f 166/370/166 168/366/169 170/402/170 163/398/164
f 167/334/168 171/330/171 168/366/169 166/370/166
f 169/374/172 168/366/169 171/330/171 172/338/173
f 225/394/174 170/402/170 168/366/169 169/374/172
f 172/338/173 171/330/171 173/302/175 174/310/176
f 175/306/177 173/302/175 171/330/171 167/334/168
f 174/310/176 173/302/175 176/266/178 177/274/179
f 179/270/180 176/266/178 173/302/175 175/306/177
f 177/274/179 176/266/178 178/238/181 220/246/182
f 180/242/183 178/238/181 176/266/178 179/270/180
f 175/306/177 183/314/184 181/278/185 179/270/180
f 179/270/180 181/278/185 182/250/186 180/242/183
f 167/334/168 165/342/167 183/314/184 175/306/177
f 180/242/183 182/250/186 184/214/187 185/206/188
f 185/206/188 184/214/187 186/186/189 188/178/190
f 188/178/190 186/186/189 187/150/191 190/142/192
f 188/178/190 189/174/193 230/202/194 185/206/188
f 190/142/192 191/138/195 189/174/193 188/178/190
f 192/114/196 194/110/197 191/138/195 190/142/192
f 190/142/192 187/150/191 195/122/198 192/114/196
f 193/78/199 200/74/200 194/110/197 192/114/196
f 192/114/196 195/122/198 196/86/201 193/78/199
f 197/58/202 193/78/199 196/86/201
f 198/22/203 199/50/204 197/58/202
f 193/78/199 197/58/202 199/50/204 200/74/200
f 200/74/200 199/50/204 201/46/205
f 201/46/205 199/50/204 202/14/206
f 202/14/206 199/50/204 198/22/203
f 201/46/205 202/14/206 203/2/207 205/54/208
f 204/18/209 205/54/208 203/2/207
f 206/82/210 200/74/200 201/46/205 205/54/208
f 206/82/210 205/54/208 207/98/211
f 207/98/211 205/54/208 208/62/212
f 205/54/208 204/18/209 208/62/212
f 208/62/212 204/18/209 209/34/213
f 206/82/210 207/98/211 210/126/214 212/118/215
f 212/118/215 210/126/214 211/162/216 213/146/217
f 213/146/217 191/138/195 194/110/197 212/118/215
f 212/118/215 194/110/197 200/74/200 206/82/210
f 214/182/218 189/174/193 191/138/195 213/146/217
f 213/146/217 211/162/216 216/190/219 214/182/218
f 214/182/218 216/190/219 217/226/220 215/210/221
f 215/210/221 230/202/194 189/174/193 214/182/218
f 215/210/221 217/226/220 218/254/222 220/246/182
f 220/246/182 218/254/222 219/290/223 177/274/179
f 220/246/182 178/238/181 230/202/194 215/210/221
f 177/274/179 219/290/223 221/318/224 174/310/176
f 174/310/176 221/318/224 222/354/225 172/338/173
f 172/338/173 222/354/225 223/382/226 169/374/172
f 169/374/172 223/382/226 224/418/227 225/394/174
f 225/394/174 224/418/227 226/446/228 228/438/229
f 228/438/229 226/446/228 227/482/122 119/458/121
f 119/458/121 121/454/123 229/430/230 228/438/229
f 228/438/229 229/430/230 170/402/170 225/394/174
f 161/434/162 229/430/230 121/454/123 159/450/124
f 163/398/164 170/402/170 229/430/230 161/434/162
f 185/206/188 230/202/194 178/238/181 180/242/183
s 5
f 232/547/231 231/461/232 233/483/233
f 231/461/232 232/547/231 235/525/234
f 234/385/235 266/419/236 233/483/233 231/461/232
f 231/461/232 236/471/237 237/407/238 234/385/235
f 235/525/234 238/535/239 236/471/237 231/461/232
f 239/599/240 238/535/239 235/525/234 241/581/241
f 239/599/240 241/581/241 243/653/242 240/643/243
f 242/611/244 241/581/241 235/525/234 232/547/231
f 244/663/245 243/653/242 241/581/241 242/611/244
f 246/739/246 245/723/247 243/653/242 244/663/245
f 245/723/247 247/707/248 240/643/243 243/653/242
f 234/385/235 237/407/238 248/343/249 250/321/250
f 250/321/250 248/343/249 249/279/251 252/257/252
f 250/321/250 251/355/253 266/419/236 234/385/235
f 252/257/252 253/291/254 251/355/253 250/321/250
f 254/193/255 255/227/256 253/291/254 252/257/252
f 252/257/252 249/279/251 257/215/257 254/193/255
f 256/129/258 262/163/259 255/227/256 254/193/255
f 254/193/255 257/215/257 258/151/260 256/129/258
f 256/129/258 258/151/260 259/87/261 261/65/262
f 260/23/263 261/65/262 259/87/261
f 262/163/259 261/65/262 264/99/264
f 256/129/258 261/65/262 262/163/259
f 263/3/265 261/65/262 260/23/263
f 261/65/262 263/3/265 264/99/264
f 264/99/264 263/3/265 265/35/266
s 6
f 268/548/267 267/462/268 270/484/269
f 267/462/268 268/548/267 271/526/270
f 267/462/268 272/472/271 273/408/272 269/386/273
f 269/386/273 302/420/274 270/484/269 267/462/268
f 271/526/270 274/536/275 272/472/271 267/462/268
f 275/600/276 274/536/275 271/526/270 277/582/277
f 275/600/276 277/582/277 279/654/278 276/644/279
f 278/612/280 277/582/277 271/526/270 268/548/267
f 280/664/281 279/654/278 277/582/277 278/612/280
f 280/664/281 281/740/282 279/654/278
f 282/724/283 276/644/279 279/654/278 281/740/282
f 282/724/283 283/708/284 276/644/279
f 269/386/273 273/408/272 284/344/285 285/322/286
f 285/322/286 284/344/285 286/280/287 287/258/288
f 287/258/288 286/280/287 288/216/289 290/194/290
f 290/194/290 288/216/289 289/152/291 292/130/292
f 290/194/290 291/228/293 300/292/294 287/258/288
f 292/130/292 293/164/295 291/228/293 290/194/290
f 292/130/292 294/66/296 293/164/295
f 292/130/292 289/152/291 298/88/297 294/66/296
f 293/164/295 294/66/296 295/100/298
f 294/66/296 296/4/299 295/100/298
f 296/4/299 294/66/296 297/24/300
f 297/24/300 294/66/296 298/88/297
f 295/100/298 296/4/299 299/36/301
f 287/258/288 300/292/294 301/356/302 285/322/286
f 285/322/286 301/356/302 302/420/274 269/386/273
s 7
f 309/523/303 307/499/304 303/503/305 304/549/306
f 304/549/306 303/503/305 305/511/307
f 306/459/308 415/485/309 305/511/307 303/503/305
f 303/503/305 307/499/304 308/455/310 306/459/308
f 312/451/311 308/455/310 307/499/304 311/495/312
f 307/499/304 309/523/303 310/515/313
f 311/495/312 307/499/304 310/515/313 313/519/314
f 311/495/312 314/507/315 315/473/316 312/451/311
f 313/519/314 316/537/317 314/507/315 311/495/312
f 318/563/318 317/571/319 316/537/317 313/519/314
f 320/591/320 319/601/321 317/571/319 318/563/318
f 322/627/322 321/635/323 319/601/321 320/591/320
f 324/675/324 323/645/325 321/635/323 322/627/322
f 323/645/325 324/675/324 327/691/326 325/687/327
f 325/687/327 327/691/326 328/719/328 326/709/329
f 332/725/330 328/719/328 327/691/326 329/695/331
f 329/695/331 327/691/326 324/675/324 331/679/332
f 330/699/333 329/695/331 331/679/332 338/683/334
f 333/735/335 332/725/330 329/695/331 330/699/333
f 334/741/336 333/735/335 330/699/333 335/703/337
f 335/703/337 330/699/333 338/683/334 336/665/338
f 336/665/338 338/683/334 339/631/339 337/639/340
f 338/683/334 331/679/332 341/623/341 339/631/339
f 339/631/339 341/623/341 342/579/342 340/595/343
f 346/613/344 337/639/340 339/631/339 340/595/343
f 341/623/341 322/627/322 320/591/320 342/579/342
f 331/679/332 324/675/324 322/627/322 341/623/341
f 318/563/318 343/559/345 342/579/342 320/591/320
f 340/595/343 342/579/342 343/559/345 344/567/346
f 313/519/314 310/515/313 343/559/345 318/563/318
f 310/515/313 344/567/346 343/559/345
f 309/523/303 345/575/347 344/567/346 310/515/313
f 346/613/344 340/595/343 344/567/346 345/575/347
f 304/549/306 345/575/347 309/523/303
f 312/451/311 315/473/316 347/443/348 348/435/349
f 348/435/349 347/443/348 349/409/350 351/399/351
f 351/399/351 349/409/350 350/379/352 353/371/353
f 351/399/351 352/403/354 416/431/355 348/435/349
f 353/371/353 354/367/356 352/403/354 351/399/351
f 355/335/357 357/331/358 354/367/356 353/371/353
f 353/371/353 350/379/352 358/345/359 355/335/357
f 356/307/360 366/303/361 357/331/358 355/335/357
f 355/335/357 358/345/359 359/315/362 356/307/360
f 356/307/360 359/315/362 360/281/363 362/271/364
f 362/271/364 360/281/363 361/251/365 363/243/366
f 363/243/366 367/239/367 364/267/368 362/271/364
f 362/271/364 364/267/368 366/303/361 356/307/360
f 406/311/369 366/303/361 364/267/368 365/275/370
f 365/275/370 364/267/368 367/239/367 368/247/371
f 368/247/371 367/239/367 369/203/372 370/211/373
f 372/207/374 369/203/372 367/239/367 363/243/366
f 370/211/373 369/203/372 371/175/375 402/183/376
f 373/179/377 371/175/375 369/203/372 372/207/374
f 363/243/366 361/251/365 374/217/378 372/207/374
f 372/207/374 374/217/378 375/187/379 373/179/377
f 373/179/377 375/187/379 376/153/380 378/143/381
f 378/143/381 376/153/380 377/123/382 380/115/383
f 378/143/381 379/139/384 371/175/375 373/179/377
f 380/115/383 381/111/385 379/139/384 378/143/381
f 382/79/386 383/75/387 381/111/385 380/115/383
f 380/115/383 377/123/382 385/89/388 382/79/386
f 382/79/386 384/59/389 386/51/390 383/75/387
f 384/59/389 382/79/386 385/89/388
f 387/25/391 386/51/390 384/59/389
f 388/15/392 386/51/390 387/25/391
f 390/47/393 388/15/392 389/5/394 391/55/395
f 390/47/393 386/51/390 388/15/392
f 395/83/396 383/75/387 390/47/393 391/55/395
f 383/75/387 386/51/390 390/47/393
f 392/101/397 391/55/395 394/63/398
f 395/83/396 391/55/395 392/101/397
f 393/19/399 391/55/395 389/5/394
f 391/55/395 393/19/399 394/63/398
f 395/83/396 392/101/397 398/127/400 396/119/401
f 396/119/401 381/111/385 383/75/387 395/83/396
f 397/147/402 379/139/384 381/111/385 396/119/401
f 396/119/401 398/127/400 399/165/403 397/147/402
f 397/147/402 399/165/403 400/191/404 402/183/376
f 402/183/376 400/191/404 401/229/405 370/211/373
f 402/183/376 371/175/375 379/139/384 397/147/402
f 370/211/373 401/229/405 403/255/406 368/247/371
f 368/247/371 403/255/406 404/293/407 365/275/370
f 365/275/370 404/293/407 405/319/408 406/311/369
f 406/311/369 405/319/408 407/357/409 409/339/410
f 409/339/410 407/357/409 408/383/411 410/375/412
f 409/339/410 357/331/358 366/303/361 406/311/369
f 410/375/412 354/367/356 357/331/358 409/339/410
f 410/375/412 408/383/411 413/421/413 411/395/414
f 411/395/414 352/403/354 354/367/356 410/375/412
f 412/439/415 416/431/355 352/403/354 411/395/414
f 411/395/414 413/421/413 414/447/416 412/439/415
f 412/439/415 414/447/416 415/485/309 306/459/308
f 306/459/308 308/455/310 416/431/355 412/439/415
f 348/435/349 416/431/355 308/455/310 312/451/311
f 394/63/398 393/19/399 417/37/417
s 8
f 424/524/418 422/500/419 418/504/420 419/550/421
f 419/550/421 418/504/420 420/512/422
f 421/460/423 532/486/424 420/512/422 418/504/420
f 418/504/420 422/500/419 423/456/425 421/460/423
f 427/452/426 423/456/425 422/500/419 426/496/427
f 422/500/419 424/524/418 425/516/428
f 426/496/427 422/500/419 425/516/428 428/520/429
f 426/496/427 429/508/430 430/474/431 427/452/426
f 428/520/429 431/538/432 429/508/430 426/496/427
f 433/564/433 432/572/434 431/538/432 428/520/429
f 435/592/435 434/602/436 432/572/434 433/564/433
f 437/628/437 436/636/438 434/602/436 435/592/435
f 440/676/439 438/646/440 436/636/438 437/628/437
f 438/646/440 440/676/439 442/692/441 439/688/442
f 441/680/443 440/676/439 437/628/437 455/624/444
f 444/696/445 442/692/441 440/676/439 441/680/443
f 439/688/442 442/692/441 443/720/446 461/710/447
f 446/726/448 443/720/446 442/692/441 444/696/445
f 445/700/449 444/696/445 441/680/443 452/684/450
f 447/736/451 446/726/448 444/696/445 445/700/449
f 448/742/452 447/736/451 445/700/449 449/704/453
f 449/704/453 445/700/449 452/684/450 450/666/454
f 450/666/454 452/684/450 453/632/455 451/640/456
f 452/684/450 441/680/443 455/624/444 453/632/455
f 453/632/455 455/624/444 456/580/457 454/596/458
f 460/614/459 451/640/456 453/632/455 454/596/458
f 455/624/444 437/628/437 435/592/435 456/580/457
f 454/596/458 456/580/457 457/560/460 458/568/461
f 433/564/433 457/560/460 456/580/457 435/592/435
f 458/568/461 457/560/460 425/516/428 424/524/418
f 428/520/429 425/516/428 457/560/460 433/564/433
f 460/614/459 454/596/458 458/568/461 459/576/462
f 459/576/462 458/568/461 424/524/418 419/550/421
f 427/452/426 430/474/431 462/444/463 464/436/464
f 464/436/464 462/444/463 463/410/465 465/400/466
f 465/400/466 467/404/467 466/432/468 464/436/464
f 464/436/464 466/432/468 423/456/425 427/452/426
f 468/440/469 466/432/468 467/404/467 470/396/470
f 421/460/423 423/456/425 466/432/468 468/440/469
f 468/440/469 469/448/471 532/486/424 421/460/423
f 470/396/470 472/422/472 469/448/471 468/440/469
f 471/376/473 473/384/474 472/422/472 470/396/470
f 470/396/470 467/404/467 522/368/475 471/376/473
f 475/340/476 474/358/477 473/384/474 471/376/473
f 477/312/478 476/320/479 474/358/477 475/340/476
f 479/276/480 478/294/481 476/320/479 477/312/478
f 481/248/482 480/256/483 478/294/481 479/276/480
f 483/212/484 482/230/485 480/256/483 481/248/482
f 485/184/486 484/192/487 482/230/485 483/212/484
f 487/148/488 486/166/489 484/192/487 485/184/486
f 489/120/490 488/128/491 486/166/489 487/148/488
f 489/120/490 490/84/492 488/128/491
f 488/128/491 490/84/492 491/102/493
f 490/84/492 492/56/494 491/102/493
f 491/102/493 492/56/494 493/64/495
f 492/56/494 494/20/496 493/64/495
f 493/64/495 494/20/496 495/38/497
f 494/20/496 492/56/494 496/6/498
f 496/6/498 492/56/494 497/48/499
f 497/48/499 499/52/500 498/16/501 496/6/498
f 498/16/501 499/52/500 500/26/502
f 500/26/502 499/52/500 501/60/503
f 499/52/500 502/80/504 501/60/503
f 501/60/503 502/80/504 503/90/505
f 505/116/506 504/124/507 503/90/505 502/80/504
f 507/144/508 506/154/509 504/124/507 505/116/506
f 509/180/510 508/188/511 506/154/509 507/144/508
f 511/208/512 510/218/513 508/188/511 509/180/510
f 513/244/514 512/252/515 510/218/513 511/208/512
f 515/272/516 514/282/517 512/252/515 513/244/514
f 517/308/518 516/316/519 514/282/517 515/272/516
f 519/336/520 518/346/521 516/316/519 517/308/518
f 521/372/522 520/380/523 518/346/521 519/336/520
f 465/400/466 463/410/465 520/380/523 521/372/522
f 521/372/522 522/368/475 467/404/467 465/400/466
f 519/336/520 523/332/524 522/368/475 521/372/522
f 471/376/473 522/368/475 523/332/524 475/340/476
f 475/340/476 523/332/524 524/304/525 477/312/478
f 517/308/518 524/304/525 523/332/524 519/336/520
f 477/312/478 524/304/525 525/268/526 479/276/480
f 515/272/516 525/268/526 524/304/525 517/308/518
f 479/276/480 525/268/526 526/240/527 481/248/482
f 513/244/514 526/240/527 525/268/526 515/272/516
f 481/248/482 526/240/527 527/204/528 483/212/484
f 511/208/512 527/204/528 526/240/527 513/244/514
f 483/212/484 527/204/528 528/176/529 485/184/486
f 509/180/510 528/176/529 527/204/528 511/208/512
f 485/184/486 528/176/529 529/140/530 487/148/488
f 507/144/508 529/140/530 528/176/529 509/180/510
f 487/148/488 529/140/530 530/112/531 489/120/490
f 505/116/506 530/112/531 529/140/530 507/144/508
f 489/120/490 530/112/531 531/76/532 490/84/492
f 502/80/504 531/76/532 530/112/531 505/116/506
f 490/84/492 531/76/532 497/48/499 492/56/494
f 499/52/500 497/48/499 531/76/532 502/80/504
s 9
f 534/551/533 533/463/534 536/487/535
f 533/463/534 534/551/533 537/527/536
f 533/463/534 538/475/537 539/411/538 535/387/539
f 535/387/539 568/423/540 536/487/535 533/463/534
f 537/527/536 540/539/541 538/475/537 533/463/534
f 541/603/542 540/539/541 537/527/536 543/583/543
f 541/603/542 543/583/543 545/655/544 542/647/545
f 544/615/546 543/583/543 537/527/536 534/551/533
f 546/667/547 545/655/544 543/583/543 544/615/546
f 548/743/548 547/727/549 545/655/544 546/667/547
f 547/727/549 549/711/550 542/647/545 545/655/544
f 535/387/539 539/411/538 550/347/551 551/323/552
f 551/323/552 550/347/551 552/283/553 554/259/554
f 554/259/554 552/283/553 553/219/555 556/195/556
f 554/259/554 555/295/557 567/359/558 551/323/552
f 556/195/556 557/231/559 555/295/557 554/259/554
f 558/131/560 559/167/561 557/231/559 556/195/556
f 556/195/556 553/219/555 561/155/562 558/131/560
f 558/131/560 560/67/563 559/167/561
f 558/131/560 561/155/562 562/91/564 560/67/563
f 563/27/565 560/67/563 562/91/564
f 564/7/566 560/67/563 563/27/565
f 565/103/567 564/7/566 566/39/568
f 560/67/563 564/7/566 565/103/567
f 559/167/561 560/67/563 565/103/567
f 551/323/552 567/359/558 568/423/540 535/387/539
s 10
f 569/464/569 570/488/570 585/552/571 572/528/572
f 571/388/573 604/424/574 570/488/570 569/464/569
f 569/464/569 573/476/575 574/412/576 571/388/573
f 572/528/572 575/540/577 573/476/575 569/464/569
f 576/604/578 575/540/577 572/528/572 578/584/579
f 576/604/578 578/584/579 580/656/580 577/648/581
f 579/616/582 578/584/579 572/528/572 585/552/571
f 581/668/583 580/656/580 578/584/579 579/616/582
f 583/744/584 582/728/585 580/656/580 581/668/583
f 582/728/585 584/712/586 577/648/581 580/656/580
f 571/388/573 574/412/576 586/348/587 587/324/588
f 587/324/588 586/348/587 588/284/589 590/260/590
f 590/260/590 588/284/589 589/220/591 592/196/592
f 592/196/592 594/232/593 591/296/594 590/260/590
f 590/260/590 591/296/594 603/360/595 587/324/588
f 592/196/592 589/220/591 602/156/596 593/132/597
f 593/132/597 595/168/598 594/232/593 592/196/592
f 593/132/597 596/68/599 595/168/598
f 595/168/598 596/68/599 597/104/600
f 596/68/599 598/8/601 597/104/600
f 597/104/600 598/8/601 599/40/602
f 598/8/601 596/68/599 600/28/603
f 600/28/603 596/68/599 601/92/604
f 593/132/597 602/156/596 601/92/604 596/68/599
f 587/324/588 603/360/595 604/424/574 571/388/573
s 11
f 606/553/605 605/465/606 607/489/607
f 605/465/606 606/553/605 609/529/608
f 608/389/609 640/425/610 607/489/607 605/465/606
f 605/465/606 610/477/611 611/413/612 608/389/609
f 609/529/608 612/541/613 610/477/611 605/465/606
f 613/605/614 612/541/613 609/529/608 615/585/615
f 613/605/614 615/585/615 617/657/616 614/649/617
f 616/617/618 615/585/615 609/529/608 606/553/605
f 618/669/619 617/657/616 615/585/615 616/617/618
f 618/669/619 619/745/620 617/657/616
f 620/729/621 614/649/617 617/657/616 619/745/620
f 620/729/621 621/713/622 614/649/617
f 608/389/609 611/413/612 622/349/623 623/325/624
f 623/325/624 622/349/623 624/285/625 626/261/626
f 626/261/626 624/285/625 625/221/627 628/197/628
f 626/261/626 627/297/629 639/361/630 623/325/624
f 628/197/628 629/233/631 627/297/629 626/261/626
f 630/133/632 631/169/633 629/233/631 628/197/628
f 628/197/628 625/221/627 633/157/634 630/133/632
f 630/133/632 632/69/635 631/169/633
f 630/133/632 633/157/634 634/93/636 632/69/635
f 635/29/637 632/69/635 634/93/636
f 636/9/638 632/69/635 635/29/637
f 632/69/635 636/9/638 637/105/639
f 637/105/639 636/9/638 638/41/640
f 631/169/633 632/69/635 637/105/639
f 623/325/624 639/361/630 640/425/610 608/389/609
s 12
f 642/530/641 647/542/642 645/478/643 641/466/644
f 641/466/644 643/490/645 657/554/646 642/530/641
f 644/390/647 676/426/648 643/490/645 641/466/644
f 641/466/644 645/478/643 646/414/649 644/390/647
f 648/606/650 647/542/642 642/530/641 650/586/651
f 648/606/650 650/586/651 652/658/652 649/650/653
f 651/618/654 650/586/651 642/530/641 657/554/646
f 653/670/655 652/658/652 650/586/651 651/618/654
f 655/746/656 654/730/657 652/658/652 653/670/655
f 654/730/657 656/714/658 649/650/653 652/658/652
f 644/390/647 646/414/649 658/350/659 659/326/660
f 659/326/660 658/350/659 660/286/661 661/262/662
f 661/262/662 660/286/661 662/222/663 664/198/664
f 664/198/664 662/222/663 663/158/665 665/134/666
f 665/134/666 668/170/667 666/234/668 664/198/664
f 664/198/664 666/234/668 667/298/669 661/262/662
f 665/134/666 669/70/670 668/170/667
f 668/170/667 669/70/670 670/106/671
f 669/70/670 671/10/672 670/106/671
f 670/106/671 671/10/672 672/42/673
f 671/10/672 669/70/670 673/30/674
f 673/30/674 669/70/670 674/94/675
f 665/134/666 663/158/665 674/94/675 669/70/670
f 661/262/662 667/298/669 675/362/676 659/326/660
f 659/326/660 675/362/676 676/426/648 644/390/647
s 13
f 677/467/677 679/555/678 678/531/679
f 678/531/679 684/543/680 682/479/681 677/467/677
f 679/555/678 677/467/677 680/491/682
f 681/391/683 712/427/684 680/491/682 677/467/677
f 677/467/677 682/479/681 683/415/685 681/391/683
f 685/607/686 684/543/680 678/531/679 687/587/687
f 685/607/686 687/587/687 689/659/688 686/651/689
f 688/619/690 687/587/687 678/531/679 679/555/678
f 690/671/691 689/659/688 687/587/687 688/619/690
f 692/747/692 691/731/693 689/659/688 690/671/691
f 691/731/693 693/715/694 686/651/689 689/659/688
f 681/391/683 683/415/685 694/351/695 696/327/696
f 696/327/696 694/351/695 695/287/697 698/263/698
f 696/327/696 697/363/699 712/427/684 681/391/683
f 698/263/698 699/299/700 697/363/699 696/327/696
f 700/199/701 701/235/702 699/299/700 698/263/698
f 698/263/698 695/287/697 703/223/703 700/199/701
f 702/135/704 711/171/705 701/235/702 700/199/701
f 700/199/701 703/223/703 704/159/706 702/135/704
f 702/135/704 704/159/706 705/95/707 706/71/708
f 707/31/709 706/71/708 705/95/707
f 708/11/710 706/71/708 707/31/709
f 709/107/711 708/11/710 710/43/712
f 706/71/708 708/11/710 709/107/711
f 711/171/705 706/71/708 709/107/711
f 702/135/704 706/71/708 711/171/705
s 14
f 715/392/713 748/428/714 714/492/715 713/468/716
f 713/468/716 714/492/715 718/556/717 717/532/718
f 713/468/716 716/480/719 729/416/720 715/392/713
f 717/532/718 719/544/721 716/480/719 713/468/716
f 721/620/722 720/588/723 717/532/718 718/556/717
f 723/608/724 719/544/721 717/532/718 720/588/723
f 728/672/725 722/660/726 720/588/723 721/620/722
f 723/608/724 720/588/723 722/660/726 724/652/727
f 726/732/728 725/716/729 724/652/727 722/660/726
f 727/748/730 726/732/728 722/660/726 728/672/725
f 715/392/713 729/416/720 730/352/731 731/328/732
f 731/328/732 730/352/731 732/288/733 734/264/734
f 734/264/734 732/288/733 733/224/735 735/200/736
f 735/200/736 738/236/737 736/300/738 734/264/734
f 734/264/734 736/300/738 737/364/739 731/328/732
f 740/136/740 739/172/741 738/236/737 735/200/736
f 740/136/740 741/72/742 739/172/741
f 739/172/741 741/72/742 742/108/743
f 742/108/743 743/12/744 744/44/745
f 741/72/742 743/12/744 742/108/743
f 743/12/744 741/72/742 745/32/746
f 745/32/746 741/72/742 746/96/747
f 740/136/740 747/160/748 746/96/747 741/72/742
f 735/200/736 733/224/735 747/160/748 740/136/740
f 731/328/732 737/364/739 748/428/714 715/392/713
g default
v 2.770598 0.076120 4.729402
v 2.500000 0.076120 4.617317
v 2.229402 0.076120 4.729402
v 2.117317 0.076120 5.000000
v 2.229402 0.076120 5.270598
v 2.500000 0.076120 5.382683
v 2.770598 0.076120 5.270598
v 2.882684 0.076120 5.000000
v 3.000000 0.292893 4.500000
v 2.500000 0.292893 4.292893
v 2.000000 0.292893 4.500000
v 1.792893 0.292893 5.000000
v 2.000000 0.292893 5.500000
v 2.500000 0.292893 5.707107
v 3.000000 0.292893 5.500000
v 3.207107 0.292893 5.000000
v 3.153281 0.617317 4.346719
v 2.500000 0.617317 4.076120
v 1.846719 0.617317 4.346719
v 1.576121 0.617317 5.000000
v 1.846719 0.617317 5.653281
v 2.500000 0.617317 5.923880
v 3.153281 0.617317 5.653281
v 3.423880 0.617317 5.000000
v 3.207107 1.000000 4.292893
v 2.500000 1.000000 4.000000
v 1.792893 1.000000 4.292893
v 1.500000 1.000000 5.000000
v 1.792893 1.000000 5.707107
v 2.500000 1.000000 6.000000
v 3.207107 1.000000 5.707107
v 3.500000 1.000000 5.000000
v 3.153281 1.382683 4.346719
v 2.500000 1.382683 4.076120
v 1.846719 1.382683 4.346719
v 1.576121 1.382683 5.000000
v 1.846719 1.382683 5.653281
v 2.500000 1.382683 5.923880
v 3.153281 1.382683 5.653281
v 3.423880 1.382683 5.000000
v 3.000000 1.707107 4.500000
v 2.500000 1.707107 4.292893
v 2.000000 1.707107 4.500000
v 1.792893 1.707107 5.000000
v 2.000000 1.707107 5.500000
v 2.500000 1.707107 5.707107
v 3.000000 1.707107 5.500000
v 3.207107 1.707107 5.000000
v 2.770598 1.923880 4.729402
v 2.500000 1.923880 4.617317
v 2.229402 1.923880 4.729402
v 2.117317 1.923880 5.000000
v 2.229402 1.923880 5.270598
v 2.500000 1.923880 5.382683
v 2.770598 1.923880 5.270598
v 2.882684 1.923880 5.000000
v 2.500000 0.000000 5.000000
v 2.500000 2.000000 5.000000
vt 0.000000 0.125000
vt 0.125000 0.125000
vt 0.250000 0.125000
vt 0.375000 0.125000
vt 0.500000 0.125000
vt 0.625000 0.125000
vt 0.750000 0.125000
vt 0.875000 0.125000
vt 1.000000 0.125000
vt 0.000000 0.250000
vt 0.125000 0.250000
vt 0.250000 0.250000
vt 0.375000 0.250000
vt 0.500000 0.250000
vt 0.625000 0.250000
vt 0.750000 0.250000
vt 0.875000 0.250000
vt 1.000000 0.250000
vt 0.000000 0.375000
vt 0.125000 0.375000
vt 0.250000 0.375000
vt 0.375000 0.375000
vt 0.500000 0.375000
vt 0.625000 0.375000
vt 0.750000 0.375000
vt 0.875000 0.375000
vt 1.000000 0.375000
vt 0.000000 0.500000
vt 0.125000 0.500000
vt 0.250000 0.500000
vt 0.375000 0.500000
vt 0.500000 0.500000
vt 0.625000 0.500000
vt 0.750000 0.500000
vt 0.875000 0.500000
vt 1.000000 0.500000
vt 0.000000 0.625000
vt 0.125000 0.625000
vt 0.250000 0.625000
vt 0.375000 0.625000
vt 0.500000 0.625000
vt 0.625000 0.625000
vt 0.750000 0.625000
vt 0.875000 0.625000
vt 1.000000 0.625000
vt 0.000000 0.750000
vt 0.125000 0.750000
vt 0.250000 0.750000
vt 0.375000 0.750000
vt 0.500000 0.750000
vt 0.625000 0.750000
vt 0.750000 0.750000
vt 0.875000 0.750000
vt 1.000000 0.750000
vt 0.000000 0.875000
vt 0.125000 0.875000
vt 0.250000 0.875000
vt 0.375000 0.875000
vt 0.500000 0.875000
vt 0.625000 0.875000
vt 0.750000 0.875000
vt 0.875000 0.875000
vt 1.000000 0.875000
vt 0.062500 0.000000
vt 0.187500 0.000000
vt 0.312500 0.000000
vt 0.437500 0.000000
vt 0.562500 0.000000
vt 0.687500 0.000000
vt 0.812500 0.000000
vt 0.937500 0.000000
vt 0.062500 1.000000
vt 0.187500 1.000000
vt 0.312500 1.000000
vt 0.437500 1.000000
vt 0.562500 1.000000
vt 0.687500 1.000000
vt 0.812500 1.000000
vt 0.937500 1.000000
vn 0.224264 -0.810291 -0.541419
vn 0.224264 -0.810291 -0.541419
vn 0.224264 -0.810291 -0.541419
vn 0.224264 -0.810291 -0.541419
vn -0.224264 -0.810291 -0.541419
vn -0.224264 -0.810291 -0.541419
vn -0.224264 -0.810291 -0.541419
vn -0.224264 -0.810291 -0.541419
vn -0.541419 -0.810291 -0.224263
vn -0.541419 -0.810291 -0.224263
vn -0.541419 -0.810291 -0.224263
vn -0.541419 -0.810291 -0.224263
vn -0.541419 -0.810291 0.224263
vn -0.541419 -0.810291 0.224263
vn -0.541419 -0.810291 0.224263
vn -0.541418 -0.810291 0.224263
vn -0.224264 -0.810291 0.541419
vn -0.224264 -0.810291 0.541419
vn -0.224264 -0.810291 0.541419
vn -0.224264 -0.810291 0.541419
vn 0.224264 -0.810291 0.541419
vn 0.224264 -0.810291 0.541419
vn 0.224264 -0.810291 0.541419
vn 0.224264 -0.810291 0.541419
vn 0.541418 -0.810291 0.224263
vn 0.541418 -0.810291 0.224263
vn 0.541418 -0.810291 0.224263
vn 0.541418 -0.810291 0.224263
vn 0.541419 -0.810291 -0.224263
vn 0.541419 -0.810291 -0.224263
vn 0.541419 -0.810291 -0.224263
vn 0.541419 -0.810291 -0.224263
vn 0.325635 -0.525289 -0.786151
vn 0.325635 -0.525289 -0.786151
vn 0.325635 -0.525289 -0.786151
vn 0.325635 -0.525289 -0.786151
vn -0.325635 -0.525289 -0.786151
vn -0.325635 -0.525289 -0.786151
vn -0.325635 -0.525289 -0.786151
vn -0.325635 -0.525289 -0.786151
vn -0.786151 -0.525289 -0.325635
vn -0.786151 -0.525289 -0.325635
vn -0.786151 -0.525289 -0.325635
vn -0.786151 -0.525289 -0.325635
vn -0.786151 -0.525289 0.325634
vn -0.786151 -0.525289 0.325634
vn -0.786151 -0.525289 0.325634
vn -0.786151 -0.525289 0.325634
vn -0.325635 -0.525289 0.786151
vn -0.325635 -0.525289 0.786151
vn -0.325635 -0.525289 0.786151
vn -0.325635 -0.525289 0.786151
vn 0.325635 -0.525289 0.786151
vn 0.325635 -0.525289 0.786151
vn 0.325635 -0.525289 0.786151
vn 0.325635 -0.525289 0.786151
vn 0.786151 -0.525289 0.325634
vn 0.786151 -0.525289 0.325634
vn 0.786151 -0.525289 0.325635
vn 0.786151 -0.525289 0.325634
vn 0.786151 -0.525289 -0.325635
vn 0.786151 -0.525289 -0.325635
vn 0.786151 -0.525289 -0.325635
vn 0.786151 -0.525289 -0.325635
vn 0.376381 -0.180744 -0.908663
vn 0.376381 -0.180744 -0.908663
vn 0.376381 -0.180744 -0.908663
vn 0.376381 -0.180744 -0.908663
vn -0.376381 -0.180744 -0.908663
vn -0.376381 -0.180744 -0.908663
vn -0.376381 -0.180744 -0.908663
vn -0.376381 -0.180744 -0.908663
vn -0.908663 -0.180745 -0.376381
vn -0.908663 -0.180745 -0.376381
vn -0.908663 -0.180745 -0.376381
vn -0.908663 -0.180745 -0.376381
vn -0.908663 -0.180745 0.376381
vn -0.908663 -0.180745 0.376381
vn -0.908663 -0.180745 0.376381
vn -0.908663 -0.180745 0.376381
vn -0.376381 -0.180744 0.908663
vn -0.376381 -0.180744 0.908663
vn -0.376381 -0.180744 0.908663
vn -0.376381 -0.180744 0.908663
vn 0.376381 -0.180744 0.908663
vn 0.376381 -0.180744 0.908663
vn 0.376381 -0.180744 0.908663
vn 0.376381 -0.180744 0.908663
vn 0.908663 -0.180744 0.376381
vn 0.908663 -0.180744 0.376381
vn 0.908663 -0.180744 0.376381
vn 0.908663 -0.180744 0.376381
vn 0.908663 -0.180743 -0.376381
vn 0.908664 -0.180743 -0.376381
vn 0.908663 -0.180743 -0.376381
vn 0.908663 -0.180743 -0.376381
vn 0.376381 0.180744 -0.908663
vn 0.376381 0.180744 -0.908663
vn 0.376381 0.180744 -0.908663
vn 0.376381 0.180744 -0.908663
vn -0.376381 0.180744 -0.908663
vn -0.376381 0.180744 -0.908663
vn -0.376381 0.180744 -0.908663
vn -0.376381 0.180744 -0.908663
vn -0.908663 0.180745 -0.376381
vn -0.908663 0.180745 -0.376381
vn -0.908663 0.180745 -0.376381
vn -0.908663 0.180745 -0.376381
vn -0.908663 0.180745 0.376381
vn -0.908663 0.180745 0.376381
vn -0.908663 0.180745 0.376381
vn -0.908663 0.180745 0.376381
vn -0.376381 0.180744 0.908663
vn -0.376381 0.180744 0.908663
vn -0.376381 0.180744 0.908663
vn -0.376381 0.180744 0.908663
vn 0.376381 0.180744 0.908663
vn 0.376381 0.180744 0.908663
vn 0.376381 0.180744 0.908663
vn 0.376381 0.180744 0.908663
vn 0.908663 0.180744 0.376381
vn 0.908663 0.180744 0.376381
vn 0.908663 0.180744 0.376381
vn 0.908663 0.180744 0.376381
vn 0.908663 0.180743 -0.376381
vn 0.908663 0.180743 -0.376381
vn 0.908664 0.180743 -0.376381
vn 0.908663 0.180743 -0.376381
vn 0.325635 0.525289 -0.786151
vn 0.325635 0.525289 -0.786151
vn 0.325635 0.525289 -0.786151
vn 0.325635 0.525289 -0.786151
vn -0.325635 0.525289 -0.786151
vn -0.325635 0.525289 -0.786151
vn -0.325635 0.525289 -0.786151
vn -0.325635 0.525289 -0.786151
vn -0.786151 0.525289 -0.325634
vn -0.786151 0.525289 -0.325634
vn -0.786151 0.525289 -0.325634
vn -0.786151 0.525289 -0.325634
vn -0.786151 0.525289 0.325635
vn -0.786151 0.525289 0.325635
vn -0.786151 0.525289 0.325635
vn -0.786151 0.525289 0.325635
vn -0.325635 0.525289 0.786151
vn -0.325635 0.525289 0.786151
vn -0.325635 0.525289 0.786151
vn -0.325635 0.525289 0.786151
vn 0.325635 0.525289 0.786151
vn 0.325635 0.525289 0.786151
vn 0.325635 0.525289 0.786151
vn 0.325635 0.525289 0.786151
vn 0.786151 0.525289 0.325635
vn 0.786151 0.525289 0.325635
vn 0.786151 0.525289 0.325635
vn 0.786151 0.525289 0.325635
vn 0.786151 0.525289 -0.325635
vn 0.786151 0.525289 -0.325635
vn 0.786151 0.525289 -0.325635
vn 0.786151 0.525289 -0.325635
vn 0.224264 0.810291 -0.541419
vn 0.224264 0.810291 -0.541419
vn 0.224264 0.810291 -0.541419
vn 0.224264 0.810291 -0.541419
vn -0.224264 0.810291 -0.541419
vn -0.224264 0.810291 -0.541419
vn -0.224264 0.810291 -0.541419
vn -0.224264 0.810291 -0.541419
vn -0.541419 0.810291 -0.224263
vn -0.541419 0.810291 -0.224263
vn -0.541419 0.810291 -0.224263
vn -0.541419 0.810291 -0.224263
vn -0.541419 0.810291 0.224263
vn -0.541419 0.810291 0.224263
vn -0.541419 0.810291 0.224263
vn -0.541419 0.810291 0.224263
vn -0.224264 0.810291 0.541419
vn -0.224264 0.810291 0.541419
vn -0.224264 0.810291 0.541419
vn -0.224264 0.810291 0.541419
vn 0.224264 0.810291 0.541418
vn 0.224264 0.810291 0.541419
vn 0.224264 0.810291 0.541419
vn 0.224264 0.810291 0.541419
vn 0.541418 0.810291 0.224264
vn 0.541418 0.810291 0.224264
vn 0.541418 0.810291 0.224264
vn 0.541418 0.810291 0.224264
vn 0.541418 0.810291 -0.224264
vn 0.541418 0.810291 -0.224264
vn 0.541418 0.810291 -0.224264
vn 0.541418 0.810291 -0.224264
vn 0.080547 -0.977599 -0.194457
vn 0.080547 -0.977599 -0.194457
vn 0.080547 -0.977599 -0.194457
vn -0.080547 -0.977599 -0.194457
vn -0.080547 -0.977599 -0.194457
vn -0.080547 -0.977599 -0.194457
vn -0.194456 -0.977599 -0.080547
vn -0.194456 -0.977599 -0.080547
vn -0.194456 -0.977599 -0.080547
vn -0.194456 -0.977599 0.080547
vn -0.194456 -0.977599 0.080547
vn -0.194456 -0.977599 0.080547
vn -0.080547 -0.977599 0.194457
vn -0.080547 -0.977599 0.194457
vn -0.080547 -0.977599 0.194457
vn 0.080547 -0.977599 0.194457
vn 0.080547 -0.977599 0.194457
vn 0.080547 -0.977599 0.194457
vn 0.194456 -0.977599 0.080547
vn 0.194456 -0.977599 0.080547
vn 0.194456 -0.977599 0.080547
vn 0.194456 -0.977599 -0.080547
vn 0.194456 -0.977599 -0.080547
vn 0.194456 -0.977599 -0.080547
vn 0.080547 0.977599 -0.194457
vn 0.080547 0.977599 -0.194457
vn 0.080547 0.977599 -0.194457
vn -0.080547 0.977599 -0.194457
vn -0.080547 0.977599 -0.194457
vn -0.080547 0.977599 -0.194457
vn -0.194456 0.977599 -0.080547
vn -0.194456 0.977599 -0.080547
vn -0.194456 0.977599 -0.080547
vn -0.194456 0.977599 0.080547
vn -0.194456 0.977599 0.080547
vn -0.194456 0.977599 0.080547
vn -0.080547 0.977599 0.194457
vn -0.080547 0.977599 0.194457
vn -0.080547 0.977599 0.194457
vn 0.080547 0.977599 0.194457
vn 0.080547 0.977599 0.194457
vn 0.080547 0.977599 0.194457
vn 0.194456 0.977599 0.080547
vn 0.194456 0.977599 0.080547
vn 0.194456 0.977599 0.080547
vn 0.194456 0.977599 -0.080547
vn 0.194456 0.977599 -0.080547
vn 0.194456 0.977599 -0.080547
s off
g pSphere22 Balls
usemtl aiStandardSurface1SG
f 749/749/749 750/750/750 758/759/751 757/758/752
f 750/750/753 751/751/754 759/760/755 758/759/756
f 751/751/757 752/752/758 760/761/759 759/760/760
f 752/752/761 753/753/762 761/762/763 760/761/764
f 753/753/765 754/754/766 762/763/767 761/762/768
f 754/754/769 755/755/770 763/764/771 762/763/772
f 755/755/773 756/756/774 764/765/775 763/764/776
f 756/756/777 749/757/778 757/766/779 764/765/780
f 757/758/781 758/759/782 766/768/783 765/767/784
f 758/759/785 759/760/786 767/769/787 766/768/788
f 759/760/789 760/761/790 768/770/791 767/769/792
f 760/761/793 761/762/794 769/771/795 768/770/796
f 761/762/797 762/763/798 770/772/799 769/771/800
f 762/763/801 763/764/802 771/773/803 770/772/804
f 763/764/805 764/765/806 772/774/807 771/773/808
f 764/765/809 757/766/810 765/775/811 772/774/812
f 765/767/813 766/768/814 774/777/815 773/776/816
f 766/768/817 767/769/818 775/778/819 774/777/820
f 767/769/821 768/770/822 776/779/823 775/778/824
f 768/770/825 769/771/826 777/780/827 776/779/828
f 769/771/829 770/772/830 778/781/831 777/780/832
f 770/772/833 771/773/834 779/782/835 778/781/836
f 771/773/837 772/774/838 780/783/839 779/782/840
f 772/774/841 765/775/842 773/784/843 780/783/844
f 773/776/845 774/777/846 782/786/847 781/785/848
f 774/777/849 775/778/850 783/787/851 782/786/852
f 775/778/853 776/779/854 784/788/855 783/787/856
f 776/779/857 777/780/858 785/789/859 784/788/860
f 777/780/861 778/781/862 786/790/863 785/789/864
f 778/781/865 779/782/866 787/791/867 786/790/868
f 779/782/869 780/783/870 788/792/871 787/791/872
f 780/783/873 773/784/874 781/793/875 788/792/876
f 781/785/877 782/786/878 790/795/879 789/794/880
f 782/786/881 783/787/882 791/796/883 790/795/884
f 783/787/885 784/788/886 792/797/887 791/796/888
f 784/788/889 785/789/890 793/798/891 792/797/892
f 785/789/893 786/790/894 794/799/895 793/798/896
f 786/790/897 787/791/898 795/800/899 794/799/900
f 787/791/901 788/792/902 796/801/903 795/800/904
f 788/792/905 781/793/906 789/802/907 796/801/908
f 789/794/909 790/795/910 798/804/911 797/803/912
f 790/795/913 791/796/914 799/805/915 798/804/916
f 791/796/917 792/797/918 800/806/919 799/805/920
f 792/797/921 793/798/922 801/807/923 800/806/924
f 793/798/925 794/799/926 802/808/927 801/807/928
f 794/799/929 795/800/930 803/809/931 802/808/932
f 795/800/933 796/801/934 804/810/935 803/809/936
f 796/801/937 789/802/938 797/811/939 804/810/940
f 750/750/941 749/749/942 805/812/943
f 751/751/944 750/750/945 805/813/946
f 752/752/947 751/751/948 805/814/949
f 753/753/950 752/752/951 805/815/952
f 754/754/953 753/753/954 805/816/955
f 755/755/956 754/754/957 805/817/958
f 756/756/959 755/755/960 805/818/961
f 749/757/962 756/756/963 805/819/964
f 797/803/965 798/804/966 806/820/967
f 798/804/968 799/805/969 806/821/970
f 799/805/971 800/806/972 806/822/973
f 800/806/974 801/807/975 806/823/976
f 801/807/977 802/808/978 806/824/979
f 802/808/980 803/809/981 806/825/982
f 803/809/983 804/810/984 806/826/985
f 804/810/986 797/811/987 806/827/988
