# This file uses meters as units for non-parametric coordinates.

mtllib CryoPropsOBJ.mtl
g default
v 3.048992 0.767601 -2.865781
v 2.623212 0.575072 -3.570522
v 2.575584 0.570404 -3.524084
v 3.160828 0.749822 -2.817212
v 2.682671 0.468570 -3.587945
v 2.667567 0.532888 -3.596972
v 1.667365 0.017258 -2.006352
v 1.961291 0.017258 -1.590630
v 3.111226 0.782761 -2.847232
v 1.537773 1.935637 -2.746742
v 1.537773 0.660092 -2.746742
v 1.458824 0.660092 -2.690925
v 1.458824 1.935637 -2.690925
v 1.702009 0.100443 -2.030845
v 1.995935 0.100443 -1.615124
v 1.995935 0.061188 -1.615124
v 1.702009 0.061188 -2.030845
v 1.499428 0.708751 -2.633497
v 1.499428 1.886978 -2.633497
v 1.667365 0.100443 -2.006352
v 1.961291 0.100443 -1.590630
v 2.307725 0.061188 -1.835567
v 2.013800 0.061188 -2.251289
v 1.542162 0.708751 -2.663711
v 1.542162 1.886978 -2.663711
v 2.951103 0.100443 -2.290451
v 2.657180 0.017258 -2.706173
v 2.657178 0.100443 -2.706173
v 2.360234 0.100443 -2.496227
v 2.013800 0.100443 -2.251289
v 2.342821 1.057543 -2.394764
v 2.307725 0.100443 -1.835567
v 2.482552 0.708751 -1.242986
v 3.068102 0.618532 -2.808066
v 3.018499 0.651472 -2.838085
v 2.612043 0.415122 -3.502284
v 3.010582 0.713217 -2.861993
v 2.567685 0.457301 -3.475831
v 3.130333 0.633693 -2.789518
v 2.659670 0.419790 -3.548723
v 2.654160 0.100443 -2.080505
v 2.654160 0.061188 -2.080505
v 2.360234 0.061188 -2.496227
v 2.951105 0.017258 -2.290451
v 2.921409 0.061188 -2.269457
v 2.627484 0.061188 -2.685179
v 3.168743 0.688077 -2.793306
v 2.137647 0.017258 -1.341196
v 2.065773 1.057543 -2.198884
v 2.261652 1.057543 -1.921836
v 2.921409 0.100443 -2.269457
v 2.627484 0.100443 -2.685179
v 2.538700 1.057543 -2.117716
v 2.137647 0.100443 -1.341196
v 2.160329 0.046345 -1.438872
v 2.178668 0.046345 -1.446468
v 2.178668 0.046345 -1.420533
v 2.152733 0.046345 -1.420533
v 2.160329 0.046345 -1.402194
v 2.197007 0.046345 -1.438872
v 1.997017 1.113002 -2.164186
v 2.602102 0.660092 -1.241375
v 2.178668 0.046345 -1.394597
v 2.204603 0.046345 -1.420533
v 2.178668 0.080581 -1.446468
v 2.160329 0.080581 -1.438872
v 2.178668 0.080581 -1.420533
v 2.152733 0.080581 -1.420533
v 2.197007 0.046345 -1.402194
v 2.197007 0.080581 -1.438872
v 2.160329 0.080581 -1.402194
v 2.204603 0.080581 -1.420533
v 2.178668 0.080581 -1.394597
v 2.197007 0.080581 -1.402194
v 2.503676 0.017258 -1.558419
v 2.191885 0.100443 -1.337975
v 2.191885 0.017258 -1.337975
v 2.462633 1.192719 -2.379014
v 2.503676 0.100443 -1.558419
v 2.496934 1.175756 -2.324401
v 3.002024 0.046345 -2.025643
v 3.009620 0.046345 -2.043982
v 3.027959 0.046345 -2.025643
v 3.027959 0.046345 -2.051579
v 2.453016 1.249296 -2.412976
v 3.009620 0.046345 -2.007304
v 3.046298 0.046345 -2.043982
v 1.997017 1.482727 -2.164186
v 2.850111 0.017258 -1.803357
v 3.027959 0.046345 -1.999708
v 3.053894 0.046345 -2.025643
v 3.009620 0.080581 -2.043982
v 3.002024 0.080581 -2.025643
v 3.027959 0.080581 -2.025643
v 3.027959 0.080581 -2.051579
v 3.046298 0.046345 -2.007304
v 3.009620 0.080581 -2.007304
v 3.046298 0.080581 -2.043982
v 3.027959 0.080581 -1.999708
v 3.053894 0.080581 -2.025643
v 2.850109 0.100443 -1.803357
v 3.046298 0.080581 -2.007304
v 2.535826 1.208341 -2.281131
v 2.523157 0.660092 -1.185557
v 3.117360 0.017258 -1.992309
v 2.172290 0.100443 -1.365690
v 2.172290 0.061188 -1.365690
v 2.512610 1.344929 -2.363123
v 3.117358 0.100443 -1.992308
v 3.147053 0.100443 -2.013303
v 3.127460 0.017258 -2.041018
v 3.127458 0.100443 -2.041018
v 3.147055 0.017258 -2.013304
v 2.473718 1.312343 -2.406394
v 2.546911 1.327965 -2.308511
v 2.556528 1.271389 -2.274549
v 2.390180 1.211160 -2.327780
v 2.206013 1.482727 -1.868584
v 2.525288 0.708751 -1.273199
v 2.160329 0.017258 -1.438872
v 2.178668 0.017258 -1.446468
v 2.152733 0.017258 -1.420533
v 2.197007 0.017258 -1.438872
v 2.160329 0.017258 -1.402194
v 2.484081 0.061188 -1.586134
v 2.830515 0.061188 -1.831071
v 2.160329 0.061188 -1.438872
v 2.178668 0.061188 -1.446468
v 2.152733 0.061188 -1.420533
v 2.380969 1.335949 -2.340808
v 2.197007 0.061188 -1.438872
v 2.160329 0.061188 -1.402194
v 2.204603 0.017258 -1.420533
v 2.178668 0.017258 -1.394597
v 2.460715 1.227458 -2.228017
v 2.197007 0.017258 -1.402194
v 2.204603 0.061188 -1.420533
v 2.178668 0.061188 -1.394597
v 2.206013 1.113002 -1.868584
v 2.197007 0.061188 -1.402194
v 2.440027 1.357711 -2.257277
v 2.414329 1.369943 -2.293624
v 2.157242 0.017258 -1.313482
v 2.470717 1.293229 -2.213869
v 2.157242 0.100443 -1.313482
v 2.451504 1.352247 -2.241045
v 2.523157 1.935637 -1.185557
v 2.484081 0.100443 -1.586134
v 3.097763 0.100443 -2.020023
v 3.097763 0.061188 -2.020023
v 2.065773 1.113002 -2.198884
v 2.342821 1.113002 -2.394764
v 3.009620 0.017258 -2.043982
v 3.027959 0.017258 -2.051579
v 3.002024 0.017258 -2.025643
v 2.830515 0.100443 -1.831071
v 3.009620 0.017258 -2.007304
v 3.046298 0.017258 -2.043982
v 3.002024 0.061188 -2.025643
v 3.009620 0.061188 -2.043982
v 3.027959 0.061188 -2.051579
v 3.009620 0.061188 -2.007304
v 3.046298 0.061188 -2.043982
v 3.027959 0.017258 -1.999708
v 3.053894 0.017258 -2.025643
v 3.046298 0.017258 -2.007304
v 3.027959 0.061188 -1.999708
v 3.053894 0.061188 -2.025643
v 3.046298 0.061188 -2.007304
v 2.602102 1.935637 -1.241375
v 2.065773 1.482727 -2.198884
v 2.261652 1.113002 -1.921836
v 2.342821 1.482727 -2.394764
v 2.538700 1.113002 -2.117716
v 2.370967 1.270179 -2.354955
v 2.427355 1.193465 -2.275200
v 2.525288 1.886978 -1.273199
v 2.482552 1.886978 -1.242986
v 2.261652 1.482727 -1.921836
v 2.538700 1.482727 -2.117716
v 2.552582 0.521620 -3.484859
v 2.468228 0.017258 -2.973423
v 2.468226 0.100443 -2.973423
v 2.455320 0.080581 -2.857053
v 2.462916 0.080581 -2.875392
v 2.436981 0.080581 -2.875392
v 2.436981 0.080581 -2.849457
v 2.455320 0.080581 -2.893731
v 2.418642 0.080581 -2.857053
v 2.438532 0.100443 -2.952428
v 2.411046 0.080581 -2.875392
v 2.436981 0.080581 -2.901327
v 2.462916 0.046345 -2.875392
v 2.455320 0.046345 -2.857053
v 2.436981 0.046345 -2.875392
v 2.436981 0.046345 -2.849457
v 2.418642 0.080581 -2.893731
v 2.455320 0.046345 -2.893731
v 2.418642 0.046345 -2.857053
v 2.411046 0.046345 -2.875392
v 2.436981 0.046345 -2.901327
v 1.478413 0.100443 -2.273602
v 2.438532 0.061188 -2.952428
v 2.418642 0.046345 -2.893731
v 2.447233 0.017258 -3.003118
v 2.417537 0.100443 -2.982123
v 2.447231 0.100443 -3.003117
v 2.417539 0.017258 -2.982123
v 2.150289 0.017258 -2.793171
v 2.150287 0.100443 -2.793171
v 1.478413 0.017258 -2.273602
v 1.803854 0.017258 -2.548233
v 1.577462 0.080581 -2.261052
v 1.595800 0.080581 -2.268648
v 1.577462 0.080581 -2.286987
v 1.603397 0.080581 -2.286987
v 1.559123 0.080581 -2.268648
v 1.595800 0.080581 -2.305326
v 1.803853 0.100443 -2.548233
v 1.551527 0.080581 -2.286987
v 1.577462 0.080581 -2.312922
v 2.462916 0.061188 -2.875392
v 2.455320 0.061188 -2.857053
v 2.436981 0.061188 -2.849457
v 1.595800 0.046345 -2.268648
v 1.577462 0.046345 -2.261052
v 1.577462 0.046345 -2.286987
v 1.603397 0.046345 -2.286987
v 1.559123 0.080581 -2.305326
v 1.559123 0.046345 -2.268648
v 1.595800 0.046345 -2.305326
v 1.551527 0.046345 -2.286987
v 1.577462 0.046345 -2.312922
v 2.171282 0.061188 -2.763476
v 1.824848 0.061188 -2.518539
v 2.455320 0.061188 -2.893731
v 2.418642 0.061188 -2.857053
v 2.462916 0.017258 -2.875392
v 2.455320 0.017258 -2.857053
v 2.436981 0.017258 -2.849457
v 1.559123 0.046345 -2.305326
v 1.492062 0.017258 -2.327790
v 2.455320 0.017258 -2.893731
v 2.418642 0.017258 -2.857053
v 2.411046 0.061188 -2.875392
v 2.436981 0.061188 -2.901327
v 1.492062 0.100443 -2.327790
v 1.457418 0.017258 -2.303296
v 1.457418 0.100443 -2.303296
v 2.418642 0.061188 -2.893731
v 2.411046 0.017258 -2.875392
v 2.436981 0.017258 -2.901327
v 2.418642 0.017258 -2.893731
v 1.591866 1.075534 -4.301579
v 1.587611 1.026272 -4.256804
v 1.621975 1.034738 -4.413872
v 1.595831 0.960124 -4.258561
v 1.513057 0.100443 -2.298096
v 2.171282 0.100443 -2.763476
v 1.630194 0.968586 -4.415632
v 1.513057 0.061188 -2.298096
v 1.611707 0.915826 -4.305808
v 1.625941 0.919330 -4.370867
v 1.824848 0.100443 -2.518539
v 1.595800 0.061188 -2.268648
v 1.577462 0.061188 -2.261052
v 1.603397 0.061188 -2.286987
v 1.559123 0.061188 -2.268648
v 1.595800 0.061188 -2.305326
v 1.595800 0.017258 -2.268648
v 1.577462 0.017258 -2.261052
v 1.603397 0.017258 -2.286987
v 1.559123 0.017258 -2.268648
v 1.595800 0.017258 -2.305326
v 1.551527 0.061188 -2.286987
v 1.577462 0.061188 -2.312922
v 1.606100 1.079042 -4.366634
v 1.559123 0.061188 -2.305326
v 1.551527 0.017258 -2.286987
v 1.577462 0.017258 -2.312922
v 1.559123 0.017258 -2.305326
v 1.608903 0.997432 -4.336220
v 1.667365 -0.442588 -2.006352
v 1.702009 -0.442588 -2.030845
v 1.995935 -0.442588 -1.615123
v 1.961291 -0.442588 -1.590630
v 2.013800 -0.442588 -2.251289
v 2.307726 -0.442588 -1.835567
v 2.360235 -0.442588 -2.496227
v 2.654161 -0.442588 -2.080505
v 2.627485 -0.442588 -2.685179
v 2.921410 -0.442588 -2.269457
v 2.657180 -0.442588 -2.706173
v 2.951105 -0.442588 -2.290451
v 2.172290 -0.442588 -1.365690
v 2.137647 -0.442588 -1.341196
v 2.830516 -0.442588 -1.831072
v 2.484081 -0.442588 -1.586134
v 2.191885 -0.442588 -1.337975
v 2.157242 -0.442588 -1.313482
v 3.127460 -0.442588 -2.041018
v 3.097765 -0.442588 -2.020024
v 2.503676 -0.442588 -1.558419
v 2.850111 -0.442588 -1.803357
v 3.117360 -0.442588 -1.992309
v 3.147055 -0.442588 -2.013304
v 2.197007 -0.442588 -1.402194
v 2.204603 -0.442588 -1.420533
v 2.197007 -0.442588 -1.438872
v 2.178668 -0.442588 -1.446468
v 2.160329 -0.442588 -1.438872
v 2.152733 -0.442588 -1.420533
v 2.160329 -0.442588 -1.402194
v 2.178668 -0.442588 -1.394597
v 3.027959 -0.442588 -2.051579
v 3.009620 -0.442588 -2.043982
v 3.002024 -0.442588 -2.025643
v 3.009620 -0.442588 -2.007304
v 3.027959 -0.442588 -1.999708
v 3.046298 -0.442588 -2.007304
v 3.053894 -0.442588 -2.025643
v 3.046298 -0.442588 -2.043982
v 2.438534 -0.442588 -2.952429
v 2.468228 -0.442588 -2.973423
v 1.824848 -0.442588 -2.518539
v 2.171284 -0.442588 -2.763477
v 2.447233 -0.442588 -3.003118
v 2.417539 -0.442588 -2.982123
v 1.478413 -0.442588 -2.273602
v 1.513057 -0.442588 -2.298096
v 2.150289 -0.442588 -2.793171
v 1.803854 -0.442588 -2.548233
v 1.492062 -0.442588 -2.327790
v 1.457418 -0.442588 -2.303296
v 2.455320 -0.442588 -2.857053
v 2.436981 -0.442588 -2.849457
v 2.462916 -0.442588 -2.875392
v 2.455320 -0.442588 -2.893731
v 2.436981 -0.442588 -2.901327
v 2.418642 -0.442588 -2.893731
v 2.411046 -0.442588 -2.875392
v 2.418642 -0.442588 -2.857053
v 1.577462 -0.442588 -2.261052
v 1.595800 -0.442588 -2.268648
v 1.603397 -0.442588 -2.286987
v 1.595800 -0.442588 -2.305326
v 1.577462 -0.442588 -2.312922
v 1.559123 -0.442588 -2.305326
v 1.551527 -0.442588 -2.286987
v 1.559123 -0.442588 -2.268648
vt 0.232071 0.813640
vt 0.231167 0.739352
vt 0.237012 0.739682
vt 0.222826 0.816320
vt 0.262994 0.744448
vt 0.225805 0.740586
vt 0.778213 0.604303
vt 0.820235 0.603987
vt 0.820555 0.646583
vt 0.778533 0.646899
vt 0.227363 0.815938
vt 0.008665 0.742410
vt 0.270360 0.717847
vt 0.008960 0.619145
vt 0.008700 0.734058
vt 0.967611 0.821629
vt 0.777207 0.747449
vt 0.925034 0.818102
vt 0.967629 0.818345
vt 0.015085 0.623379
vt 0.014843 0.729888
vt 0.772123 0.789889
vt 0.771574 0.646951
vt 0.852181 0.603747
vt 0.852501 0.646343
vt 0.925215 0.786156
vt 0.967811 0.786398
vt 0.016943 0.626448
vt 0.016713 0.726612
vt 0.875014 0.750979
vt 0.956575 0.602963
vt 0.963534 0.602911
vt 0.847099 0.155887
vt 0.958910 0.132006
vt 0.841583 0.074206
vt 0.919950 0.143189
vt 0.160784 0.623804
vt 0.887677 0.603481
vt 0.887997 0.646076
vt 0.249134 0.812046
vt 0.244299 0.811234
vt 0.252390 0.745517
vt 0.238218 0.812113
vt 0.247405 0.743864
vt 0.253295 0.814472
vt 0.257741 0.745612
vt 0.887272 0.151666
vt 0.925417 0.750659
vt 0.968013 0.750901
vt 0.956895 0.645559
vt 0.915060 0.603275
vt 0.915380 0.645870
vt 0.925573 0.723276
vt 0.968169 0.723518
vt 0.217891 0.815203
vt 0.778725 0.672456
vt 0.929209 0.059394
vt 0.901686 0.062520
vt 0.925592 0.719992
vt 0.870436 0.793438
vt 0.871713 0.068936
vt 0.771766 0.672508
vt 0.038322 0.044019
vt 0.037528 0.043876
vt 0.037938 0.042365
vt 0.038884 0.043194
vt 0.038870 0.041881
vt 0.036985 0.042849
vt 0.806037 0.076267
vt 0.424714 0.718206
vt 0.038302 0.040849
vt 0.037012 0.041540
vt 0.074931 0.004822
vt 0.073701 0.005565
vt 0.073594 0.003514
vt 0.072407 0.005104
vt 0.037579 0.040714
vt 0.075379 0.003313
vt 0.071810 0.003710
vt 0.074781 0.001922
vt 0.072259 0.002201
vt 0.073490 0.001461
vt 0.853004 0.713212
vt 0.778231 0.719069
vt 0.821057 0.713452
vt 0.240107 0.890156
vt 0.810158 0.720222
vt 0.245491 0.890224
vt 0.051331 0.043970
vt 0.050537 0.043819
vt 0.050953 0.042314
vt 0.049997 0.042788
vt 0.235424 0.897152
vt 0.051895 0.043150
vt 0.050029 0.041480
vt 0.826830 0.004670
vt 0.888500 0.712945
vt 0.051886 0.041838
vt 0.050600 0.040660
vt 0.062259 0.002182
vt 0.063495 0.001456
vt 0.063583 0.003509
vt 0.061797 0.003686
vt 0.051323 0.040803
vt 0.064784 0.001932
vt 0.062382 0.005087
vt 0.065368 0.003333
vt 0.063669 0.005562
vt 0.845632 0.721502
vt 0.820747 0.672140
vt 0.064906 0.004836
vt 0.250464 0.892154
vt 0.166923 0.619634
vt 0.915882 0.712739
vt 0.778129 0.721907
vt 0.899476 0.817957
vt 0.225357 0.895194
vt 0.915935 0.719699
vt 0.876038 0.722600
vt 0.957087 0.671116
vt 0.875936 0.725438
vt 0.918925 0.712716
vt 0.230415 0.893919
vt 0.918977 0.719676
vt 0.220171 0.894929
vt 0.215286 0.893210
vt 0.242831 0.895112
vt 0.362850 0.649168
vt 0.158917 0.627079
vt 0.043929 0.039192
vt 0.032044 0.039285
vt 0.042238 0.039205
vt 0.888189 0.671633
vt 0.852693 0.671900
vt 0.033732 0.039270
vt 0.040543 0.039218
vt 0.899658 0.786010
vt 0.899860 0.750514
vt 0.073839 0.007020
vt 0.076244 0.005845
vt 0.071290 0.006137
vt 0.235913 0.906617
vt 0.242839 0.903475
vt 0.077095 0.003303
vt 0.070093 0.003712
vt 0.035418 0.039255
vt 0.038848 0.039231
vt 0.250531 0.895651
vt 0.244355 0.898207
vt 0.037110 0.039241
vt 0.075897 0.000886
vt 0.070949 0.001174
vt 0.906358 0.050704
vt 0.073352 0.000005
vt 0.243606 0.905688
vt 0.240854 0.913081
vt 0.243373 0.905285
vt 0.778747 0.675295
vt 0.251177 0.904755
vt 0.244229 0.902747
vt 0.817560 0.720438
vt 0.247118 0.911873
vt 0.243854 0.905725
vt 0.166657 0.734553
vt 0.915572 0.671428
vt 0.810055 0.723060
vt 0.872895 0.725328
vt 0.900016 0.723131
vt 0.928571 0.056265
vt 0.840748 0.069529
vt 0.058660 0.039182
vt 0.046771 0.039188
vt 0.056969 0.039183
vt 0.845529 0.724340
vt 0.055271 0.039184
vt 0.048461 0.039186
vt 0.063375 -0.000000
vt 0.060958 0.001149
vt 0.060080 0.003679
vt 0.065914 0.000908
vt 0.061252 0.006110
vt 0.053569 0.039185
vt 0.050145 0.039184
vt 0.051875 0.039187
vt 0.067086 0.003343
vt 0.063789 0.007019
vt 0.066206 0.005873
vt 0.175379 0.734410
vt 0.828842 0.011101
vt 0.872998 0.722490
vt 0.900839 0.057002
vt 0.834967 0.040282
vt 0.870736 0.064430
vt 0.242504 0.898761
vt 0.243670 0.894281
vt 0.158670 0.727262
vt 0.160530 0.730326
vt 0.890925 0.029562
vt 0.863472 0.032878
vt 0.904175 0.816671
vt 0.905068 0.815271
vt 0.904711 0.813649
vt 0.903311 0.812755
vt 0.901689 0.813113
vt 0.900796 0.814513
vt 0.901153 0.816134
vt 0.902553 0.817028
vt 0.901609 0.727270
vt 0.901967 0.728892
vt 0.903366 0.729786
vt 0.904988 0.729428
vt 0.905882 0.728028
vt 0.905524 0.726407
vt 0.904125 0.725513
vt 0.902503 0.725870
vt 0.851395 0.046560
vt 0.847393 0.046543
vt 0.842870 0.050489
vt 0.842423 0.056058
vt 0.846232 0.060141
vt 0.852291 0.060449
vt 0.856908 0.056489
vt 0.857130 0.050927
vt 0.853182 0.046616
vt 0.242553 0.741381
vt 0.956369 0.575581
vt 0.963328 0.575528
vt 0.427726 0.002211
vt 0.428955 0.001466
vt 0.429066 0.003517
vt 0.427282 0.003721
vt 0.430249 0.001922
vt 0.427883 0.005112
vt 0.872489 0.820914
vt 0.869449 0.820804
vt 0.429176 0.005568
vt 0.430850 0.003313
vt 0.021606 0.041596
vt 0.022188 0.040799
vt 0.022519 0.042461
vt 0.022911 0.040966
vt 0.430405 0.004823
vt 0.021556 0.042900
vt 0.023462 0.042020
vt 0.023454 0.043329
vt 0.022082 0.043949
vt 0.771135 0.817255
vt 0.995552 0.723674
vt 0.022876 0.044127
vt 0.914855 0.575892
vt 0.917585 0.534355
vt 0.869339 0.823844
vt 0.872380 0.823954
vt 0.914543 0.534378
vt 0.887160 0.534584
vt 0.841973 0.822857
vt 0.778008 0.576920
vt 0.851664 0.534850
vt 0.439410 0.001408
vt 0.440524 0.002277
vt 0.439008 0.003432
vt 0.440748 0.003823
vt 0.438060 0.001726
vt 0.439954 0.005139
vt 0.806499 0.821576
vt 0.437266 0.003045
vt 0.438605 0.005457
vt 0.428812 0.000010
vt 0.426411 0.001191
vt 0.425566 0.003734
vt 0.007209 0.040833
vt 0.007934 0.040981
vt 0.007563 0.042486
vt 0.006637 0.041653
vt 0.437492 0.004590
vt 0.008495 0.042015
vt 0.006606 0.042962
vt 0.008503 0.043324
vt 0.007146 0.043993
vt 0.995396 0.751057
vt 0.995194 0.786554
vt 0.431362 0.000884
vt 0.426770 0.006149
vt 0.020081 0.039281
vt 0.021771 0.039313
vt 0.023507 0.039354
vt 0.851976 0.576365
vt 0.887472 0.576098
vt 0.007939 0.044143
vt 0.819717 0.535090
vt 0.018391 0.039248
vt 0.025206 0.039387
vt 0.429319 0.007024
vt 0.432566 0.003304
vt 0.774573 0.820424
vt 0.816168 0.535117
vt 0.771025 0.820296
vt 0.431719 0.005846
vt 0.026896 0.039421
vt 0.016707 0.039215
vt 0.028586 0.039455
vt 0.244794 0.617873
vt 0.246528 0.623627
vt 0.253355 0.610966
vt 0.963305 0.572486
vt 0.956346 0.572538
vt 0.251581 0.626401
vt 0.774683 0.817383
vt 0.842083 0.819816
vt 0.258574 0.613832
vt 0.995013 0.818500
vt 0.257342 0.624764
vt 0.260232 0.619551
vt 0.820029 0.576605
vt 0.806609 0.818536
vt 0.441966 0.001578
vt 0.439763 0.000010
vt 0.442434 0.004231
vt 0.437117 0.000452
vt 0.440896 0.006415
vt 0.006756 0.039340
vt 0.008495 0.039375
vt 0.005063 0.039294
vt 0.010188 0.039414
vt 0.003377 0.039255
vt 0.435579 0.002643
vt 0.438254 0.006856
vt 0.247640 0.612636
vt 0.436052 0.005295
vt 0.011878 0.039453
vt 0.001689 0.039216
vt 0.013569 0.039493
vt 0.252512 0.618706
vt 0.989100 0.725692
vt 0.988206 0.727092
vt 0.988564 0.728714
vt 0.989963 0.729608
vt 0.991585 0.729250
vt 0.992479 0.727850
vt 0.992121 0.726229
vt 0.990722 0.725335
vt 0.992944 0.813373
vt 0.991544 0.812479
vt 0.989922 0.812836
vt 0.989029 0.814236
vt 0.989386 0.815858
vt 0.990786 0.816752
vt 0.992408 0.816394
vt 0.993301 0.814994
vt 0.817005 0.646609
vt 0.816685 0.604014
vt 0.918103 0.603252
vt 0.918423 0.645848
vt 0.817197 0.672167
vt 0.820768 0.674980
vt 0.817219 0.675006
vt 0.918615 0.671405
vt 0.852715 0.674740
vt 0.888211 0.674473
vt 0.915593 0.674267
vt 0.918636 0.674245
vt 0.824189 0.670814
vt 0.035113 0.000080
vt 0.033423 0.000095
vt 0.031731 0.000109
vt 0.043572 0.000010
vt 0.041880 0.000024
vt 0.040189 0.000038
vt 0.038497 0.000051
vt 0.912286 0.665925
vt 0.058588 0.000011
vt 0.056898 0.000012
vt 0.055206 0.000014
vt 0.053515 0.000015
vt 0.051824 0.000017
vt 0.050133 0.000019
vt 0.048442 0.000021
vt 0.917897 0.575870
vt 0.917874 0.572827
vt 0.914832 0.572850
vt 0.816480 0.576631
vt 0.887449 0.573056
vt 0.851953 0.573322
vt 0.820006 0.573562
vt 0.816457 0.573589
vt 0.909827 0.582890
vt 0.022571 0.000142
vt 0.020881 0.000109
vt 0.019188 0.000076
vt 0.017498 0.000043
vt 0.029337 0.000277
vt 0.027647 0.000243
vt 0.025954 0.000209
vt 0.822682 0.582226
vt 0.007684 0.000166
vt 0.005992 0.000127
vt 0.004302 0.000088
vt 0.002611 0.000049
vt 0.014448 0.000323
vt 0.012757 0.000284
vt 0.011066 0.000244
vt 0.009375 0.000205
vt 0.821786 0.580828
vt 0.822140 0.579206
vt 0.823538 0.578309
vt 0.825161 0.578664
vt 0.008577 0.045641
vt 0.826057 0.580062
vt 0.825702 0.581684
vt 0.824304 0.582581
vt 0.024264 0.000175
vt 0.908931 0.581492
vt 0.909285 0.579870
vt 0.910684 0.578973
vt 0.912306 0.579328
vt 0.023478 0.045646
vt 0.913202 0.580726
vt 0.912848 0.582348
vt 0.911450 0.583245
vt 0.777985 0.573878
vt 0.046751 0.000023
vt 0.913182 0.667323
vt 0.912828 0.668945
vt 0.911430 0.669842
vt 0.909807 0.669487
vt 0.908911 0.668089
vt 0.909266 0.666467
vt 0.910664 0.665570
vt 0.049844 0.045426
vt 0.036806 0.000065
vt 0.822566 0.670460
vt 0.821670 0.669062
vt 0.822024 0.667439
vt 0.823422 0.666543
vt 0.825045 0.666897
vt 0.038969 0.045518
vt 0.825941 0.668295
vt 0.825587 0.669918
vt 0.957108 0.673956
vt 0.817508 0.713478
vt 0.262627 0.624355
vt 0.267356 0.621061
vt 0.257334 0.626652
vt 0.231345 0.616926
vt 0.237084 0.617166
vt 0.242162 0.619870
vt 0.819665 0.528131
vt 0.998297 0.818519
vt 0.994994 0.821785
vt 0.998478 0.786572
vt 0.851611 0.527891
vt 0.998680 0.751076
vt 0.887108 0.527624
vt 0.995571 0.720390
vt 0.998836 0.723693
vt 0.771048 0.576973
vt 0.775670 0.790017
vt 0.917533 0.527396
vt 0.914490 0.527419
vt 0.771025 0.573930
vt 0.816115 0.528158
vt 0.847328 0.159206
vt 0.813411 0.160329
vt 0.959789 0.135215
vt 0.771254 0.604355
vt 0.968188 0.720234
vt 0.873477 0.793548
vt 0.166639 0.742915
vt 0.424963 0.611324
vt 0.166947 0.611281
vt 0.175621 0.619544
vt 0.807220 0.045615
vt 0.812384 0.076169
vt 0.896731 0.723112
vt 0.900034 0.719846
vt 0.000000 0.734156
vt 0.270609 0.610964
vt 0.896576 0.750495
vt 0.888552 0.719904
vt 0.896374 0.785991
vt 0.813146 0.080148
vt 0.853056 0.720171
vt 0.964046 0.671063
vt 0.963854 0.645506
vt 0.871973 0.750869
vt 0.899457 0.821241
vt 0.896192 0.817938
vt 0.771787 0.675348
vt 0.774684 0.718941
vt 0.821109 0.720411
vt 0.774581 0.721779
vt 0.920768 0.146325
vt 0.887814 0.154897
vt 0.964067 0.673903
vt 0.925015 0.821386
vt 0.000240 0.619296
vt 0.008984 0.610783
vt 0.773660 0.747321
vt 0.813314 0.157004
vt 0.220812 0.742578
vt 0.226034 0.619126
vt 0.255164 0.894835
vt 0.258143 0.816307
vt 0.856926 0.000004
vt 0.900169 0.050753
vt 0.362760 0.680080
vt 0.332473 0.680002
vt 0.929338 0.052000
vt 0.332563 0.649091
vt 0.801065 0.046810
vt 0.895746 0.028412
vt 0.857018 0.006234
vt 0.000920 0.000009
vt 0.015806 0.000010
vt 0.045060 0.000026
vt 0.030040 0.000124
vt 0.015020 0.039182
vt 0.021355 0.045545
vt 0.025024 0.043888
vt 0.019937 0.043649
vt 0.025043 0.041289
vt 0.020075 0.041066
vt 0.053453 0.041078
vt 0.048481 0.040983
vt 0.053480 0.043676
vt 0.048390 0.043569
vt 0.051968 0.045472
vt 0.045075 0.039191
vt 0.000000 0.039177
vt 0.006454 0.045603
vt 0.010084 0.043842
vt 0.004994 0.043746
vt 0.010055 0.041253
vt 0.005085 0.041146
vt 0.035458 0.041051
vt 0.040432 0.041112
vt 0.035380 0.043638
vt 0.040474 0.043710
vt 0.036843 0.045487
vt 0.030358 0.039299
vt 0.235173 0.891759
vn 0.125283 0.986115 0.109003
vn 0.118150 0.987558 0.103780
vn -0.209680 0.968015 -0.137773
vn -0.209680 0.968015 -0.137773
vn 0.764422 0.040518 -0.643442
vn 0.719401 0.052046 -0.692642
vn 0.969780 0.242211 0.029321
vn 0.975237 0.200151 -0.094091
vn 0.000001 -1.000000 -0.000001
vn 0.000000 -1.000000 0.000000
vn 0.000000 -1.000000 0.000000
vn 0.000001 -1.000000 -0.000000
vn 0.583115 0.689246 -0.430019
vn 0.591830 0.696898 -0.405057
vn 0.589051 0.731180 -0.344085
vn 0.592977 0.738376 -0.321215
vn 0.570501 0.000000 -0.821297
vn 0.570501 0.000000 -0.821297
vn -0.577293 0.000000 -0.816537
vn -0.577293 0.000000 -0.816537
vn 0.816528 0.000000 -0.577305
vn 0.816528 0.000000 -0.577306
vn 0.816528 0.000000 -0.577306
vn 0.816528 0.000000 -0.577305
vn -0.816526 0.000006 0.577308
vn -0.816526 -0.000006 0.577308
vn -0.816527 -0.000008 0.577308
vn -0.816527 0.000008 0.577307
vn -0.000000 1.000000 -0.000000
vn -0.000000 1.000000 -0.000000
vn -0.000000 1.000000 -0.000000
vn -0.000000 1.000000 -0.000000
vn -0.000000 -1.000000 0.000000
vn -0.000000 -1.000000 0.000000
vn -0.000000 1.000000 -0.000000
vn -0.000000 1.000000 0.000000
vn -0.000000 1.000000 0.000000
vn 0.000000 1.000000 -0.000000
vn -0.816528 0.000000 0.577306
vn -0.816528 0.000000 0.577306
vn -0.816528 0.000000 0.577306
vn -0.816528 0.000000 0.577306
vn 0.577306 0.000000 0.816528
vn 0.577306 0.000000 0.816528
vn 0.577306 0.000000 0.816528
vn 0.577306 0.000000 0.816528
vn 0.816529 0.000003 -0.577305
vn 0.816529 0.000022 -0.577305
vn 0.816529 0.000023 -0.577304
vn 0.816529 0.000003 -0.577305
vn -0.575794 0.072306 -0.814391
vn -0.575791 0.072392 -0.814386
vn -0.575785 0.072525 -0.814378
vn -0.575800 0.072173 -0.814399
vn -0.816469 0.012093 0.577262
vn -0.816469 0.012103 0.577262
vn -0.816528 0.000000 0.577306
vn -0.816528 0.000000 0.577306
vn -0.816521 -0.000008 0.577316
vn -0.816518 -0.000006 0.577320
vn -0.000000 -1.000000 0.000000
vn 0.000000 -1.000000 0.000000
vn -0.588813 -0.685891 0.427613
vn -0.595682 -0.732201 0.330219
vn -0.590913 -0.724817 0.354206
vn -0.599400 -0.693973 0.398899
vn -0.742586 -0.031407 0.669014
vn -0.973414 -0.195906 0.118689
vn -0.968655 -0.246479 -0.030908
vn -0.706591 -0.048079 0.705987
vn -0.119569 -0.987313 -0.104482
vn 0.210885 -0.966968 0.143177
vn 0.210885 -0.966968 0.143177
vn -0.105803 -0.989913 -0.094218
vn -0.731046 0.582979 0.354552
vn -0.731046 0.582979 0.354552
vn -0.408294 0.670694 0.619247
vn -0.488398 0.661587 0.569008
vn 0.814402 0.072128 -0.575801
vn 0.814406 0.072068 -0.575803
vn 0.816529 0.000000 -0.577305
vn 0.816529 0.000000 -0.577305
vn -0.000000 -1.000000 0.000000
vn -0.000000 -1.000000 -0.000000
vn 0.000000 1.000000 0.000000
vn 0.000000 1.000000 0.000000
vn 0.000000 1.000000 0.000000
vn -0.000000 1.000000 -0.000000
vn 0.439940 -0.671751 -0.595990
vn 0.757058 -0.577803 -0.304971
vn 0.757058 -0.577803 -0.304971
vn 0.528074 -0.660544 -0.533685
vn -0.816528 0.000000 0.577306
vn -0.816528 0.000000 0.577305
vn -0.000001 -1.000000 0.000000
vn -0.000001 -1.000000 -0.000000
vn -0.816468 0.012198 0.577262
vn -0.816468 0.012190 0.577262
vn -0.816529 0.000000 0.577304
vn -0.816528 0.000000 0.577305
vn -0.816528 0.000000 0.577305
vn -0.816529 0.000000 0.577304
vn 0.000000 1.000000 0.000000
vn 0.000000 1.000000 0.000000
vn 0.000000 1.000000 0.000000
vn 0.000000 1.000000 0.000000
vn 0.814369 0.072690 -0.575777
vn 0.814372 0.072644 -0.575779
vn 0.000000 -1.000000 0.000000
vn 0.000000 -1.000000 0.000000
vn 0.000000 -1.000000 0.000000
vn 0.000000 -1.000000 0.000000
vn 0.000000 -1.000000 0.000000
vn 0.000000 -1.000000 0.000000
vn 0.548176 -0.741141 -0.387572
vn 0.548176 -0.741142 -0.387572
vn 0.811206 -0.114002 -0.573540
vn 0.811206 -0.114002 -0.573540
vn 0.000000 -1.000000 0.000000
vn 0.000000 -1.000000 0.000000
vn 0.000000 1.000000 0.000000
vn 0.000000 1.000000 -0.000000
vn 0.000000 1.000000 -0.000000
vn 0.000000 1.000000 -0.000000
vn 0.000000 -1.000000 0.000000
vn 0.000000 1.000000 0.000000
vn 0.000000 1.000000 0.000000
vn 0.000000 1.000000 0.000000
vn 0.000000 1.000000 0.000000
vn 0.000000 1.000000 0.000000
vn 0.574612 0.096482 0.812719
vn 0.574622 0.096306 0.812733
vn 0.574629 0.096192 0.812742
vn 0.574638 0.096015 0.812756
vn 0.577306 0.000002 0.816528
vn 0.577305 0.000000 0.816528
vn 0.577305 0.000001 0.816528
vn 0.577305 0.000005 0.816528
vn -0.760086 -0.378470 -0.528233
vn -0.752620 -0.384248 -0.534711
vn -0.594310 -0.792677 0.135864
vn -0.592933 -0.793929 0.134563
vn 0.000000 -1.000000 0.000000
vn 0.000000 -1.000000 0.000000
vn 0.000000 -1.000000 0.000000
vn 0.000000 -1.000000 0.000000
vn 0.577306 0.000000 0.816528
vn 0.577306 0.000000 0.816528
vn -0.451296 0.247563 -0.857347
vn -0.451296 0.247563 -0.857348
vn -0.457100 0.248236 -0.854071
vn -0.460843 0.248666 -0.851932
vn 0.000000 -1.000000 0.000000
vn 0.000000 -1.000000 0.000000
vn 0.764045 0.000000 -0.645164
vn 0.764045 0.000000 -0.645164
vn 0.577306 0.000001 0.816528
vn 0.577306 0.000007 0.816528
vn 0.000000 -1.000000 0.000000
vn 0.000000 -1.000000 0.000000
vn 0.000000 1.000000 -0.000000
vn 0.000000 1.000000 -0.000000
vn 0.000000 1.000000 0.000000
vn 0.000000 1.000000 0.000000
vn 0.000000 -1.000000 0.000000
vn 0.000000 1.000000 0.000000
vn 0.000000 1.000000 0.000000
vn 0.000000 1.000000 0.000000
vn 0.000000 1.000000 0.000000
vn 0.000000 -1.000000 -0.000000
vn 0.000001 -1.000000 -0.000000
vn 0.000000 1.000000 0.000000
vn -0.092931 -0.708687 0.699376
vn -0.092931 -0.708687 0.699376
vn -0.067824 -0.727610 0.682630
vn -0.074761 -0.722481 0.687337
vn 0.577306 0.000001 0.816528
vn 0.577306 0.000008 0.816528
vn 0.816528 0.000000 -0.577305
vn 0.816528 0.000000 -0.577305
vn 0.065127 0.728669 -0.681762
vn 0.097943 0.703698 -0.703716
vn 0.097943 0.703698 -0.703716
vn 0.073363 0.722562 -0.687403
vn 0.474632 -0.257072 0.841807
vn 0.471231 -0.257274 0.843654
vn 0.471231 -0.257274 0.843653
vn 0.476869 -0.256938 0.840583
vn 0.000000 1.000000 0.000000
vn 0.000000 1.000000 0.000000
vn 0.816529 0.000003 -0.577304
vn 0.816529 0.000021 -0.577304
vn 0.816527 0.000024 -0.577307
vn 0.816527 0.000004 -0.577308
vn 0.577306 0.000001 0.816528
vn 0.577303 0.000008 0.816530
vn 0.581507 0.804687 -0.119701
vn 0.579665 0.806263 -0.118021
vn 0.760745 0.378528 0.527242
vn 0.753336 0.384247 0.533703
vn 0.000000 -1.000000 -0.000000
vn 0.000000 -1.000000 -0.000000
vn -0.583229 -0.488655 -0.648892
vn -0.583229 -0.488655 -0.648891
vn 0.811206 0.114002 -0.573540
vn 0.811206 0.114002 -0.573540
vn 0.548176 0.741142 -0.387572
vn 0.548176 0.741141 -0.387572
vn 0.000000 1.000000 -0.000000
vn 0.000000 1.000000 -0.000000
vn 0.000000 1.000000 -0.000000
vn 0.000000 1.000000 -0.000000
vn 0.382678 0.000000 0.923882
vn 0.382678 0.000000 0.923882
vn 0.382678 0.000000 0.923882
vn 0.382678 0.000000 0.923882
vn 0.923880 0.000000 0.382681
vn 0.923880 0.000000 0.382681
vn 0.923881 0.000000 0.382680
vn 0.923881 0.000000 0.382680
vn 0.000000 -1.000000 0.000000
vn -0.000000 -1.000000 0.000000
vn -0.382678 0.000000 0.923882
vn -0.382678 0.000000 0.923882
vn -0.382678 0.000000 0.923882
vn -0.382678 0.000000 0.923882
vn 0.923880 0.000000 -0.382681
vn 0.923880 0.000000 -0.382681
vn 0.923880 0.000000 -0.382683
vn 0.923880 0.000000 -0.382683
vn -0.000000 1.000000 -0.000000
vn -0.000000 1.000000 -0.000000
vn -0.382684 0.000000 -0.923879
vn -0.382684 0.000000 -0.923879
vn -0.382684 0.000000 -0.923879
vn -0.382684 0.000000 -0.923879
vn -0.923881 0.000000 -0.382681
vn -0.923881 0.000000 -0.382681
vn -0.923881 0.000000 -0.382681
vn -0.923881 0.000000 -0.382681
vn -0.144209 0.848421 -0.509299
vn -0.144209 0.848421 -0.509299
vn 0.382684 0.000000 -0.923879
vn 0.382684 0.000000 -0.923879
vn 0.382684 0.000000 -0.923879
vn 0.382684 0.000000 -0.923879
vn -0.923880 0.000000 0.382683
vn -0.923880 0.000000 0.382683
vn -0.923880 0.000000 0.382683
vn -0.923880 0.000000 0.382683
vn -0.923880 0.000000 0.382681
vn -0.923880 0.000000 0.382681
vn -0.923880 0.000000 0.382682
vn -0.923880 0.000000 0.382682
vn 0.382685 0.000000 -0.923879
vn 0.382685 0.000000 -0.923879
vn 0.382685 0.000000 -0.923879
vn 0.382685 0.000000 -0.923879
vn 0.144206 -0.848422 0.509298
vn 0.144206 -0.848422 0.509298
vn -0.923880 0.000000 -0.382681
vn -0.923880 0.000000 -0.382681
vn -0.923881 0.000000 -0.382680
vn -0.923881 0.000000 -0.382680
vn -0.382685 0.000000 -0.923879
vn -0.382685 0.000000 -0.923879
vn -0.382685 0.000000 -0.923879
vn -0.382685 0.000000 -0.923879
vn 0.923881 0.000000 -0.382681
vn 0.923881 0.000000 -0.382681
vn 0.923881 0.000000 -0.382681
vn 0.923881 0.000000 -0.382681
vn -0.382684 0.000000 0.923879
vn -0.382684 0.000000 0.923879
vn -0.382684 0.000000 0.923879
vn -0.382684 0.000000 0.923879
vn 0.923880 0.000000 0.382683
vn 0.923880 0.000000 0.382683
vn 0.923880 0.000000 0.382683
vn 0.923880 0.000000 0.382683
vn 0.382684 0.000000 0.923879
vn 0.382684 0.000000 0.923879
vn 0.382684 0.000000 0.923879
vn 0.382684 0.000000 0.923879
vn 0.310437 0.945455 0.098707
vn 0.310437 0.945455 0.098707
vn 0.310437 0.945455 0.098707
vn -0.000000 -1.000000 -0.000000
vn 0.000000 -1.000000 -0.000002
vn 0.514374 -0.254390 0.818966
vn 0.514374 -0.254390 0.818966
vn -0.816526 0.000000 0.577308
vn -0.816526 0.000000 0.577309
vn 0.583229 0.488660 0.648888
vn 0.583229 0.488660 0.648888
vn -0.816518 0.000006 0.577320
vn -0.816521 0.000008 0.577316
vn -0.000000 -1.000000 -0.000001
vn -0.000000 -1.000000 -0.000000
vn 0.000000 1.000000 0.000000
vn 0.000000 1.000000 0.000000
vn 0.577306 0.000000 0.816528
vn 0.577306 0.000000 0.816528
vn -0.000000 -1.000000 0.000000
vn -0.577306 0.000000 -0.816528
vn -0.577306 0.000000 -0.816528
vn -0.577306 0.000000 -0.816528
vn -0.577306 0.000000 -0.816528
vn -0.816529 0.000000 0.577304
vn -0.816529 0.000000 0.577304
vn 0.000000 1.000000 0.000000
vn 0.000000 1.000000 0.000000
vn 0.000000 1.000000 0.000000
vn 0.000000 1.000000 0.000000
vn -0.557248 0.000000 -0.830346
vn -0.577305 0.000000 -0.816528
vn 0.382685 0.000000 0.923879
vn 0.382685 0.000000 0.923879
vn 0.382685 0.000000 0.923879
vn 0.382685 0.000000 0.923879
vn 0.923880 0.000000 0.382681
vn 0.923880 0.000000 0.382681
vn 0.923880 0.000000 0.382682
vn 0.923880 0.000000 0.382682
vn 0.000000 -1.000000 0.000000
vn -0.577306 0.000000 -0.816528
vn -0.577306 0.000000 -0.816528
vn 0.923880 0.000000 -0.382681
vn 0.923880 0.000000 -0.382681
vn 0.923880 0.000000 -0.382682
vn 0.923880 0.000000 -0.382682
vn -0.382685 0.000000 0.923879
vn -0.382685 0.000000 0.923879
vn -0.382678 0.000000 0.923882
vn -0.382678 0.000000 0.923882
vn -0.923880 0.000000 -0.382683
vn -0.923880 0.000000 -0.382683
vn -0.923880 0.000000 -0.382683
vn -0.923880 0.000000 -0.382683
vn -0.382684 0.000000 -0.923879
vn -0.382684 0.000000 -0.923879
vn -0.382684 0.000000 -0.923879
vn -0.382684 0.000000 -0.923879
vn -0.923881 0.000000 0.382681
vn -0.923881 0.000000 0.382681
vn -0.923881 0.000000 0.382681
vn -0.923881 0.000000 0.382681
vn 0.382684 0.000000 -0.923879
vn 0.382684 0.000000 -0.923879
vn 0.382684 0.000000 -0.923879
vn 0.382684 0.000000 -0.923879
vn 0.382678 0.000000 -0.923882
vn 0.382678 0.000000 -0.923882
vn 0.382684 0.000000 -0.923879
vn 0.382684 0.000000 -0.923879
vn -0.923879 0.000000 0.382684
vn -0.923879 0.000000 0.382684
vn -0.923881 0.000000 0.382680
vn -0.923881 0.000000 0.382680
vn 0.000000 1.000000 0.000000
vn 0.000000 1.000000 0.000000
vn -0.382685 0.000000 -0.923879
vn -0.382685 0.000000 -0.923879
vn -0.382685 0.000000 -0.923879
vn -0.382685 0.000000 -0.923879
vn -0.923880 0.000000 -0.382681
vn -0.923880 0.000000 -0.382681
vn -0.923880 0.000000 -0.382683
vn -0.923880 0.000000 -0.382683
vn -0.382684 0.000000 0.923879
vn -0.382684 0.000000 0.923879
vn -0.382684 0.000000 0.923879
vn -0.382684 0.000000 0.923879
vn 0.923880 0.000000 -0.382683
vn 0.923880 0.000000 -0.382683
vn 0.923880 0.000000 -0.382683
vn 0.923880 0.000000 -0.382683
vn 0.382684 0.000000 0.923879
vn 0.382684 0.000000 0.923879
vn 0.382684 0.000000 0.923879
vn 0.382684 0.000000 0.923879
vn 0.923881 0.000000 0.382681
vn 0.923881 0.000000 0.382681
vn 0.923881 0.000000 0.382681
vn 0.923881 0.000000 0.382681
vn 0.000000 -1.000000 0.000000
vn -0.577307 0.000000 -0.816528
vn -0.577307 0.000000 -0.816528
vn -0.554769 0.000000 -0.832004
vn 0.000000 -1.000000 0.000001
vn 0.000000 1.000000 0.000000
vn -0.816530 0.000000 0.577304
vn -0.816530 0.000000 0.577304
vn -0.577305 0.000000 -0.816528
vn 0.000000 1.000000 0.000000
vn 0.000000 -1.000000 0.000000
vn 0.000000 -1.000000 0.000000
vn 0.816530 0.000000 -0.577304
vn 0.816529 0.000001 -0.577304
vn -0.310433 -0.945457 -0.098703
vn -0.310433 -0.945457 -0.098703
vn -0.514377 0.254392 -0.818964
vn -0.514377 0.254392 -0.818964
vn -0.816528 0.000000 0.577305
vn -0.816528 0.000000 0.577305
vn -0.816528 0.000000 0.577305
vn -0.816528 0.000000 0.577305
vn 0.577305 0.000000 0.816528
vn 0.597020 0.000000 0.802227
vn 0.000000 1.000000 0.000000
vn 0.000000 1.000000 0.000000
vn 0.000000 1.000000 0.000000
vn 0.000000 1.000000 0.000000
vn 0.599409 0.000000 0.800443
vn 0.863003 0.000000 -0.505198
vn 0.863003 0.000000 -0.505198
vn 0.577305 0.000000 0.816528
vn 0.000000 -1.000000 0.000000
vn 0.000000 -1.000000 0.000000
vn 0.000000 -1.000000 0.000000
vn 0.000000 -1.000000 0.000000
vn 0.000000 1.000000 0.000000
vn 0.000000 1.000000 0.000000
vn 0.964520 0.000000 -0.264011
vn 0.964520 0.000000 -0.264011
vn -0.577285 0.000000 -0.816543
vn -0.577285 0.000000 -0.816543
vn -0.577285 0.000000 -0.816543
vn -0.577285 0.000000 -0.816543
vn 0.577312 0.000000 0.816524
vn 0.577312 0.000000 0.816524
vn 0.000000 1.000000 -0.000000
vn 0.000000 1.000000 -0.000000
vn 0.000000 1.000000 -0.000000
vn 0.000000 1.000000 -0.000000
vn 0.000000 1.000000 -0.000000
vn -0.000000 -1.000000 0.000000
vn -0.000000 -1.000000 0.000000
vn -0.000000 -1.000000 0.000000
vn -0.000000 -1.000000 0.000000
vn -0.000001 -1.000000 0.000000
vn -0.000001 -1.000000 0.000000
vn -0.000001 -1.000000 0.000000
vn -0.000001 -1.000000 0.000000
vn 0.000000 1.000000 0.000000
vn 0.000000 1.000000 0.000000
vn 0.000000 1.000000 0.000000
vn 0.000000 1.000000 0.000000
vn -0.000000 -1.000000 0.000000
vn 0.000000 -1.000000 0.000000
vn 0.000000 -1.000000 0.000000
vn 0.000000 -1.000000 0.000000
vn -0.000000 -1.000000 0.000000
vn 0.000000 1.000000 0.000000
vn 0.000000 1.000000 0.000000
vn 0.000000 1.000000 0.000000
vn 0.000000 1.000000 0.000000
vn 0.000000 1.000000 0.000000
vn 0.000000 1.000000 0.000000
vn 0.000000 1.000000 0.000000
vn 0.000000 1.000000 0.000000
vn 0.000000 1.000000 0.000000
vn -0.000001 -1.000000 0.000000
vn -0.000001 -1.000000 0.000000
vn -0.000001 -1.000000 0.000000
vn 0.816529 0.000000 -0.577304
vn 0.816529 0.000001 -0.577304
vn 0.816530 -0.000001 -0.577303
vn 0.816530 -0.000001 -0.577303
vn 0.816530 -0.000001 -0.577303
vn 0.816530 -0.000001 -0.577303
vn 0.816529 0.000001 -0.577304
vn 0.816529 0.000001 -0.577304
vn 0.816529 0.000001 -0.577304
vn 0.816529 0.000001 -0.577304
vn 0.816529 0.000001 -0.577304
vn 0.816529 0.000003 -0.577305
vn 0.816529 0.000020 -0.577305
vn -0.577306 0.000000 -0.816528
vn -0.577306 0.000000 -0.816528
vn 0.000000 1.000000 0.000000
vn 0.000000 1.000000 0.000000
vn 0.000000 1.000000 -0.000000
vn 0.000000 1.000000 0.000000
vn 0.000000 1.000000 0.000000
vn 0.000000 1.000000 0.000000
vn 0.000000 1.000000 0.000000
vn 0.000000 1.000000 0.000000
vn 0.000000 1.000000 -0.000000
vn 0.000000 1.000000 0.000000
vn 0.000000 -1.000000 0.000000
vn 0.000000 -1.000000 0.000000
vn 0.000000 -1.000000 0.000000
vn 0.000000 -1.000000 0.000000
vn 0.000000 1.000000 -0.000000
vn 0.000000 -1.000000 0.000000
vn 0.000000 -1.000000 0.000000
vn 0.000000 -1.000000 0.000000
vn 0.000000 -1.000000 0.000000
vn -0.816528 0.000000 0.577306
vn -0.816528 0.000000 0.577306
vn -0.816528 0.000000 0.577305
vn -0.816528 0.000000 0.577305
vn 0.000000 -1.000000 0.000000
vn -0.000000 -1.000000 0.000000
vn -0.000001 -1.000000 0.000000
vn -0.577305 -0.000007 -0.816528
vn -0.577307 -0.000008 -0.816527
vn -0.577301 -0.000001 -0.816531
vn -0.577305 -0.000001 -0.816529
vn -0.577305 -0.000001 -0.816529
vn -0.577305 -0.000006 -0.816529
vn -0.577304 -0.000001 -0.816529
vn -0.577305 -0.000005 -0.816529
vn 0.000000 1.000000 0.000000
vn 0.000000 1.000000 -0.000000
vn 0.000000 1.000000 0.000000
vn 0.000000 1.000000 -0.000000
vn 0.000000 1.000000 0.000000
vn 0.000000 1.000000 0.000000
vn 0.000000 1.000000 0.000000
vn 0.000000 1.000000 0.000000
vn 0.923878 0.000000 0.382688
vn 0.923878 0.000000 0.382688
vn 0.923878 0.000000 0.382688
vn 0.923878 0.000000 0.382688
vn 0.382689 0.000000 0.923877
vn 0.382689 0.000000 0.923877
vn 0.382689 0.000000 0.923877
vn 0.382689 0.000000 0.923877
vn 0.000000 -1.000000 0.000000
vn 0.000000 -1.000000 0.000000
vn 0.000000 -1.000000 0.000000
vn 0.000000 -1.000000 0.000000
vn 0.000000 1.000000 0.000000
vn 0.000000 -1.000000 0.000000
vn 0.000000 -1.000000 0.000000
vn 0.000000 -1.000000 0.000000
vn 0.000000 -1.000000 0.000000
vn 0.000000 1.000000 0.000000
vn -0.000000 1.000000 0.000000
vn 0.923882 0.000000 -0.382679
vn 0.923882 0.000000 -0.382679
vn 0.923882 0.000000 -0.382679
vn 0.923882 0.000000 -0.382679
vn -0.382689 0.000000 0.923877
vn -0.382689 0.000000 0.923877
vn -0.382689 0.000000 0.923877
vn -0.382689 0.000000 0.923877
vn -0.923879 0.000000 -0.382684
vn -0.923879 0.000000 -0.382684
vn -0.923878 0.000000 -0.382688
vn -0.923878 0.000000 -0.382688
vn -0.382678 0.000000 -0.923882
vn -0.382678 0.000000 -0.923882
vn -0.382678 0.000000 -0.923882
vn -0.382678 0.000000 -0.923882
vn 0.000000 -1.000000 0.000000
vn 0.000000 -1.000000 0.000000
vn 0.000000 -1.000000 0.000000
vn -0.577304 -0.000001 -0.816529
vn -0.577305 -0.000004 -0.816529
vn -0.923882 0.000000 0.382678
vn -0.923882 0.000000 0.382678
vn -0.923882 0.000000 0.382677
vn -0.923882 0.000000 0.382677
vn 0.382678 0.000000 -0.923882
vn 0.382678 0.000000 -0.923882
vn 0.382678 0.000000 -0.923882
vn 0.382678 0.000000 -0.923882
vn -0.923878 0.000000 0.382688
vn -0.923878 0.000000 0.382688
vn -0.923878 0.000000 0.382688
vn -0.923878 0.000000 0.382688
vn 0.382689 0.000000 -0.923877
vn 0.382689 0.000000 -0.923877
vn 0.382689 0.000000 -0.923877
vn 0.382689 0.000000 -0.923877
vn -0.816530 0.000000 0.577303
vn -0.816529 0.000002 0.577305
vn -0.923882 0.000000 -0.382679
vn -0.923882 0.000000 -0.382679
vn -0.923882 0.000000 -0.382679
vn -0.923882 0.000000 -0.382679
vn -0.382689 0.000000 -0.923877
vn -0.382689 0.000000 -0.923877
vn -0.382689 0.000000 -0.923877
vn -0.382689 0.000000 -0.923877
vn 0.923879 0.000000 -0.382684
vn 0.923879 0.000000 -0.382684
vn 0.923880 0.000000 -0.382683
vn 0.923880 0.000000 -0.382683
vn -0.382678 0.000000 0.923882
vn -0.382678 0.000000 0.923882
vn -0.382678 0.000000 0.923882
vn -0.382678 0.000000 0.923882
vn -0.577301 -0.000000 -0.816531
vn -0.577305 -0.000001 -0.816529
vn 0.923882 0.000000 0.382678
vn 0.923882 0.000000 0.382678
vn 0.923880 0.000000 0.382682
vn 0.923880 0.000000 0.382682
vn 0.382678 0.000000 0.923882
vn 0.382678 0.000000 0.923882
vn 0.382678 0.000000 0.923882
vn 0.382678 0.000000 0.923882
vn 0.289083 0.929618 0.228565
vn 0.289083 0.929618 0.228565
vn -0.218043 0.669215 0.710358
vn -0.218043 0.669215 0.710358
vn 0.000000 1.000000 0.000000
vn 0.000000 1.000000 0.000000
vn 0.612626 0.714514 -0.337875
vn 0.612626 0.714514 -0.337875
vn 0.816531 0.000021 -0.577302
vn 0.816529 0.000003 -0.577305
vn -0.647232 -0.073420 0.758749
vn -0.647232 -0.073420 0.758749
vn 0.000000 1.000000 0.000000
vn 0.000000 1.000000 0.000000
vn 0.577305 0.000000 0.816529
vn 0.577305 0.000000 0.816529
vn 0.577305 0.000000 0.816529
vn 0.577305 0.000000 0.816529
vn 0.636122 0.070922 -0.768322
vn 0.636122 0.070922 -0.768322
vn 0.816528 0.000000 -0.577305
vn 0.816528 0.000000 -0.577305
vn 0.000000 1.000000 0.000000
vn 0.000000 1.000000 0.000000
vn -0.000000 -1.000000 0.000000
vn 0.000001 -1.000000 0.000000
vn -0.623331 -0.711194 0.325058
vn -0.623331 -0.711194 0.325058
vn -0.280136 -0.933496 -0.223853
vn -0.280136 -0.933496 -0.223853
vn 0.236448 -0.669221 -0.704440
vn 0.236448 -0.669221 -0.704440
vn 0.000001 -1.000000 -0.000001
vn 0.000000 -1.000000 -0.000000
vn 0.000001 -1.000000 0.000001
vn 0.577305 0.000000 0.816528
vn 0.577305 0.000000 0.816528
vn 0.000000 1.000000 0.000000
vn 0.000000 1.000000 0.000000
vn 0.382691 0.000000 0.923876
vn 0.382691 0.000000 0.923876
vn 0.382691 0.000000 0.923876
vn 0.382691 0.000000 0.923876
vn 0.923880 0.000000 0.382683
vn 0.923880 0.000000 0.382683
vn 0.923880 0.000000 0.382683
vn 0.923880 0.000000 0.382683
vn 0.000001 -1.000000 0.000001
vn -0.382682 0.000000 0.923880
vn -0.382682 0.000000 0.923880
vn -0.382682 0.000000 0.923880
vn -0.382682 0.000000 0.923880
vn 0.923880 0.000000 -0.382683
vn 0.923880 0.000000 -0.382683
vn 0.923880 0.000000 -0.382683
vn 0.923880 0.000000 -0.382683
vn -0.382688 0.000000 -0.923878
vn -0.382688 0.000000 -0.923878
vn -0.382688 0.000000 -0.923878
vn -0.382688 0.000000 -0.923878
vn -0.923880 0.000000 -0.382681
vn -0.923880 0.000000 -0.382681
vn -0.923880 0.000000 -0.382683
vn -0.923880 0.000000 -0.382683
vn 0.382688 0.000000 -0.923877
vn 0.382688 0.000000 -0.923877
vn 0.382688 0.000000 -0.923878
vn 0.382688 0.000000 -0.923878
vn -0.923880 0.000000 0.382681
vn -0.923880 0.000000 0.382681
vn -0.923881 0.000000 0.382680
vn -0.923881 0.000000 0.382680
vn -0.923881 0.000000 0.382679
vn -0.923881 0.000000 0.382679
vn -0.923881 0.000000 0.382679
vn -0.923881 0.000000 0.382679
vn 0.382693 0.000000 -0.923876
vn 0.382693 0.000000 -0.923876
vn 0.382693 0.000000 -0.923876
vn 0.382693 0.000000 -0.923876
vn 0.577306 0.000000 0.816528
vn 0.577306 0.000000 0.816528
vn 0.000000 1.000000 0.000000
vn -0.923879 0.000000 -0.382684
vn -0.923879 0.000000 -0.382684
vn -0.923879 0.000000 -0.382684
vn -0.923879 0.000000 -0.382684
vn -0.382693 0.000000 -0.923876
vn -0.382693 0.000000 -0.923876
vn -0.382693 0.000000 -0.923876
vn -0.382693 0.000000 -0.923876
vn 0.923880 0.000000 -0.382681
vn 0.923880 0.000000 -0.382681
vn 0.923880 0.000000 -0.382683
vn 0.923880 0.000000 -0.382683
vn -0.382681 0.000000 0.923880
vn -0.382681 0.000000 0.923880
vn -0.382681 0.000000 0.923881
vn -0.382681 0.000000 0.923881
vn 0.923880 0.000000 0.382681
vn 0.923880 0.000000 0.382681
vn 0.923880 0.000000 0.382683
vn 0.923880 0.000000 0.382683
vn 0.382681 0.000000 0.923880
vn 0.382681 0.000000 0.923880
vn 0.382688 0.000000 0.923878
vn 0.382688 0.000000 0.923878
vn 0.000000 -1.000000 0.000000
vn 0.000000 1.000000 0.000000
vn 0.000000 -1.000000 0.000000
vn -0.969148 -0.114630 -0.218202
vn -0.969147 -0.114620 -0.218214
vn -0.969148 -0.114619 -0.218208
vn -0.969147 -0.114608 -0.218217
vn -0.969149 -0.114624 -0.218199
vn -0.969148 -0.114612 -0.218210
vn -0.969149 -0.114619 -0.218202
vn -0.969148 -0.114620 -0.218209
vn -0.969148 -0.114622 -0.218208
vn -0.000000 -1.000000 0.000000
vn 0.000001 -1.000000 0.000000
vn 0.000001 -1.000000 0.000000
vn 0.000001 -1.000000 0.000000
vn 0.000000 -1.000000 0.000000
vn 0.000000 1.000000 0.000000
vn 0.000000 1.000000 0.000000
vn 0.000000 1.000000 0.000000
vn 0.000000 1.000000 0.000000
vn 0.000000 1.000000 0.000000
vn 0.000000 1.000000 0.000000
vn 0.000000 1.000000 0.000000
vn 0.000000 1.000000 0.000000
vn 0.000000 1.000000 0.000000
vn -0.000000 -1.000000 0.000000
vn -0.000000 -1.000000 0.000000
vn -0.000000 -1.000000 0.000000
vn -0.000000 1.000000 -0.000000
vn -0.000000 1.000000 0.000000
vn -0.000000 1.000000 0.000000
vn -0.000000 1.000000 0.000000
vn -0.000000 1.000000 0.000000
vn -0.000000 -1.000000 0.000000
vn 0.000000 -1.000000 0.000000
vn 0.000000 -1.000000 0.000000
vn 0.000000 -1.000000 0.000000
vn -0.000000 -1.000000 0.000000
vn -0.000000 1.000000 -0.000000
vn -0.000000 1.000000 -0.000000
vn -0.000000 1.000000 -0.000000
vn -0.000000 1.000000 -0.000000
vn -0.000001 -1.000000 0.000000
vn -0.000001 -1.000000 0.000000
vn -0.000001 -1.000000 0.000000
vn -0.816528 0.000000 0.577306
vn -0.816528 0.000000 0.577306
vn 0.816529 0.000000 -0.577305
vn 0.816529 0.000000 -0.577305
vn -0.816528 0.000000 0.577306
vn 0.577306 0.000000 0.816528
vn 0.577305 0.000000 0.816528
vn -0.816526 0.000000 0.577308
vn 0.816529 0.000000 -0.577304
vn 0.577305 0.000000 0.816528
vn 0.577305 0.000000 0.816528
vn 0.577306 0.000000 0.816528
vn 0.816527 0.000000 -0.577308
vn 0.577306 0.000000 0.816528
vn -0.923881 0.000000 -0.382680
vn -0.923881 0.000000 -0.382680
vn -0.923880 0.000000 0.382683
vn -0.923880 0.000000 0.382683
vn -0.382678 0.000000 0.923882
vn -0.382678 0.000000 0.923882
vn 0.382678 0.000000 0.923882
vn 0.382678 0.000000 0.923882
vn 0.923881 0.000000 0.382680
vn 0.923881 0.000000 0.382680
vn 0.923880 0.000000 -0.382683
vn 0.923880 0.000000 -0.382683
vn 0.382685 0.000000 -0.923879
vn 0.382685 0.000000 -0.923879
vn -0.382685 0.000000 -0.923879
vn -0.382685 0.000000 -0.923879
vn 0.382685 0.000000 0.923879
vn 0.382685 0.000000 0.923879
vn 0.923880 0.000000 0.382683
vn 0.923880 0.000000 0.382683
vn 0.923880 0.000000 -0.382683
vn 0.923880 0.000000 -0.382683
vn 0.382685 0.000000 -0.923879
vn 0.382685 0.000000 -0.923879
vn -0.382685 0.000000 -0.923879
vn -0.382685 0.000000 -0.923879
vn -0.923880 0.000000 -0.382683
vn -0.923880 0.000000 -0.382683
vn -0.923881 0.000000 0.382680
vn -0.923881 0.000000 0.382680
vn -0.382678 0.000000 0.923882
vn -0.382678 0.000000 0.923882
vn 0.816529 0.000000 -0.577305
vn 0.816528 0.000000 -0.577306
vn -0.577300 0.000000 -0.816532
vn -0.577305 0.000000 -0.816529
vn -0.816528 0.000000 0.577306
vn -0.577305 0.000000 -0.816529
vn -0.577304 0.000000 -0.816529
vn -0.577304 0.000000 -0.816529
vn -0.816530 0.000000 0.577303
vn -0.577300 0.000000 -0.816532
vn -0.382678 0.000000 -0.923882
vn -0.382678 0.000000 -0.923882
vn -0.923877 0.000000 -0.382689
vn -0.923877 0.000000 -0.382689
vn -0.923882 0.000000 0.382677
vn -0.923882 0.000000 0.382677
vn -0.382678 0.000000 0.923882
vn -0.382678 0.000000 0.923882
vn 0.382678 0.000000 0.923882
vn 0.382678 0.000000 0.923882
vn 0.923880 0.000000 0.382683
vn 0.923880 0.000000 0.382683
vn 0.923880 0.000000 -0.382683
vn 0.923880 0.000000 -0.382683
vn 0.382678 0.000000 -0.923882
vn 0.382678 0.000000 -0.923882
vn -0.382688 0.000000 -0.923878
vn -0.382688 0.000000 -0.923878
vn -0.923880 0.000000 -0.382683
vn -0.923880 0.000000 -0.382683
vn -0.923881 0.000000 0.382680
vn -0.923881 0.000000 0.382680
vn -0.382681 0.000000 0.923881
vn -0.382681 0.000000 0.923881
vn 0.382688 0.000000 0.923878
vn 0.382688 0.000000 0.923878
vn 0.923880 0.000000 0.382683
vn 0.923880 0.000000 0.382683
vn 0.923880 0.000000 -0.382683
vn 0.923880 0.000000 -0.382683
vn 0.382688 0.000000 -0.923878
vn 0.382688 0.000000 -0.923878
s 1
g polySurface28 group11
usemtl initialShadingGroup
f 2/2/1 3/3/2 1/1/3 9/11/4
s 2
f 5/500/5 6/6/6 4/4/7 47/55/8
s 3
f 283/351/9 284/8/10 285/9/11 286/350/12
s 4
f 6/6/13 2/2/14 9/11/15 4/4/16
s 5
f 10/476/17 11/496/18 12/14/19 13/15/20
s 6
f 14/16/21 15/495/22 16/18/23 17/19/24
s 7
f 13/15/25 12/14/26 18/20/27 19/21/28
s 8
f 15/17/29 14/457/30 20/22/31 21/498/32
s 3
f 285/9/11 284/8/10 287/24/33 288/25/34
s 9
f 22/26/35 23/27/36 17/19/37 16/18/38
s 10
f 8/10/39 21/23/40 20/465/41 7/7/42
s off
f 19/21/43 18/20/44 24/28/45 25/29/46
s 11
f 27/31/47 28/32/48 26/484/49 44/50/50
s 5
f 31/35/51 29/33/52 30/499/53 49/481/54
s 13
f 32/36/55 30/34/56 23/464/57 22/492/58
s 7
f 33/37/59 18/20/27 12/14/26 104/113/60
s 3
f 288/25/34 287/24/33 289/38/61 290/39/62
s 14
f 36/42/63 34/40/64 35/41/65 38/44/66
s 15
f 38/44/67 35/41/68 37/43/69 181/225/70
s 16
f 40/46/71 39/45/72 34/40/73 36/42/74
s 17
f 37/43/75 1/1/76 3/3/77 181/225/78
s 18
f 29/33/79 41/47/80 42/493/81 43/462/82
s 3
f 290/39/62 289/38/61 291/51/83 292/52/84
s 9
f 45/53/85 46/54/86 43/49/87 42/48/88
s 20
f 5/5/89 47/503/90 39/45/91 40/46/92
s 10
f 21/23/40 8/10/39 48/56/93 54/62/94
s 3
f 292/52/84 291/51/83 293/352/95 294/353/96
s 13
f 30/34/56 32/36/55 50/58/97 49/57/98
s 21
f 51/59/99 52/466/100 46/54/101 45/53/102
s 8
f 28/467/103 52/60/104 51/485/105 26/30/106
s 18
f 53/61/107 41/47/80 29/33/79 31/35/108
s 23
f 55/63/109 56/64/110 57/65/111
f 58/66/112 55/63/109 57/65/111
f 59/67/113 58/66/112 57/65/111
f 56/64/110 60/68/114 57/65/111
s 24
f 62/70/115 11/13/116 61/507/117 139/506/118
s 23
f 63/71/119 59/67/113 57/65/111
f 60/68/114 64/72/120 57/65/111
s 25
f 65/73/121 66/74/122 67/75/123
f 66/74/122 68/76/124 67/75/123
s 23
f 64/72/120 69/77/125 57/65/111
f 69/77/125 63/71/119 57/65/111
s 25
f 70/78/126 65/73/121 67/75/123
f 68/76/124 71/79/127 67/75/123
f 72/80/128 70/78/126 67/75/123
f 71/79/127 73/81/129 67/75/123
f 74/82/130 72/80/128 67/75/123
f 73/81/129 74/82/130 67/75/123
s 26
f 32/36/131 41/47/132 53/61/133 50/58/134
s 27
f 76/490/135 77/85/136 75/83/137 79/482/138
s 15
f 37/43/69 35/41/68 78/86/139 85/541/140
s 14
f 35/41/65 34/40/64 80/88/141 78/86/142
s 28
f 81/89/143 82/90/144 83/91/145
f 82/90/144 84/92/146 83/91/145
s 26
f 41/47/132 32/36/131 22/492/147 42/493/148
s 29
f 1/1/149 37/43/150 85/541/151 114/123/152
s 28
f 86/94/153 81/89/143 83/91/145
f 84/92/146 87/95/154 83/91/145
s 5
f 88/509/155 61/507/156 11/13/18 10/477/17
s 27
f 79/482/138 75/83/137 89/97/157 101/479/158
s 28
f 90/98/159 86/94/153 83/91/145
f 87/95/154 91/99/160 83/91/145
s 30
f 92/100/161 93/101/162 94/102/163
f 95/103/164 92/100/161 94/102/163
s 28
f 96/104/165 90/98/159 83/91/145
f 91/99/160 96/104/165 83/91/145
s 30
f 93/101/162 97/105/166 94/102/163
f 98/106/167 95/103/164 94/102/163
f 97/105/166 99/107/168 94/102/163
f 100/108/169 98/106/167 94/102/163
s 3
f 286/350/12 285/9/11 295/110/170 296/354/171
s 30
f 99/107/168 102/111/172 94/102/163
f 102/111/172 100/108/169 94/102/163
s 31
f 34/40/173 39/45/174 103/112/175 80/88/176
s 27
f 101/479/158 89/97/157 105/114/177 109/118/178
s 6
f 15/495/22 106/486/179 107/116/180 16/18/23
s 32
f 108/117/181 9/11/182 1/1/183 114/123/184
s 33
f 103/112/185 39/45/186 47/503/187 116/502/188
s 8
f 54/491/189 106/115/190 15/17/29 21/498/32
s 11
f 111/120/191 112/483/192 110/494/193 113/439/194
s 27
f 109/118/178 105/114/177 113/122/195 110/124/196
s 4
f 115/125/197 4/4/16 9/11/15 108/117/198
s 2
f 116/126/199 47/55/8 4/4/7 115/125/200
s 24
f 11/497/116 62/470/115 104/113/201 12/14/202
s 15
f 78/86/139 117/127/203 175/194/204 85/93/140
s 34
f 118/128/205 88/509/206 10/477/207 170/469/208
s off
f 18/20/209 33/37/210 119/129/211 24/28/212
s 35
f 56/64/213 55/63/214 120/436/215 121/539/216
s 36
f 55/63/217 58/66/218 122/538/219 120/436/220
s 3
f 297/133/221 298/134/222 288/25/34 290/39/62
s 37
f 60/68/223 56/64/224 121/539/225 123/537/226
s 38
f 58/66/227 59/67/228 124/536/229 122/538/230
s 9
f 125/137/231 126/138/232 42/48/88 22/26/35
s off
f 127/139/233 66/74/234 65/73/235 128/140/236
f 129/141/237 68/76/238 66/74/239 127/139/240
s 32
f 114/142/184 130/143/241 142/157/242 108/156/181
s off
f 128/140/243 65/73/244 70/78/245 131/144/246
f 132/145/247 71/79/248 68/76/249 129/141/250
s 39
f 64/72/251 60/68/252 123/537/253 133/535/254
s 40
f 59/67/255 63/71/256 134/147/257 124/536/258
s 31
f 103/148/175 135/149/259 176/195/260 80/88/176
s 41
f 69/77/261 64/72/262 133/535/263 136/150/264
s 42
f 63/71/265 69/77/266 136/150/267 134/147/268
s off
f 131/144/269 70/78/270 72/80/271 137/151/272
f 138/152/273 73/81/274 71/79/275 132/145/276
f 137/151/277 72/80/278 74/82/279 140/154/280
f 140/154/281 74/82/282 73/81/283 138/152/284
s 4
f 108/156/198 142/157/285 141/155/286 146/163/287 115/162/197
s 3
f 296/354/171 295/110/170 299/355/288 300/356/289
s 33
f 116/159/188 144/160/290 135/149/291 103/148/185
s 10
f 54/62/94 48/56/93 143/158/292 145/488/293
s 2
f 115/162/200 146/163/294 144/160/295 116/159/199
s 7
f 147/164/296 13/15/25 19/21/28 178/197/297
s 3
f 301/357/298 302/165/299 292/52/84 294/353/96
s 8
f 76/84/300 106/115/190 54/491/189 145/489/301
s 27
f 143/440/302 77/85/136 76/490/135 145/161/303
s 3
f 299/355/288 295/110/170 298/134/222 303/358/304
s 43
f 106/487/305 148/480/306 125/137/307 107/116/308
s 21
f 149/475/309 51/59/99 45/53/102 150/168/310
s 11
f 44/50/50 26/484/49 112/483/192 111/120/191
s 8
f 26/30/106 51/485/105 149/167/311 112/121/312
f 79/87/313 148/166/314 106/115/190 76/84/300
s 5
f 31/35/51 49/481/54 151/473/315 152/170/316
s 44
f 84/92/317 82/90/318 153/429/319 154/526/320
s 45
f 82/90/321 81/89/322 155/527/323 153/429/324
s 3
f 303/358/304 298/134/222 297/133/221 304/359/325
s 43
f 148/480/306 156/478/326 126/138/327 125/137/307
s 46
f 81/89/328 86/94/329 157/525/330 155/527/331
s 47
f 87/95/332 84/92/333 154/526/334 158/524/335
s off
f 159/177/336 93/101/337 92/100/338 160/178/339
f 160/178/340 92/100/341 95/103/342 161/179/343
f 162/180/344 97/105/345 93/101/346 159/177/347
f 161/179/348 95/103/349 98/106/350 163/181/351
s 48
f 86/94/352 90/98/353 164/523/354 157/525/355
s 49
f 91/99/356 87/95/357 158/524/358 165/183/359
s 8
f 101/109/360 156/174/361 148/166/314 79/87/313
s 50
f 90/98/362 96/104/363 166/184/364 164/523/365
s 51
f 96/104/366 91/99/367 165/183/368 166/184/369
s off
f 167/185/370 99/107/371 97/105/372 162/180/373
f 163/181/374 98/106/375 100/108/376 168/186/377
f 169/187/378 102/111/379 99/107/380 167/185/381
f 168/186/382 100/108/383 102/111/384 169/187/385
s 3
f 304/359/325 297/133/221 302/165/299 305/360/386
s 43
f 156/478/326 149/474/387 150/168/388 126/138/327
s 5
f 171/472/389 151/473/315 61/69/156 88/510/155
s 3
f 305/360/386 302/165/299 301/357/298 306/361/390
s 8
f 109/190/391 149/167/311 156/174/361 101/109/360
s 13
f 49/57/98 50/58/97 172/191/392 151/169/393
s 5
f 152/170/316 151/473/315 171/472/389 173/192/394
s 8
f 112/121/312 149/167/311 109/190/391 110/119/395
s 24
f 151/169/396 172/191/397 139/505/118 61/508/117
s 18
f 152/170/398 174/193/399 53/61/107 31/35/108
s 14
f 117/127/400 78/86/142 80/88/141 176/195/401
s 29
f 130/143/402 114/142/152 85/93/151 175/194/403
s off
f 24/28/404 119/129/405 177/196/406 25/29/407
s 26
f 50/58/134 53/61/133 174/193/408 172/191/409
s 34
f 179/512/410 171/189/411 88/96/206 118/504/205
f 171/189/411 179/512/410 180/199/412 173/192/413
s 26
f 172/191/409 179/198/414 118/511/415 139/153/416
f 172/191/409 174/193/408 180/199/417 179/198/414
s off
f 178/197/418 19/21/419 25/29/420 177/196/421
s 34
f 170/468/208 10/12/207 13/15/422 147/164/423
s 26
f 139/506/416 118/128/415 170/469/424 62/70/425
s off
f 33/37/426 178/197/427 177/196/428 119/129/429
s 7
f 104/113/60 147/164/296 178/197/297 33/37/59
s 26
f 62/471/425 170/188/424 147/164/430 104/113/431
s 9
f 16/18/38 129/200/432 127/201/433 128/202/434 131/203/435 137/204/436 125/137/231 22/26/35
s 3
f 295/110/170 307/362/437 308/438/438 309/437/439 310/435/440 285/9/11 288/25/34 298/134/222
f 295/110/170 285/9/11 310/435/440 311/434/441 312/433/442 313/432/443 314/431/444 307/362/437
s 9
f 137/204/436 140/205/445 138/206/446 132/207/447 129/200/432 16/18/38 107/116/448 125/137/231
s 3
f 292/52/84 315/370/449 316/428/450 317/427/451 318/426/452 319/425/453 297/133/221 290/39/62
s 9
f 150/168/454 169/208/455 167/209/456 162/210/457 159/211/458 45/53/85 42/48/88 126/138/232
f 150/168/454 45/53/85 159/211/458 160/212/459 161/213/460 163/214/461 168/215/462 169/208/455
s 3
f 319/425/453 320/424/463 321/423/464 322/422/465 315/370/449 292/52/84 302/165/299 297/133/221
s 18
f 173/192/466 141/216/467 142/217/468 130/218/469 175/219/470 117/220/471 176/221/472 152/170/398
f 173/192/466 180/199/473 174/193/399 152/170/398 176/221/472 135/222/474 144/223/475 146/224/476 141/216/467
s 11
f 28/32/48 27/31/47 182/226/477 183/227/478
s 5
f 30/499/53 29/33/52 43/462/479 23/463/480
s 52
f 184/228/481 185/229/482 186/230/483
f 187/231/484 184/228/481 186/230/483
f 185/229/482 188/232/485 186/230/483
f 189/233/486 187/231/484 186/230/483
s 8
f 183/234/487 190/235/488 52/60/104 28/467/103
s 52
f 191/236/489 189/233/486 186/230/483
f 188/232/485 192/237/490 186/230/483
s 53
f 193/238/491 194/239/492 195/240/493
f 194/239/492 196/241/494 195/240/493
s 52
f 197/242/495 191/236/489 186/230/483
f 192/237/490 197/242/495 186/230/483
s 53
f 198/243/496 193/238/491 195/240/493
f 196/241/494 199/244/497 195/240/493
f 199/244/497 200/245/498 195/240/493
f 201/246/499 198/243/496 195/240/493
s 10
f 7/7/42 20/465/41 202/456/500 211/257/501
s 21
f 52/466/100 190/454/502 203/248/503 46/54/101
s 53
f 200/245/498 204/249/504 195/240/493
f 204/249/504 201/246/499 195/240/493
s 3
f 291/51/83 323/250/505 324/378/506 293/352/95
s 54
f 206/459/507 207/458/508 205/251/509 208/254/510
f 206/459/507 208/254/510 209/255/511 210/453/512
f 210/453/512 209/255/511 212/258/513 219/451/514
s 55
f 213/259/515 214/260/516 215/261/517
f 214/260/516 216/262/518 215/261/517
f 217/263/519 213/259/515 215/261/517
f 216/262/518 218/264/520 215/261/517
f 220/266/521 217/263/519 215/261/517
f 218/264/520 221/267/522 215/261/517
s off
f 222/268/523 185/229/524 184/228/525 223/269/526
f 223/269/527 184/228/528 187/231/529 224/270/530
s 56
f 225/271/531 226/272/532 227/273/533
f 228/274/534 225/271/531 227/273/533
s 55
f 229/275/535 220/266/521 215/261/517
f 221/267/522 229/275/535 215/261/517
s 56
f 226/272/532 230/276/536 227/273/533
f 231/277/537 228/274/534 227/273/533
f 230/276/536 232/278/538 227/273/533
f 233/279/539 231/277/537 227/273/533
s 9
f 234/280/540 235/281/541 23/27/36 43/49/87
s off
f 236/282/542 188/232/543 185/229/544 222/268/545
f 224/270/546 187/231/547 189/233/548 237/283/549
s 57
f 194/239/550 193/238/551 238/522/552 239/285/553
s 58
f 196/241/554 194/239/555 239/285/556 240/286/557
s 3
f 325/287/558 326/288/559 289/38/61 287/24/33
s 56
f 232/278/538 241/289/560 227/273/533
f 241/289/560 233/279/539 227/273/533
s 54
f 219/451/514 212/258/513 242/290/561 247/447/562
s 59
f 193/238/563 198/243/564 243/520/565 238/522/566
s 60
f 199/244/567 196/241/568 240/286/569 244/521/570
s off
f 237/283/571 189/233/572 191/236/573 245/293/574
f 246/294/575 192/237/576 188/232/577 236/282/578
s 10
f 248/420/579 211/257/501 202/456/500 249/460/580
s off
f 245/293/581 191/236/582 197/242/583 250/298/584
f 250/298/585 197/242/586 192/237/587 246/294/588
s 61
f 200/245/589 199/244/590 244/521/591 251/519/592
s 62
f 198/243/593 201/246/594 252/518/595 243/520/596
s 54
f 248/296/597 249/461/598 247/447/562 242/290/561
s 63
f 204/249/599 200/245/600 251/519/601 253/416/602
s 64
f 201/246/603 204/249/604 253/416/605 252/518/606
s 1
f 254/446/607 3/3/2 2/2/1 277/445/608
s 17
f 255/303/609 181/225/78 3/3/77 254/446/610
s 8
f 206/252/611 190/235/488 183/234/487 207/253/612
s 4
f 2/2/14 6/6/13 256/444/613 277/445/614
s 11
f 207/305/615 183/227/478 182/226/477 205/306/616
s 15
f 257/307/617 38/44/67 181/225/70 255/303/618
s 8
f 14/457/30 258/308/619 202/247/620 20/22/31
s 65
f 190/455/621 259/452/622 234/280/623 203/248/624
s 2
f 6/6/6 5/500/5 260/501/625 256/444/626
s 6
f 258/449/627 14/16/21 17/19/24 261/311/628
s 8
f 210/256/629 259/309/630 190/235/488 206/252/611
s 3
f 327/379/631 324/378/506 323/250/505 328/380/632
s 14
f 262/443/633 36/42/63 38/44/66 257/307/634
s 16
f 40/46/71 36/42/74 262/443/635 263/441/636
s 20
f 5/5/89 40/46/92 263/441/637 260/442/638
s 3
f 329/381/639 330/314/640 284/8/10 283/351/9
f 328/380/632 323/250/505 326/288/559 331/382/641
s 65
f 259/452/622 264/450/642 235/281/643 234/280/623
s 8
f 219/265/644 264/315/645 259/309/630 210/256/629
s off
f 265/316/646 214/260/647 213/259/648 266/317/649
f 267/318/650 216/262/651 214/260/652 265/316/653
s 3
f 331/382/641 326/288/559 325/287/558 332/383/654
s off
f 266/317/655 213/259/656 217/263/657 268/319/658
f 269/320/659 218/264/660 216/262/661 267/318/662
s 66
f 226/272/663 225/271/664 270/321/665 271/322/666
s 67
f 225/271/667 228/274/668 272/534/669 270/321/670
s 68
f 230/276/671 226/272/672 271/322/673 273/533/674
s 69
f 228/274/675 231/277/676 274/532/677 272/534/678
s off
f 268/319/679 217/263/680 220/266/681 275/326/682
f 276/327/683 221/267/684 218/264/685 269/320/686
s 65
f 264/450/642 258/448/687 261/311/688 235/281/643
s 8
f 219/265/644 247/295/689 258/308/619 264/315/645
s off
f 275/326/690 220/266/691 229/275/692 278/329/693
f 278/329/694 229/275/695 221/267/696 276/327/697
s 70
f 232/278/698 230/276/699 273/533/700 279/531/701
s 71
f 231/277/702 233/279/703 280/530/704 274/532/705
s 72
f 241/289/706 232/278/707 279/531/708 281/407/709
s 73
f 233/279/710 241/289/711 281/407/712 280/530/713
s 3
f 332/383/654 325/287/558 330/314/640 333/384/714
s 8
f 258/308/619 247/295/689 249/297/715 202/247/620
s 3
f 333/384/714 330/314/640 329/381/639 334/385/716
s 74
f 255/303/717 254/302/718 282/333/719
f 254/302/718 277/328/720 282/333/719
f 257/307/721 255/303/717 282/333/719
f 277/328/720 256/304/722 282/333/719
f 262/312/723 257/307/721 282/333/719
f 256/304/722 260/310/724 282/333/719
f 263/313/725 262/312/723 282/333/719
f 260/310/724 263/313/725 282/333/719
s 3
f 336/386/726 335/419/727 337/418/728 338/417/729 339/415/730 323/250/505 291/51/83
s 9
f 46/54/86 222/334/731 223/335/732 224/336/733 237/337/734 245/338/735 234/280/540 43/49/87
f 46/54/86 203/248/736 234/280/540 245/338/735 250/339/737 246/340/738 236/341/739 222/334/731
s 3
f 326/288/559 323/250/505 339/415/730 340/414/740 341/413/741 342/412/742 336/386/726 291/51/83 289/38/61
s 9
f 235/281/541 276/342/743 269/343/744 267/344/745 265/345/746 266/346/747 17/19/37 23/27/36
s 3
f 284/8/10 343/394/748 344/410/749 345/409/750 346/408/751 347/406/752 325/287/558 287/24/33
s 9
f 266/346/747 268/347/753 275/348/754 278/349/755 276/342/743 235/281/541 261/311/756 17/19/37
s 3
f 284/8/10 330/314/640 325/287/558 347/406/752 348/405/757 349/404/758 350/403/759 343/394/748
s 10
f 8/10/39 7/7/42 283/351/760 286/350/761
s 11
f 27/31/47 44/50/50 294/353/762 293/352/763
s 10
f 48/56/93 8/10/39 286/350/761 296/354/764
s 27
f 77/85/136 143/440/302 300/356/765 299/355/766
s 10
f 143/158/292 48/56/93 296/354/764 300/356/767
s 11
f 44/50/50 111/120/191 301/357/768 294/353/762
s 27
f 75/83/137 77/85/136 299/355/766 303/358/769
f 89/97/157 75/83/137 303/358/769 304/359/770
f 105/114/177 89/97/157 304/359/770 305/360/771
s 11
f 111/120/191 113/439/194 306/361/772 301/357/768
s 27
f 113/122/195 105/114/177 305/360/771 306/361/773
s 41
f 136/150/264 133/146/263 308/363/774 307/430/775
s 39
f 133/146/254 123/135/253 309/364/776 308/363/777
s 37
f 123/135/226 121/131/225 310/365/778 309/364/779
s 35
f 121/131/216 120/540/215 311/516/780 310/365/781
s 36
f 120/130/220 122/132/219 312/367/782 311/366/783
s 38
f 122/132/230 124/136/229 313/368/784 312/367/785
s 40
f 124/136/258 134/147/257 314/369/786 313/368/787
s 42
f 134/147/268 136/150/267 307/430/788 314/369/789
s 44
f 154/172/320 153/528/319 316/515/790 315/421/791
s 45
f 153/171/324 155/173/323 317/372/792 316/371/793
s 46
f 155/173/331 157/175/330 318/373/794 317/372/795
s 48
f 157/175/355 164/182/354 319/374/796 318/373/797
s 50
f 164/182/365 166/184/364 320/375/798 319/374/799
s 51
f 166/184/369 165/183/368 321/376/800 320/375/801
s 49
f 165/183/359 158/176/358 322/377/802 321/376/803
s 47
f 158/176/335 154/172/334 315/421/804 322/377/805
s 11
f 182/226/477 27/31/47 293/352/763 324/378/806
f 205/306/616 182/226/477 324/378/806 327/379/807
s 54
f 208/254/510 205/251/509 327/379/808 328/380/809
s 10
f 7/7/42 211/257/501 329/381/810 283/351/760
s 54
f 209/255/511 208/254/510 328/380/809 331/382/811
f 212/258/513 209/255/511 331/382/811 332/383/812
f 242/290/561 212/258/513 332/383/812 333/384/813
s 10
f 211/257/501 248/420/579 334/385/814 329/381/810
s 54
f 248/296/597 242/290/561 333/384/813 334/385/815
s 58
f 240/286/557 239/285/556 335/387/816 336/411/817
s 57
f 239/285/553 238/284/552 337/388/818 335/387/819
s 59
f 238/284/566 243/291/565 338/389/820 337/388/821
s 62
f 243/291/596 252/300/595 339/390/822 338/389/823
s 64
f 252/300/606 253/517/605 340/514/824 339/390/825
s 63
f 253/301/602 251/299/601 341/392/826 340/391/827
s 61
f 251/299/592 244/292/591 342/393/828 341/392/829
s 60
f 244/292/570 240/286/569 336/411/830 342/393/831
s 66
f 271/322/666 270/321/665 344/395/832 343/402/833
s 67
f 270/321/670 272/323/669 345/396/834 344/395/835
s 69
f 272/323/678 274/325/677 346/397/836 345/396/837
s 71
f 274/325/705 280/331/704 347/398/838 346/397/839
s 73
f 280/331/713 281/529/712 348/513/840 347/398/841
s 72
f 281/332/709 279/330/708 349/400/842 348/399/843
s 70
f 279/330/701 273/324/700 350/401/844 349/400/845
s 68
f 273/324/674 271/322/673 343/402/846 350/401/847
g default
v 0.162331 2.895066 -3.497208
v -1.105978 2.895066 -3.497208
v 0.043800 2.784308 -3.484837
v 1.632540 3.222506 -4.089312
v 0.378941 3.022927 -4.071501
v 1.388256 1.734889 -4.089312
v 0.412350 -0.036377 -3.169777
v -0.987450 2.784308 -3.484837
v 0.756054 1.734889 -4.089312
v 0.247086 0.405509 -3.219134
v -1.320064 3.057064 -4.074547
v 0.376419 3.057064 -4.074547
v 1.632540 -0.037138 -4.089312
v 1.632540 -0.037138 -5.055026
v 1.632540 3.222506 -5.055026
v 0.611230 0.971002 -4.089312
v 0.756054 0.963502 -4.089312
v -1.190733 0.405509 -3.219134
v -0.987450 2.780618 -3.917241
v 0.043800 2.780618 -3.917241
v 0.756054 1.734889 -4.483207
v 1.388256 1.734889 -4.483207
v 1.388256 0.963502 -4.089312
v 1.388256 0.963502 -4.483207
v -1.342839 2.748811 -4.047038
v -1.749098 2.418470 -4.042994
v -2.469852 3.222506 -4.089312
v -2.469852 3.222506 -5.055026
v 0.247086 0.401754 -3.659063
v -2.323950 2.418470 -4.042994
v -1.356003 -0.036377 -3.169777
v -1.749098 1.717053 -4.042994
v 0.756054 0.963502 -4.483207
v -2.323950 1.717053 -4.042994
v -1.704530 1.090923 -4.089312
v -2.270530 1.090923 -4.089312
v 0.723458 -0.036377 -4.089312
v -1.190733 0.401754 -3.659063
v -2.270530 0.400316 -4.089312
v -2.469852 -0.037138 -4.089312
v -2.323950 2.418470 -4.529525
v -1.749098 2.418470 -4.529525
v -1.749098 1.717053 -4.529525
v 0.723343 -0.037138 -4.089312
v -2.469852 -0.037138 -5.055026
v 1.632540 -2.148038 -4.089312
v 1.632540 -2.148038 -5.055026
v -2.323950 1.717053 -4.529525
v -1.542642 1.082539 -4.089312
v -1.667111 -0.036377 -4.089312
v -1.356003 -2.147277 -3.169777
v 0.412350 -2.147277 -3.169777
v 0.412350 -2.147277 -4.089312
v -2.270530 1.090923 -4.483207
v -1.704530 1.090923 -4.483207
v -1.704530 0.400316 -4.089312
v -1.704530 0.400316 -4.483207
v -2.270530 0.400316 -4.483207
v -1.666995 -0.037138 -4.089312
v -1.356003 -2.147277 -4.089312
v -2.469852 -2.148038 -5.055026
v -2.469852 -2.148038 -4.089312
vt 0.713258 0.499455
vt 0.605096 0.499736
vt 0.703201 0.490175
vt 0.080917 0.611007
vt 0.665103 0.982876
vt 0.749915 0.875249
vt 0.730701 0.253620
vt 0.615134 0.490427
vt 0.696884 0.875166
vt 0.717430 0.290553
vt 0.587330 0.549972
vt 0.731225 0.549655
vt 0.770364 0.726824
vt 0.080837 0.257493
vt 0.080899 0.530211
vt 0.684839 0.811260
vt 0.696955 0.810625
vt 0.600253 0.290346
vt 0.945221 0.527491
vt 0.858943 0.527148
vt 0.859086 0.490971
vt 0.945365 0.491313
vt 0.651363 0.821040
vt 0.598471 0.820661
vt 0.598707 0.787707
vt 0.651598 0.788085
vt 0.685014 0.723785
vt 0.684553 0.788321
vt 0.652060 0.723549
vt 0.520896 0.959532
vt 0.487376 0.931936
vt 0.504921 0.530114
vt 0.424125 0.530132
vt 0.999973 0.290800
vt 0.981541 0.490934
vt 0.963167 0.291186
vt 0.439857 0.931907
vt 0.586891 0.253404
vt 0.487347 0.873518
vt 0.599168 0.723171
vt 0.441470 0.873980
vt 0.565752 0.787471
vt 0.566214 0.722935
vt 0.599404 0.690217
vt 0.652295 0.690595
vt 0.490948 0.821200
vt 0.442805 0.821510
vt 0.811066 0.261101
vt 0.842874 0.290709
vt 0.443024 0.763428
vt 0.504859 0.257396
vt 0.822914 0.490304
vt 0.806072 0.290030
vt 0.605481 0.690120
vt 0.557389 0.690603
vt 0.556979 0.649900
vt 0.605072 0.649416
vt 0.843020 0.253901
vt 0.963314 0.254379
vt 0.645185 0.590326
vt 0.645775 0.649007
vt 0.604482 0.590735
vt 0.811070 0.261033
vt 0.424062 0.257415
vt 0.000040 0.257512
vt 0.770224 0.549990
vt 0.080796 0.080885
vt 0.556389 0.591219
vt 0.504617 0.820492
vt 0.516276 0.650309
vt 0.515686 0.591628
vt 0.555980 0.550516
vt 0.604072 0.550032
vt 0.506826 0.261607
vt 0.583614 0.078331
vt 0.732624 0.076996
vt 0.731827 0.000010
vt 0.522308 0.985329
vt 0.664876 0.985746
vt 0.344881 0.842676
vt 0.297540 0.841584
vt 0.298299 0.808638
vt 0.345641 0.809729
vt 0.379919 0.752725
vt 0.378587 0.810489
vt 0.346973 0.751965
vt 0.299631 0.750874
vt 0.265353 0.807878
vt 0.266684 0.750114
vt 0.300390 0.717927
vt 0.347732 0.719019
vt 0.506823 0.261541
vt 0.505673 0.080960
vt 0.424022 0.080807
vt 0.426488 0.549957
vt 0.426502 0.726748
vt 0.796312 0.347241
vt 0.762714 0.517668
vt 0.762450 0.520533
vt 0.749910 0.810640
vt 0.694203 0.726883
vt 0.694193 0.726819
vt 0.555756 0.520645
vt 0.553448 0.494753
vt 0.523421 0.356801
vt 0.490724 0.763389
vt 0.493703 0.726724
vt 0.493693 0.726788
vt 0.667985 0.550037
vt 0.519817 0.550026
vt 0.424004 0.000011
vt 0.504818 0.080788
vt 0.000000 0.080904
vt 0.080778 0.000089
vt 0.583108 0.001304
vt 0.811092 0.079247
vt 0.424143 0.610929
vt 0.425566 0.998860
vt 0.000103 0.530229
vt 0.770379 1.000000
vn 0.000000 0.111006 0.993820
vn 0.000003 0.111006 0.993820
vn 0.000000 0.111006 0.993820
vn -0.000000 0.111006 0.993820
vn 0.000003 0.111006 0.993820
vn -0.000000 0.021516 0.999769
vn -0.000000 0.023430 0.999725
vn -0.000001 0.111006 0.993820
vn 0.000000 0.962815 0.270161
vn 0.000000 0.962815 0.270161
vn 0.000000 0.962815 0.270161
vn 0.000000 0.962815 0.270161
vn 1.000000 0.000000 0.000000
vn 1.000000 0.000000 0.000000
vn 1.000000 0.000000 0.000000
vn 1.000000 0.000000 0.000000
vn 0.007447 -0.003378 0.999967
vn 0.004635 -0.002102 0.999987
vn 0.012465 -0.005654 0.999906
vn 0.005136 -0.002330 0.999984
vn 0.005510 0.000544 0.999985
vn -0.014679 0.020738 0.999677
vn 0.000000 -0.999964 0.008535
vn 0.000000 -0.999964 0.008535
vn 0.000000 -0.999964 0.008535
vn 0.000000 -0.999964 0.008535
vn 0.000000 -1.000000 0.000000
vn 0.000000 -1.000000 0.000000
vn 0.000000 -1.000000 0.000000
vn 0.000000 -1.000000 0.000000
vn -1.000000 0.000000 0.000000
vn -1.000000 0.000000 0.000000
vn -1.000000 0.000000 0.000000
vn -1.000000 0.000000 0.000000
vn 0.000000 1.000000 0.000000
vn 0.000000 1.000000 0.000000
vn 0.000000 1.000000 0.000000
vn 0.000000 1.000000 0.000000
vn -0.996375 -0.085066 0.000726
vn -0.996375 -0.085066 0.000726
vn -0.996375 -0.085066 0.000726
vn -0.996375 -0.085066 0.000726
vn -0.036845 0.041295 0.998467
vn -0.027566 0.028374 0.999217
vn -0.028890 0.030068 0.999130
vn -0.043475 0.048726 0.997866
vn -0.020059 0.018772 0.999623
vn -0.032991 0.035314 0.998832
vn -0.043475 0.048726 0.997866
vn -0.043475 0.048726 0.997866
vn -0.043475 0.048726 0.997866
vn -0.003889 0.004359 0.999983
vn 0.000000 0.000000 1.000000
vn 0.000000 0.000000 1.000000
vn 0.000000 0.000000 1.000000
vn 0.000000 0.000000 1.000000
vn 1.000000 0.000000 0.000000
vn 1.000000 0.000000 0.000000
vn 1.000000 0.000000 0.000000
vn 1.000000 0.000000 0.000000
vn 0.000000 1.000000 0.000000
vn 0.000000 1.000000 0.000000
vn 0.000000 1.000000 0.000000
vn 0.000000 1.000000 0.000000
vn 0.033549 -0.049764 0.998197
vn 0.026804 -0.039758 0.998850
vn 0.022785 -0.033797 0.999169
vn 0.934287 0.110209 0.339061
vn 0.964953 0.025753 0.261155
vn 0.964187 0.028449 0.263693
vn 0.934287 0.110209 0.339061
vn 0.934287 0.110209 0.339061
vn 0.934287 0.110209 0.339060
vn 0.000000 0.107896 0.994162
vn 0.000000 0.107896 0.994162
vn 0.000000 0.107896 0.994162
vn 0.000000 0.107896 0.994162
vn 0.996375 -0.085066 0.000726
vn 0.996375 -0.085066 0.000726
vn 0.996375 -0.085066 0.000726
vn 0.996375 -0.085066 0.000726
vn 0.000000 -1.000000 0.000000
vn 0.000000 -1.000000 0.000000
vn 0.000000 -1.000000 0.000000
vn 0.000000 -1.000000 0.000000
vn 0.000000 0.999964 -0.008535
vn 0.000000 0.999964 -0.008535
vn 0.000000 0.999964 -0.008535
vn 0.000000 0.999964 -0.008535
vn -1.000000 0.000000 0.000000
vn -1.000000 0.000000 0.000000
vn -1.000000 0.000000 0.000000
vn -1.000000 0.000000 0.000000
vn 0.983399 -0.072468 0.166356
vn 0.983399 -0.072468 0.166356
vn 0.983399 -0.072468 0.166356
vn 0.000000 0.000000 -1.000000
vn 0.000000 0.000000 -1.000000
vn 0.000000 0.000000 -1.000000
vn 0.000000 0.000000 -1.000000
vn 1.000000 0.000000 0.000000
vn 1.000000 0.000000 0.000000
vn 0.000000 0.000000 1.000000
vn 0.000000 0.000000 1.000000
vn 0.000000 0.000000 1.000000
vn 0.000000 0.000000 1.000000
vn 1.000000 0.000000 0.000000
vn 1.000000 0.000000 0.000000
vn 1.000000 0.000000 0.000000
vn 1.000000 0.000000 0.000000
vn 0.000000 1.000000 0.000000
vn 0.000000 1.000000 0.000000
vn 0.000000 1.000000 0.000000
vn 0.000000 1.000000 0.000000
vn -0.964384 0.027990 0.263021
vn -0.965148 0.025286 0.260482
vn -0.934395 0.110311 0.338729
vn -0.934395 0.110311 0.338729
vn -0.934395 0.110311 0.338729
vn -0.934395 0.110311 0.338729
vn 0.000000 0.000000 1.000000
vn 0.000000 0.000000 1.000000
vn 0.000000 -1.000000 0.000000
vn 0.000000 -1.000000 0.000000
vn 0.000000 -1.000000 0.000000
vn 0.000000 -1.000000 0.000000
vn -1.000000 0.000000 0.000000
vn -1.000000 0.000000 0.000000
vn -1.000000 0.000000 0.000000
vn -1.000000 0.000000 0.000000
vn -1.000000 0.000000 0.000000
vn -1.000000 0.000000 0.000000
vn -1.000000 0.000000 0.000000
vn -1.000000 0.000000 0.000000
vn 0.000000 0.000000 1.000000
vn 0.000000 0.000000 1.000000
vn 0.000000 0.000000 1.000000
vn 0.000000 0.000000 1.000000
vn 1.000000 0.000000 0.000000
vn 1.000000 0.000000 0.000000
vn 1.000000 0.000000 0.000000
vn 1.000000 0.000000 0.000000
vn 0.000000 1.000000 0.000000
vn 0.000000 1.000000 0.000000
vn 0.000000 1.000000 0.000000
vn 0.000000 1.000000 0.000000
vn -0.983399 -0.072468 0.166356
vn -0.983399 -0.072468 0.166356
vn -0.983399 -0.072468 0.166356
vn 0.000000 -1.000000 0.000000
vn 0.000000 -1.000000 0.000000
vn 0.000000 -1.000000 0.000000
vn 0.000000 -1.000000 0.000000
vn 0.000000 0.000000 -1.000000
vn 0.000000 0.000000 -1.000000
vn 0.000000 -1.000000 0.000000
vn 0.000000 -1.000000 0.000000
vn 0.000000 -1.000000 0.000000
vn 0.000000 -1.000000 0.000000
vn -1.000000 0.000000 0.000000
vn -1.000000 0.000000 0.000000
vn 0.000000 0.000000 1.000000
vn 0.000000 0.000000 1.000000
vn 0.000000 0.000000 1.000000
vn 0.000000 0.000000 1.000000
vn 0.000000 0.000000 1.000000
vn 0.000000 0.000000 1.000000
vn 0.000000 0.000000 1.000000
vn 0.000000 0.000000 1.000000
vn 0.000000 0.000000 1.000000
vn 0.000000 0.000000 1.000000
vn 0.000000 0.000000 1.000000
s 1
g group11 polySurface37
usemtl initialShadingGroup
f 368/559/848 358/549/849 353/544/850 351/542/851 352/543/852 381/579/853
f 357/548/854 351/542/851 353/544/850 360/551/855 368/559/848 381/579/853
s off
f 361/552/856 352/543/857 351/542/858 362/553/859
s 2
f 363/606/860 364/555/861 365/556/862 354/660/863
s 3
f 366/557/864 367/558/865 359/550/866 356/547/867 354/661/868 355/546/869
s off
f 353/560/870 358/561/871 369/562/872 370/563/873
f 356/564/874 359/565/875 371/566/876 372/567/877
f 373/568/878 356/569/879 372/567/880 374/570/881
f 377/658/882 354/545/883 365/556/884 378/574/885
f 360/575/886 353/576/887 370/563/888 379/577/889
s 3
f 389/591/890 386/588/891 384/582/892 380/578/893 376/572/894 375/571/895 361/619/896 362/620/897 355/546/869 354/661/868 377/659/898 390/637/899
s off
f 371/566/900 383/581/901 374/570/902 372/567/903
f 359/583/904 367/584/905 383/581/906 371/566/907
f 367/585/908 373/586/909 374/570/910 383/581/911
s 3
f 382/580/912 384/582/892 386/588/891 385/587/913 399/610/914 375/571/895 376/572/894
s 4
f 351/542/915 357/548/916 387/589/917 366/638/918 355/639/919 362/640/920
s off
f 369/562/921 388/590/922 379/577/923 370/563/924
f 358/593/925 368/594/926 388/590/927 369/562/928
f 376/595/929 380/596/930 391/597/931 392/598/932
f 368/599/933 360/600/934 379/577/935 388/590/936
f 382/601/937 376/602/938 392/598/939 393/603/940
s 4
f 394/604/941 387/589/917 357/548/916 402/617/942 403/657/943
s 5
f 378/574/944 365/556/945 364/555/946 395/605/947
s 2
f 364/555/861 363/606/860 396/654/948 397/608/949
s off
f 391/597/950 398/609/951 393/603/952 392/598/953
f 380/611/954 384/612/955 398/609/956 391/597/957
f 384/613/958 382/614/959 393/603/960 398/609/961
s 6
f 400/615/962 381/579/963 352/543/964 361/644/965 375/645/966 399/646/967
s 1
f 357/548/854 381/579/853 401/616/968 402/617/969
s off
f 385/621/970 386/622/971 404/623/972 405/624/973
f 406/625/974 385/626/975 405/624/976 407/627/977
s 7
f 395/605/978 390/592/979 377/573/980 378/574/981
s off
f 404/623/982 408/628/983 407/627/984 405/624/985
f 386/629/986 389/630/987 408/628/988 404/623/989
f 389/631/990 406/632/991 407/627/992 408/628/993
s 6
f 381/579/963 400/615/962 409/633/994 410/634/995 401/616/996
s off
f 403/618/997 402/617/998 401/616/999 410/656/1000
s 5
f 395/605/947 364/555/946 397/608/1001 411/635/1002
s off
f 411/635/1003 397/608/1004 396/655/1005 412/652/1006
s 7
f 390/592/979 395/605/978 411/635/1007 412/653/1008
s 3
f 356/547/867 373/641/1009 367/558/865 366/557/864 387/642/1010 394/643/1011 363/554/1012 354/661/868
f 399/610/914 385/587/913 406/647/1013 389/591/890 390/637/899 409/648/1014 400/649/1015
f 363/554/1012 394/643/1011 403/650/1016 410/651/1017 409/648/1014 390/637/899 412/636/1018 396/607/1019
g default
v 0.476263 0.730174 -3.844348
v 0.482950 0.814359 -3.876784
v 0.465485 0.896983 -3.844348
v 0.434099 0.929647 -3.766041
v 0.407178 0.893216 -3.687735
v 0.400492 0.809031 -3.655299
v 0.417956 0.726407 -3.687735
v 0.449342 0.693743 -3.766041
v 0.697286 0.744455 -3.761718
v 0.703973 0.828640 -3.794153
v 0.686508 0.911265 -3.761718
v 0.655123 0.943928 -3.683411
v 0.628202 0.907497 -3.605105
v 0.621515 0.823312 -3.572669
v 0.638980 0.740688 -3.605105
v 0.670365 0.708024 -3.683412
v 0.441721 0.811695 -3.766041
v 1.050445 0.406076 -3.870641
v 1.043870 0.492262 -3.897335
v 1.053997 0.572645 -3.857085
v 1.074892 0.600136 -3.773471
v 1.094318 0.558633 -3.695471
v 1.100892 0.472447 -3.668778
v 1.090764 0.392064 -3.709027
v 1.069870 0.364573 -3.792640
v 1.411145 0.401592 -4.281759
v 1.380632 0.486232 -4.291191
v 1.497264 0.482018 -4.272486
v 1.418442 0.568404 -4.289665
v 1.502422 0.599971 -4.278077
v 1.583383 0.562444 -4.263215
v 1.613895 0.477802 -4.253783
v 1.576088 0.395631 -4.255307
v 1.492108 0.364065 -4.266895
vt 0.088688 0.934031
vt 0.116207 0.972364
vt 0.162664 0.980105
vt 0.200981 0.952871
vt 0.208905 0.906823
vt 0.182199 0.869380
vt 0.133568 0.859237
vt 0.096046 0.887350
vt 0.046160 0.837749
vt 0.002924 0.835326
vt 0.339134 0.846528
vt 0.290087 0.864182
vt 0.236127 0.872475
vt 0.088663 0.846125
vt 0.057194 0.708433
vt 0.332111 0.703255
vt 0.302891 0.735078
vt 0.267485 0.756100
vt 0.225171 0.761824
vt 0.183870 0.754412
vt 0.149042 0.733873
vt 0.107148 0.714743
vt 0.148652 0.920271
vt 0.137329 0.061003
vt 0.058824 0.450384
vt 0.346510 0.445180
vt 0.304694 0.466092
vt 0.261811 0.485229
vt 0.219552 0.493216
vt 0.178373 0.484421
vt 0.137660 0.470490
vt 0.098637 0.455774
vt 0.076151 0.054182
vt 0.351205 0.176639
vt 0.305911 0.164315
vt 0.265990 0.140068
vt 0.224366 0.117336
vt 0.176694 0.109297
vt 0.129562 0.121656
vt 0.087932 0.148091
vt 0.088990 0.099218
vt 0.045861 0.173597
vt 0.198758 0.067916
vt 0.185417 0.022697
vt 0.144134 0.000001
vt 0.098923 0.013060
vt 0.000000 0.185215
vt 0.019518 0.465340
vt 0.013017 0.721779
vt 0.382083 0.826423
vn 0.346936 -0.361066 -0.865602
vn 0.346936 -0.361066 -0.865602
vn -0.124020 -0.353323 -0.927244
vn -0.278759 -0.332612 -0.900923
vn 0.297586 0.402711 -0.865602
vn 0.297586 0.402711 -0.865602
vn 0.240331 0.406098 -0.881661
vn 0.185393 0.407976 -0.893972
vn 0.073914 0.930582 -0.358544
vn 0.073914 0.930582 -0.358544
vn 0.073914 0.930582 -0.358544
vn 0.073914 0.930582 -0.358544
vn -0.193056 0.913332 0.358544
vn -0.193056 0.913332 0.358544
vn -0.193056 0.913332 0.358544
vn -0.193056 0.913332 0.358544
vn -0.346937 0.361063 0.865603
vn -0.346937 0.361063 0.865603
vn 0.209555 0.335537 0.918423
vn 0.110361 0.348459 0.930804
vn -0.297587 -0.402708 0.865603
vn -0.297587 -0.402708 0.865603
vn -0.160103 -0.408706 0.898513
vn -0.211809 -0.407427 0.888336
vn -0.073914 -0.930582 0.358544
vn -0.073914 -0.930582 0.358544
vn -0.073914 -0.930582 0.358544
vn -0.073914 -0.930582 0.358544
vn 0.193056 -0.913332 -0.358545
vn 0.193056 -0.913332 -0.358545
vn 0.193056 -0.913332 -0.358545
vn 0.193056 -0.913332 -0.358544
vn -0.934971 -0.060412 -0.349542
vn -0.934971 -0.060412 -0.349542
vn -0.934971 -0.060412 -0.349541
vn -0.934971 -0.060412 -0.349541
vn -0.934971 -0.060411 -0.349541
vn -0.934971 -0.060413 -0.349541
vn -0.934972 -0.060412 -0.349540
vn -0.934972 -0.060412 -0.349540
vn -0.934971 -0.060412 -0.349541
vn 0.156234 -0.053577 -0.986266
vn 0.156234 -0.053577 -0.986266
vn 0.156229 -0.053581 -0.986266
vn 0.156232 -0.053581 -0.986266
vn 0.156226 -0.053585 -0.986267
vn 0.156221 -0.053583 -0.986268
vn 0.156220 -0.053586 -0.986268
vn 0.156228 -0.053584 -0.986267
vn 0.156234 -0.053577 -0.986266
vn -0.628097 -0.287425 -0.723105
vn -0.663427 -0.288796 -0.690261
vn -0.296177 0.433345 -0.851170
vn -0.548578 0.405491 -0.731190
vn 0.601885 0.760538 -0.243550
vn 0.601885 0.760538 -0.243550
vn 0.601885 0.760538 -0.243550
vn 0.601885 0.760538 -0.243550
vn 0.617253 0.691879 0.374569
vn 0.617253 0.691879 0.374569
vn 0.617253 0.691879 0.374569
vn 0.617253 0.691879 0.374569
vn 0.627251 0.298741 0.719243
vn 0.583051 0.301114 0.754574
vn 0.531852 -0.405475 0.743454
vn 0.329904 -0.428393 0.841215
vn -0.571354 -0.780725 0.253027
vn -0.571354 -0.780725 0.253027
vn -0.571354 -0.780725 0.253027
vn -0.571354 -0.780725 0.253027
vn -0.682375 -0.640602 -0.352126
vn -0.682375 -0.640602 -0.352126
vn -0.682375 -0.640602 -0.352126
vn -0.682375 -0.640602 -0.352126
vn -0.725266 -0.289555 -0.624618
vn -0.725266 -0.289555 -0.624618
vn -0.707886 0.364272 -0.605147
vn -0.707886 0.364272 -0.605147
vn -0.291883 0.922933 -0.250997
vn -0.291883 0.922933 -0.250997
vn -0.291883 0.922933 -0.250997
vn -0.291883 0.922933 -0.250997
vn 0.379068 0.865684 0.326952
vn 0.379068 0.865684 0.326952
vn 0.379068 0.865684 0.326952
vn 0.379068 0.865684 0.326952
vn 0.721218 0.289644 0.629247
vn 0.721218 0.289644 0.629247
vn 0.699701 -0.364271 0.614593
vn 0.699701 -0.364271 0.614593
vn 0.288971 -0.922968 0.254216
vn 0.288971 -0.922968 0.254216
vn 0.288971 -0.922968 0.254216
vn 0.288971 -0.922968 0.254216
vn -0.377360 -0.865724 -0.328819
vn -0.377360 -0.865724 -0.328819
vn -0.377360 -0.865724 -0.328819
vn -0.377360 -0.865724 -0.328819
s 1
g group11 pCylinder2
usemtl initialShadingGroup
f 413/670/1020 414/671/1021 422/710/1022 421/676/1023
s 2
f 414/711/1024 415/672/1025 423/678/1026 422/677/1027
s off
f 415/672/1028 416/673/1029 424/679/1030 423/678/1031
f 416/673/1032 417/674/1033 425/680/1034 424/679/1035
s 3
f 417/674/1036 418/667/1037 426/681/1038 425/680/1039
s 4
f 418/667/1040 419/668/1041 427/682/1042 426/681/1043
s off
f 419/668/1044 420/675/1045 428/683/1046 427/682/1047
f 420/675/1048 413/670/1049 421/676/1050 428/683/1051
s 5
f 414/663/1052 413/662/1053 429/684/1054
f 415/664/1055 414/663/1052 429/684/1054
f 416/665/1056 415/664/1055 429/684/1054
f 417/666/1057 416/665/1056 429/684/1054
f 418/667/1058 417/666/1057 429/684/1054
f 419/668/1059 418/667/1058 429/684/1054
f 420/669/1060 419/668/1059 429/684/1054
f 413/662/1053 420/669/1060 429/684/1054
s 6
f 438/694/1061 439/707/1062 440/685/1063
f 439/707/1062 441/706/1064 440/685/1063
f 441/706/1064 442/705/1065 440/685/1063
f 442/705/1065 443/704/1066 440/685/1063
f 443/704/1066 444/699/1067 440/685/1063
f 444/699/1067 445/700/1068 440/685/1063
f 445/700/1068 446/702/1069 440/685/1063
f 446/702/1069 438/694/1061 440/685/1063
s 1
f 421/676/1023 422/710/1022 431/709/1070 430/686/1071
s 2
f 422/677/1027 423/678/1026 432/688/1072 431/687/1073
s off
f 423/678/1074 424/679/1075 433/689/1076 432/688/1077
f 424/679/1078 425/680/1079 434/690/1080 433/689/1081
s 3
f 425/680/1039 426/681/1038 435/691/1082 434/690/1083
s 4
f 426/681/1043 427/682/1042 436/692/1084 435/691/1085
s off
f 427/682/1086 428/683/1087 437/693/1088 436/692/1089
f 428/683/1090 421/676/1091 430/686/1092 437/693/1093
s 1
f 430/686/1071 431/709/1070 439/708/1094 438/703/1095
s 2
f 431/687/1073 432/688/1072 441/696/1096 439/695/1097
s off
f 432/688/1098 433/689/1099 442/697/1100 441/696/1101
f 433/689/1102 434/690/1103 443/698/1104 442/697/1105
s 3
f 434/690/1083 435/691/1082 444/699/1106 443/698/1107
s 4
f 435/691/1085 436/692/1084 445/700/1108 444/699/1109
s off
f 436/692/1110 437/693/1111 446/701/1112 445/700/1113
f 437/693/1114 430/686/1115 438/703/1116 446/701/1117
g default
v -0.114122 1.889399 -3.609260
v -0.105054 1.897482 -3.623161
v -0.090674 1.895852 -3.616574
v -0.112156 1.889423 -3.602935
v -0.104695 1.893560 -3.617755
v -0.088708 1.895876 -3.610249
v -0.150407 1.904851 -3.593536
v -0.128079 1.912466 -3.598071
v -0.110483 1.916262 -3.613261
v -0.085709 1.924127 -3.611287
v -0.065667 1.928173 -3.619968
v -0.172616 1.926303 -3.588579
v -0.156869 1.930498 -3.591624
v -0.134541 1.938113 -3.596159
v -0.116945 1.941909 -3.611349
v -0.092170 1.949774 -3.609375
v -0.072129 1.953819 -3.618056
v -0.058219 1.957992 -3.627008
v -0.177158 1.952478 -3.587265
v -0.163331 1.956144 -3.589711
v -0.141003 1.963759 -3.594247
v -0.123407 1.967556 -3.609436
v -0.098633 1.975420 -3.607463
v -0.078590 1.979466 -3.616143
v -0.065822 1.983120 -3.621993
v -0.169793 1.981791 -3.587799
v -0.147465 1.989406 -3.592334
v -0.129868 1.993203 -3.607524
v -0.105094 2.001067 -3.605550
v -0.085052 2.005113 -3.614231
v -0.157624 2.013988 -3.588634
v -0.136330 2.018850 -3.605612
v -0.107499 2.027783 -3.604269
v -0.142792 2.044496 -3.603700
v -0.143533 2.044487 -3.606083
v -0.159950 2.013960 -3.596116
v -0.137071 2.018841 -3.607996
v -0.109825 2.027755 -3.611751
v -0.171759 1.981767 -3.594124
v -0.149431 1.989382 -3.598659
v -0.130610 1.993194 -3.609908
v -0.107061 2.001043 -3.611875
v -0.087019 2.005089 -3.620556
v -0.177936 1.952469 -3.589769
v -0.165297 1.956121 -3.596036
v -0.142969 1.963736 -3.600572
v -0.124148 1.967547 -3.611820
v -0.100599 1.975397 -3.613788
v -0.080557 1.979442 -3.622468
v -0.066600 1.983110 -3.624497
v -0.173394 1.926294 -3.591083
v -0.158836 1.930474 -3.597949
v -0.136507 1.938089 -3.602484
v -0.117686 1.941900 -3.613733
v -0.094137 1.949750 -3.615700
v -0.074095 1.953796 -3.624380
v -0.152374 1.904827 -3.599861
v -0.130045 1.912442 -3.604396
v -0.111224 1.916253 -3.615645
v -0.087675 1.924103 -3.617612
v -0.067633 1.928149 -3.626293
v -0.153196 1.851363 -3.682038
v -0.156528 1.843415 -3.673986
v -0.153375 1.838328 -3.672363
v -0.142992 1.834902 -3.676786
v -0.139660 1.842850 -3.684839
v -0.142813 1.847936 -3.686461
v -0.142996 1.866244 -3.664255
v -0.146851 1.857900 -3.656866
v -0.144545 1.852170 -3.656315
v -0.135531 1.847704 -3.662473
v -0.131676 1.856049 -3.669862
v -0.133983 1.861778 -3.670413
v -0.128163 1.869376 -3.651009
v -0.131630 1.861296 -3.643148
v -0.128695 1.855994 -3.641835
v -0.118664 1.852220 -3.646760
v -0.115198 1.860301 -3.654620
v -0.118133 1.865602 -3.655934
v -0.115704 1.874992 -3.637848
v -0.118670 1.867637 -3.629118
v -0.114926 1.863510 -3.626398
v -0.103587 1.861637 -3.629047
v -0.100620 1.868991 -3.637777
v -0.104364 1.873118 -3.640497
vt 0.679508 0.322784
vt 0.665343 0.363231
vt 0.628542 0.360776
vt 0.704828 0.324204
vt 0.702042 0.361139
vt 0.731269 0.325184
vt 0.742305 0.366521
vt 0.776371 0.366717
vt 0.627828 0.400775
vt 0.602462 0.400289
vt 0.664375 0.403828
vt 0.700380 0.402168
vt 0.740004 0.406978
vt 0.773937 0.406685
vt 0.800003 0.408197
vt 0.626563 0.441016
vt 0.604475 0.440489
vt 0.662937 0.444400
vt 0.698739 0.442974
vt 0.738147 0.447499
vt 0.771927 0.446915
vt 0.793981 0.448179
vt 0.625057 0.481292
vt 0.661333 0.484904
vt 0.697092 0.483604
vt 0.736460 0.487991
vt 0.770168 0.487183
vt 0.653373 0.525121
vt 0.695433 0.524123
vt 0.741147 0.528722
vt 0.693774 0.564578
vt 0.896999 0.072200
vt 0.891519 0.112554
vt 0.851722 0.104930
vt 0.935747 0.116410
vt 0.853516 0.145938
vt 0.817213 0.143952
vt 0.886469 0.153076
vt 0.923984 0.155658
vt 0.956921 0.162687
vt 0.812494 0.183246
vt 0.790459 0.180236
vt 0.848650 0.186186
vt 0.881248 0.193854
vt 0.918583 0.196119
vt 0.951489 0.202771
vt 0.973424 0.205415
vt 0.807089 0.222268
vt 0.782012 0.218232
vt 0.843016 0.226530
vt 0.875449 0.235031
vt 0.913206 0.236804
vt 0.946671 0.242856
vt 0.972343 0.246006
vt 0.799523 0.260021
vt 0.835577 0.266635
vt 0.868727 0.276789
vt 0.907654 0.277266
vt 0.941049 0.281993
vt 0.838613 0.309394
vt 0.867036 0.310196
vt 0.890542 0.317084
vt 0.900215 0.070073
vt 0.946075 0.110359
vt 0.966325 0.158894
vt 0.977351 0.204798
vt 0.947784 0.289370
vt 0.896242 0.325503
vt 0.843145 0.096540
vt 0.894326 0.069433
vt 0.809117 0.137900
vt 0.786742 0.178802
vt 0.778109 0.218414
vt 0.790648 0.264670
vt 0.830547 0.315620
vt 0.824467 0.782706
vt 0.806060 0.782564
vt 0.808891 0.748527
vt 0.827127 0.747075
vt 0.796625 0.784447
vt 0.799247 0.749931
vt 0.777902 0.787825
vt 0.779673 0.752446
vt 0.758328 0.785156
vt 0.759797 0.749767
vt 0.749097 0.781852
vt 0.750031 0.747234
vt 0.731521 0.777583
vt 0.731936 0.742660
vt 0.806649 0.718666
vt 0.824691 0.718140
vt 0.797717 0.717461
vt 0.781152 0.714996
vt 0.764237 0.714760
vt 0.755418 0.715273
vt 0.738144 0.715105
vt 0.807357 0.686126
vt 0.824862 0.689359
vt 0.798854 0.683341
vt 0.782685 0.681541
vt 0.766541 0.678754
vt 0.757792 0.681044
vt 0.740763 0.685474
vt 0.817848 0.640272
vt 0.844715 0.649269
vt 0.812188 0.631489
vt 0.785806 0.633901
vt 0.763331 0.617704
vt 0.756796 0.625744
vt 0.736672 0.640273
vn 0.216977 -0.055759 0.974583
vn 0.454242 0.054783 0.889192
vn 0.206916 -0.027359 0.977976
vn 0.722960 0.208366 0.658721
vn 0.722960 0.208366 0.658721
vn 0.294484 0.035139 0.955010
vn 0.454242 0.054783 0.889192
vn -0.207449 -0.077478 0.975173
vn -0.207449 -0.077478 0.975173
vn 0.130946 -0.038719 0.990633
vn 0.294484 0.035139 0.955010
vn 0.398898 -0.008633 0.916955
vn 0.407832 0.027400 0.912646
vn 0.130946 -0.038719 0.990633
vn 0.206916 -0.027359 0.977976
vn 0.200874 -0.021408 0.979383
vn 0.190075 -0.021882 0.981526
vn 0.206916 -0.027359 0.977976
vn 0.454242 0.054783 0.889192
vn 0.432900 0.041931 0.900466
vn 0.200874 -0.021408 0.979383
vn 0.454242 0.054783 0.889192
vn 0.294484 0.035139 0.955010
vn 0.296865 0.003596 0.954913
vn 0.432900 0.041931 0.900466
vn 0.294484 0.035139 0.955010
vn 0.130946 -0.038719 0.990633
vn 0.156777 -0.034096 0.987045
vn 0.296865 0.003596 0.954913
vn 0.130946 -0.038719 0.990633
vn 0.407832 0.027400 0.912646
vn 0.430081 0.031391 0.902244
vn 0.156777 -0.034096 0.987045
vn 0.407832 0.027400 0.912646
vn 0.493848 0.028810 0.869071
vn 0.430081 0.031391 0.902244
vn 0.190075 -0.021882 0.981526
vn 0.200874 -0.021408 0.979383
vn 0.199447 -0.021774 0.979667
vn 0.186407 -0.022704 0.982210
vn 0.200874 -0.021408 0.979383
vn 0.432900 0.041931 0.900466
vn 0.432900 0.041931 0.900466
vn 0.199447 -0.021774 0.979667
vn 0.432900 0.041931 0.900466
vn 0.296865 0.003596 0.954913
vn 0.296865 0.003596 0.954913
vn 0.432900 0.041931 0.900466
vn 0.296865 0.003596 0.954913
vn 0.156777 -0.034096 0.987045
vn 0.156778 -0.034097 0.987045
vn 0.296865 0.003596 0.954913
vn 0.156777 -0.034096 0.987045
vn 0.430081 0.031391 0.902244
vn 0.415228 0.026946 0.909318
vn 0.156778 -0.034097 0.987045
vn 0.430081 0.031391 0.902244
vn 0.493848 0.028810 0.869071
vn 0.465326 0.018748 0.884941
vn 0.415228 0.026946 0.909318
vn 0.186407 -0.022704 0.982210
vn 0.199447 -0.021774 0.979667
vn 0.206562 -0.028710 0.978012
vn 0.199447 -0.021774 0.979667
vn 0.432900 0.041931 0.900466
vn 0.472855 0.055128 0.879414
vn 0.206562 -0.028710 0.978012
vn 0.432900 0.041931 0.900466
vn 0.296865 0.003596 0.954913
vn 0.294539 0.012719 0.955555
vn 0.472855 0.055128 0.879414
vn 0.296865 0.003596 0.954913
vn 0.156778 -0.034097 0.987045
vn 0.115160 -0.043702 0.992385
vn 0.294539 0.012719 0.955555
vn 0.156778 -0.034097 0.987045
vn 0.415228 0.026946 0.909318
vn 0.615423 0.308006 0.725525
vn 0.115160 -0.043702 0.992385
vn 0.415228 0.026946 0.909318
vn 0.465326 0.018748 0.884941
vn 0.615423 0.308006 0.725525
vn 0.206562 -0.028710 0.978012
vn 0.472855 0.055128 0.879414
vn 0.556136 0.084405 0.826794
vn 0.472855 0.055128 0.879414
vn 0.294539 0.012719 0.955555
vn 0.293957 0.015811 0.955688
vn 0.556136 0.084405 0.826794
vn 0.294539 0.012719 0.955555
vn 0.115160 -0.043702 0.992385
vn 0.253327 0.266218 0.930029
vn 0.293957 0.015811 0.955688
vn 0.115160 -0.043702 0.992385
vn 0.615423 0.308006 0.725525
vn 0.253327 0.266218 0.930029
vn 0.556136 0.084405 0.826794
vn 0.293957 0.015811 0.955688
vn 0.461629 0.448912 0.765100
vn 0.293957 0.015811 0.955688
vn 0.253327 0.266218 0.930029
vn 0.461629 0.448912 0.765100
vn -0.084973 0.378549 -0.921673
vn -0.292581 -0.020910 -0.956012
vn -0.422194 -0.057754 -0.904664
vn -0.084973 0.378549 -0.921673
vn 0.089651 0.356461 -0.929999
vn -0.292581 -0.020910 -0.956012
vn -0.422194 -0.057754 -0.904664
vn -0.373268 -0.035401 -0.927048
vn -0.221445 0.015384 -0.975052
vn -0.422194 -0.057754 -0.904664
vn -0.292581 -0.020910 -0.956012
vn -0.293596 -0.016522 -0.955787
vn -0.373268 -0.035401 -0.927048
vn -0.292581 -0.020910 -0.956012
vn 0.089651 0.356461 -0.929999
vn -0.216149 0.008076 -0.976327
vn -0.293596 -0.016522 -0.955787
vn 0.089651 0.356461 -0.929999
vn -0.084107 0.265307 -0.960488
vn -0.216149 0.008076 -0.976327
vn -0.221445 0.015384 -0.975052
vn -0.279784 0.002370 -0.960060
vn -0.428294 -0.036161 -0.902916
vn -0.221445 0.015384 -0.975052
vn -0.373268 -0.035401 -0.927048
vn -0.353391 -0.019303 -0.935276
vn -0.279784 0.002370 -0.960060
vn -0.373268 -0.035401 -0.927048
vn -0.293596 -0.016522 -0.955787
vn -0.296865 -0.003596 -0.954913
vn -0.353391 -0.019303 -0.935276
vn -0.293596 -0.016522 -0.955787
vn -0.216149 0.008076 -0.976327
vn -0.240319 0.011822 -0.970622
vn -0.296865 -0.003596 -0.954913
vn -0.216149 0.008076 -0.976327
vn -0.084107 0.265307 -0.960488
vn -0.315400 -0.007364 -0.948930
vn -0.240319 0.011822 -0.970622
vn -0.084107 0.265307 -0.960488
vn -0.161276 0.037326 -0.986203
vn -0.315400 -0.007364 -0.948930
vn -0.428294 -0.036161 -0.902916
vn -0.279784 0.002370 -0.960060
vn -0.280034 0.002283 -0.959988
vn -0.424140 -0.035154 -0.904914
vn -0.279784 0.002370 -0.960060
vn -0.353391 -0.019303 -0.935276
vn -0.353392 -0.019302 -0.935276
vn -0.280034 0.002283 -0.959988
vn -0.353391 -0.019303 -0.935276
vn -0.296865 -0.003596 -0.954913
vn -0.296865 -0.003596 -0.954913
vn -0.353392 -0.019302 -0.935276
vn -0.296865 -0.003596 -0.954913
vn -0.240319 0.011822 -0.970622
vn -0.240320 0.011823 -0.970622
vn -0.296865 -0.003596 -0.954913
vn -0.240319 0.011822 -0.970622
vn -0.315400 -0.007364 -0.948930
vn -0.315118 -0.007306 -0.949024
vn -0.240320 0.011823 -0.970622
vn -0.315400 -0.007364 -0.948930
vn -0.161276 0.037326 -0.986203
vn -0.165741 0.035961 -0.985513
vn -0.315118 -0.007306 -0.949024
vn -0.424140 -0.035154 -0.904914
vn -0.280034 0.002283 -0.959988
vn -0.228362 0.021622 -0.973336
vn -0.280034 0.002283 -0.959988
vn -0.353392 -0.019302 -0.935276
vn -0.380408 -0.020808 -0.924585
vn -0.228362 0.021622 -0.973336
vn -0.353392 -0.019302 -0.935276
vn -0.296865 -0.003596 -0.954913
vn -0.314275 -0.000872 -0.949332
vn -0.380408 -0.020808 -0.924585
vn -0.296865 -0.003596 -0.954913
vn -0.240320 0.011823 -0.970622
vn -0.215293 0.033590 -0.975972
vn -0.314275 -0.000872 -0.949332
vn -0.240320 0.011823 -0.970622
vn -0.315118 -0.007306 -0.949024
vn -0.372026 -0.017183 -0.928063
vn -0.215293 0.033590 -0.975972
vn -0.315118 -0.007306 -0.949024
vn -0.165741 0.035961 -0.985513
vn -0.372026 -0.017183 -0.928063
vn -0.228362 0.021622 -0.973336
vn -0.380408 -0.020808 -0.924585
vn -0.216976 0.055759 -0.974583
vn -0.380408 -0.020808 -0.924585
vn -0.314275 -0.000872 -0.949332
vn -0.638690 -0.112073 -0.761259
vn -0.638691 -0.112073 -0.761258
vn -0.314275 -0.000872 -0.949332
vn -0.215293 0.033590 -0.975972
vn 0.096681 0.142222 -0.985102
vn 0.096681 0.142222 -0.985102
vn -0.215293 0.033590 -0.975972
vn -0.372026 -0.017183 -0.928063
vn -0.398896 0.008630 -0.916955
vn 0.089651 0.356461 -0.929999
vn -0.084973 0.378549 -0.921673
vn 0.461629 0.448912 0.765100
vn 0.253327 0.266218 0.930029
vn -0.084107 0.265307 -0.960488
vn 0.089651 0.356461 -0.929999
vn 0.253327 0.266218 0.930029
vn 0.615423 0.308006 0.725525
vn 0.744950 0.624756 -0.233943
vn -0.084107 0.265307 -0.960488
vn 0.615423 0.308006 0.725525
vn 0.742813 0.627539 -0.233290
vn 0.901432 0.328927 -0.281474
vn 0.744950 0.624756 -0.233943
vn 0.742813 0.627539 -0.233290
vn 0.810194 -0.530232 -0.249878
vn 0.912817 -0.294731 -0.282666
vn 0.805959 -0.537272 -0.248534
vn 0.757117 -0.610286 -0.233076
vn 0.810194 -0.530232 -0.249878
vn 0.805959 -0.537272 -0.248534
vn 0.757117 -0.610286 -0.233076
vn -0.815730 0.520831 0.251635
vn -0.865026 0.424581 0.267322
vn -0.868408 0.416927 0.268403
vn -0.815730 0.520831 0.251635
vn -0.865026 0.424581 0.267322
vn -0.908813 0.308041 0.281372
vn -0.908244 0.309881 0.281189
vn -0.868408 0.416927 0.268403
vn -0.908813 0.308041 0.281372
vn -0.949668 0.105845 0.294836
vn -0.949749 0.105034 0.294864
vn -0.908244 0.309881 0.281189
vn -0.949668 0.105845 0.294836
vn -0.778804 -0.577741 0.244292
vn -0.779465 -0.576764 0.244494
vn -0.949749 0.105034 0.294864
vn -0.778804 -0.577741 0.244292
vn -0.459460 -0.876093 0.146139
vn -0.455096 -0.878592 0.144791
vn -0.779465 -0.576764 0.244494
vn -0.459460 -0.876093 0.146139
vn -0.347986 -0.930823 0.111690
vn -0.347986 -0.930823 0.111690
vn -0.455096 -0.878592 0.144791
vn -0.933794 0.356574 -0.029718
vn -0.939257 0.340123 -0.045974
vn -0.762860 0.588151 0.268556
vn -0.758095 0.591566 0.274485
vn -0.756717 -0.282595 0.589507
vn -0.764692 -0.300741 0.569913
vn -0.697514 -0.217149 0.682876
vn -0.691701 -0.213066 0.690038
vn 0.074453 -0.691703 0.718334
vn 0.089714 -0.654776 0.750480
vn -0.051228 -0.840068 0.540057
vn -0.062474 -0.848025 0.526261
vn 0.950227 -0.298266 0.090035
vn 0.944606 -0.320957 0.068604
vn 0.755255 -0.593507 -0.278098
vn 0.762459 -0.588381 -0.269191
vn 0.767819 0.305896 -0.562923
vn 0.759142 0.285329 -0.585057
vn 0.690922 0.212570 -0.690971
vn 0.697712 0.217351 -0.682610
vn -0.078764 0.673988 -0.734531
vn -0.065629 0.703821 -0.707339
vn 0.060373 0.846666 -0.528688
vn 0.051632 0.840486 -0.539368
vn -0.758095 0.591566 0.274485
vn -0.762860 0.588151 0.268556
vn -0.623878 0.669080 0.403867
vn -0.617592 0.670798 0.410621
vn -0.691701 -0.213066 0.690038
vn -0.697514 -0.217149 0.682876
vn -0.664963 -0.180208 0.724810
vn -0.657458 -0.179283 0.731851
vn -0.062474 -0.848025 0.526261
vn -0.051228 -0.840068 0.540057
vn -0.096396 -0.883788 0.457850
vn -0.108333 -0.887628 0.447639
vn 0.762459 -0.588381 -0.269191
vn 0.755255 -0.593507 -0.278098
vn 0.659617 -0.652102 -0.373723
vn 0.665821 -0.649626 -0.366971
vn 0.697712 0.217351 -0.682610
vn 0.690922 0.212570 -0.690971
vn 0.662024 0.183107 -0.726771
vn 0.669264 0.184639 -0.719718
vn 0.051632 0.840486 -0.539368
vn 0.060373 0.846666 -0.528688
vn 0.120302 0.895353 -0.428801
vn 0.107373 0.892370 -0.438345
vn -0.617592 0.670798 0.410621
vn -0.623878 0.669080 0.403867
vn -0.849858 0.526979 -0.005776
vn -0.846878 0.531770 0.004187
vn -0.657458 -0.179283 0.731851
vn -0.664963 -0.180208 0.724810
vn -0.812950 -0.234486 0.533037
vn -0.792953 -0.226087 0.565783
vn -0.108333 -0.887628 0.447639
vn -0.096396 -0.883788 0.457850
vn 0.427239 -0.632600 0.645975
vn 0.392672 -0.659508 0.640982
vn 0.665821 -0.649626 -0.366971
vn 0.659617 -0.652102 -0.373723
vn 0.634928 -0.714024 0.295019
vn 0.641532 -0.715141 0.277508
vn 0.669264 0.184639 -0.719718
vn 0.662024 0.183107 -0.726771
vn 0.782809 0.135513 -0.607327
vn 0.810249 0.117379 -0.574212
vn 0.107373 0.892370 -0.438345
vn 0.120302 0.895353 -0.428801
vn 0.144589 0.730894 -0.666999
vn 0.165396 0.676882 -0.717269
vn -0.846878 0.531770 0.004187
vn -0.849858 0.526979 -0.005776
vn -0.882950 0.437052 -0.171418
vn -0.882950 0.437052 -0.171418
vn -0.792953 -0.226087 0.565783
vn -0.812950 -0.234486 0.533037
vn -0.865499 -0.257552 0.429625
vn -0.865499 -0.257552 0.429625
vn 0.392672 -0.659508 0.640982
vn 0.427239 -0.632600 0.645975
vn 0.647834 -0.405969 0.644593
vn 0.647834 -0.405969 0.644593
vn 0.641532 -0.715141 0.277508
vn 0.634928 -0.714024 0.295019
vn 0.335179 -0.561162 0.756804
vn 0.335179 -0.561162 0.756804
vn 0.810249 0.117379 -0.574212
vn 0.782809 0.135513 -0.607327
vn 0.858968 0.081042 -0.505576
vn 0.858968 0.081042 -0.505576
vn 0.165396 0.676882 -0.717269
vn 0.144589 0.730894 -0.666999
vn 0.199744 0.571820 -0.795691
vn 0.199745 0.571820 -0.795691
s off
g group11 polySurface42
usemtl lambert1SG
f 450/712/1118 454/713/1119 453/714/1120
f 450/712/1121 451/715/1122 455/716/1123 454/713/1124
f 451/715/1125 452/717/1126 456/718/1127 455/716/1128
f 452/717/1129 457/719/1130 456/718/1131
f 453/714/1132 459/720/1133 458/721/1134
f 453/714/1135 454/713/1136 460/722/1137 459/720/1138
f 454/713/1139 455/716/1140 461/723/1141 460/722/1142
f 455/716/1143 456/718/1144 462/724/1145 461/723/1146
f 456/718/1147 457/719/1148 463/725/1149 462/724/1150
f 457/719/1151 464/726/1152 463/725/1153
f 458/721/1154 459/720/1155 466/727/1156 465/728/1157
f 459/720/1158 460/722/1159 467/729/1160 466/727/1161
f 460/722/1162 461/723/1163 468/730/1164 467/729/1165
f 461/723/1166 462/724/1167 469/731/1168 468/730/1169
f 462/724/1170 463/725/1171 470/732/1172 469/731/1173
f 463/725/1174 464/726/1175 471/733/1176 470/732/1177
f 465/728/1178 466/727/1179 472/734/1180
f 466/727/1181 467/729/1182 473/735/1183 472/734/1184
f 467/729/1185 468/730/1186 474/736/1187 473/735/1188
f 468/730/1189 469/731/1190 475/737/1191 474/736/1192
f 469/731/1193 470/732/1194 476/738/1195 475/737/1196
f 470/732/1197 471/733/1198 476/738/1199
f 472/734/1200 473/735/1201 477/739/1202
f 473/735/1203 474/736/1204 478/740/1205 477/739/1206
f 474/736/1207 475/737/1208 479/741/1209 478/740/1210
f 475/737/1211 476/738/1212 479/741/1213
f 477/739/1214 478/740/1215 480/742/1216
f 478/740/1217 479/741/1218 480/742/1219
f 481/743/1220 483/744/1221 482/745/1222
f 481/743/1223 484/746/1224 483/744/1225
f 482/745/1226 486/747/1227 485/748/1228
f 482/745/1229 483/744/1230 487/749/1231 486/747/1232
f 483/744/1233 484/746/1234 488/750/1235 487/749/1236
f 484/746/1237 489/751/1238 488/750/1239
f 485/748/1240 491/752/1241 490/753/1242
f 485/748/1243 486/747/1244 492/754/1245 491/752/1246
f 486/747/1247 487/749/1248 493/755/1249 492/754/1250
f 487/749/1251 488/750/1252 494/756/1253 493/755/1254
f 488/750/1255 489/751/1256 495/757/1257 494/756/1258
f 489/751/1259 496/758/1260 495/757/1261
f 490/753/1262 491/752/1263 498/759/1264 497/760/1265
f 491/752/1266 492/754/1267 499/761/1268 498/759/1269
f 492/754/1270 493/755/1271 500/762/1272 499/761/1273
f 493/755/1274 494/756/1275 501/763/1276 500/762/1277
f 494/756/1278 495/757/1279 502/764/1280 501/763/1281
f 495/757/1282 496/758/1283 464/765/1284 502/764/1285
f 497/760/1286 498/759/1287 503/766/1288
f 498/759/1289 499/761/1290 504/767/1291 503/766/1292
f 499/761/1293 500/762/1294 505/768/1295 504/767/1296
f 500/762/1297 501/763/1298 506/769/1299 505/768/1300
f 501/763/1301 502/764/1302 507/770/1303 506/769/1304
f 502/764/1305 464/765/1306 507/770/1307
f 503/766/1308 504/767/1309 447/771/1310
f 504/767/1311 505/768/1312 448/772/1313 447/771/1314
f 505/768/1315 506/769/1316 449/773/1317 448/772/1318
f 506/769/1319 507/770/1320 449/773/1321
f 484/746/1322 481/743/1323 480/774/1324 479/775/1325
f 489/751/1326 484/746/1327 479/775/1328 476/776/1329
f 496/758/1330 489/751/1331 476/776/1332 471/777/1333
f 464/765/1334 496/758/1335 471/777/1336
f 507/770/1337 464/765/1338 457/778/1339
f 449/773/1340 507/770/1341 457/778/1342 452/779/1343
f 481/743/1344 482/745/1345 477/780/1346 480/781/1347
f 482/745/1348 485/748/1349 472/782/1350 477/780/1351
f 485/748/1352 490/753/1353 465/783/1354 472/782/1355
f 490/753/1356 497/760/1357 458/784/1358 465/783/1359
f 497/760/1360 503/766/1361 453/785/1362 458/784/1363
f 503/766/1364 447/771/1365 450/786/1366 453/785/1367
f 508/787/1368 509/788/1369 515/789/1370 514/790/1371
f 509/788/1372 510/791/1373 516/792/1374 515/789/1375
f 510/791/1376 511/793/1377 517/794/1378 516/792/1379
f 511/793/1380 512/795/1381 518/796/1382 517/794/1383
f 512/795/1384 513/797/1385 519/798/1386 518/796/1387
f 513/797/1388 508/799/1389 514/800/1390 519/798/1391
f 514/790/1392 515/789/1393 521/801/1394 520/802/1395
f 515/789/1396 516/792/1397 522/803/1398 521/801/1399
f 516/792/1400 517/794/1401 523/804/1402 522/803/1403
f 517/794/1404 518/796/1405 524/805/1406 523/804/1407
f 518/796/1408 519/798/1409 525/806/1410 524/805/1411
f 519/798/1412 514/800/1413 520/807/1414 525/806/1415
f 520/802/1416 521/801/1417 527/808/1418 526/809/1419
f 521/801/1420 522/803/1421 528/810/1422 527/808/1423
f 522/803/1424 523/804/1425 529/811/1426 528/810/1427
f 523/804/1428 524/805/1429 530/812/1430 529/811/1431
f 524/805/1432 525/806/1433 531/813/1434 530/812/1435
f 525/806/1436 520/807/1437 526/814/1438 531/813/1439
f 526/809/1440 527/808/1441 447/815/1442 448/816/1443
f 527/808/1444 528/810/1445 450/817/1446 447/815/1447
f 528/810/1448 529/811/1449 451/818/1450 450/817/1451
f 529/811/1452 530/812/1453 452/819/1454 451/818/1455
f 530/812/1456 531/813/1457 449/820/1458 452/819/1459
f 531/813/1460 526/814/1461 448/821/1462 449/820/1463
g default
v -0.494046 2.399078 -3.631975
v -0.528059 2.399078 -3.616490
v -0.523083 2.399078 -3.583995
v -0.485995 2.399078 -3.579398
v -0.468049 2.399078 -3.609051
v -0.490462 2.422866 -3.649153
v -0.545496 2.422866 -3.624097
v -0.537444 2.422866 -3.571519
v -0.477434 2.422866 -3.564080
v -0.448397 2.422866 -3.612060
v -0.490462 2.452269 -3.649153
v -0.545496 2.452269 -3.624097
v -0.537444 2.452269 -3.571519
v -0.477434 2.452269 -3.564080
v -0.448397 2.452269 -3.612060
v -0.494046 2.476057 -3.631975
v -0.528059 2.476057 -3.616490
v -0.523083 2.476057 -3.583995
v -0.485995 2.476057 -3.579398
v -0.468049 2.476057 -3.609051
v -0.499847 2.389992 -3.604182
v -0.499847 2.485143 -3.604182
vt 0.000000 0.200000
vt 0.200000 0.200000
vt 0.400000 0.200000
vt 0.600000 0.200000
vt 0.800000 0.200000
vt 1.000000 0.200000
vt 0.000000 0.400000
vt 0.200000 0.400000
vt 0.400000 0.400000
vt 0.600000 0.400000
vt 0.800000 0.400000
vt 1.000000 0.400000
vt 0.000000 0.600000
vt 0.200000 0.600000
vt 0.400000 0.600000
vt 0.600000 0.600000
vt 0.800000 0.600000
vt 1.000000 0.600000
vt 0.000000 0.800000
vt 0.200000 0.800000
vt 0.400000 0.800000
vt 0.600000 0.800000
vt 0.800000 0.800000
vt 1.000000 0.800000
vt 0.100000 0.000000
vt 0.300000 0.000000
vt 0.500000 0.000000
vt 0.700000 0.000000
vt 0.900000 0.000000
vt 0.100000 1.000000
vt 0.300000 1.000000
vt 0.500000 1.000000
vt 0.700000 1.000000
vt 0.900000 1.000000
vn -0.356130 -0.511183 -0.782217
vn -0.356130 -0.511183 -0.782217
vn -0.356130 -0.511183 -0.782217
vn -0.356130 -0.511183 -0.782217
vn -0.818860 -0.560129 0.125396
vn -0.818860 -0.560129 0.125396
vn -0.818860 -0.560129 0.125396
vn -0.818860 -0.560129 0.125396
vn -0.105730 -0.511183 0.852944
vn -0.105730 -0.511183 0.852944
vn -0.105730 -0.511183 0.852944
vn -0.105730 -0.511183 0.852944
vn 0.720168 -0.539822 0.435832
vn 0.720168 -0.539822 0.435832
vn 0.720168 -0.539822 0.435832
vn 0.720168 -0.539822 0.435832
vn 0.556742 -0.539822 -0.631372
vn 0.556742 -0.539822 -0.631372
vn 0.556742 -0.539822 -0.631372
vn 0.556742 -0.539822 -0.631372
vn -0.414359 -0.000000 -0.910113
vn -0.414359 -0.000000 -0.910113
vn -0.414359 -0.000000 -0.910113
vn -0.414359 -0.000000 -0.910113
vn -0.988477 0.000000 0.151371
vn -0.988477 0.000000 0.151371
vn -0.988477 0.000000 0.151371
vn -0.988477 0.000000 0.151371
vn -0.123017 0.000000 0.992405
vn -0.123017 0.000000 0.992405
vn -0.123017 0.000000 0.992405
vn -0.123017 0.000000 0.992405
vn 0.855531 0.000000 0.517751
vn 0.855531 0.000000 0.517751
vn 0.855531 0.000000 0.517751
vn 0.855531 0.000000 0.517751
vn 0.661387 -0.000000 -0.750045
vn 0.661387 -0.000000 -0.750045
vn 0.661387 -0.000000 -0.750045
vn 0.661387 -0.000000 -0.750045
vn -0.356130 0.511183 -0.782217
vn -0.356130 0.511183 -0.782217
vn -0.356130 0.511183 -0.782217
vn -0.356130 0.511183 -0.782217
vn -0.818860 0.560129 0.125396
vn -0.818860 0.560129 0.125396
vn -0.818860 0.560129 0.125396
vn -0.818860 0.560129 0.125396
vn -0.105730 0.511183 0.852944
vn -0.105730 0.511183 0.852944
vn -0.105730 0.511183 0.852944
vn -0.105730 0.511183 0.852944
vn 0.720168 0.539822 0.435832
vn 0.720168 0.539822 0.435832
vn 0.720168 0.539822 0.435832
vn 0.720168 0.539822 0.435832
vn 0.556742 0.539822 -0.631372
vn 0.556742 0.539822 -0.631372
vn 0.556742 0.539822 -0.631372
vn 0.556742 0.539822 -0.631372
vn -0.152863 -0.929464 -0.335753
vn -0.152863 -0.929464 -0.335753
vn -0.152863 -0.929464 -0.335753
vn -0.325824 -0.944113 0.049895
vn -0.325824 -0.944113 0.049895
vn -0.325824 -0.944113 0.049895
vn -0.045383 -0.929464 0.366112
vn -0.045383 -0.929464 0.366112
vn -0.045383 -0.929464 0.366112
vn 0.295546 -0.938436 0.178859
vn 0.295546 -0.938436 0.178859
vn 0.295546 -0.938436 0.178859
vn 0.228478 -0.938436 -0.259105
vn 0.228478 -0.938436 -0.259105
vn 0.228478 -0.938436 -0.259105
vn -0.152863 0.929464 -0.335753
vn -0.152863 0.929464 -0.335753
vn -0.152863 0.929464 -0.335753
vn -0.325824 0.944113 0.049895
vn -0.325824 0.944113 0.049895
vn -0.325824 0.944113 0.049895
vn -0.045383 0.929464 0.366112
vn -0.045383 0.929464 0.366112
vn -0.045383 0.929464 0.366112
vn 0.295546 0.938436 0.178859
vn 0.295546 0.938436 0.178859
vn 0.295546 0.938436 0.178859
vn 0.228478 0.938436 -0.259105
vn 0.228478 0.938436 -0.259105
vn 0.228478 0.938436 -0.259105
s off
g group11 pSphere2
usemtl lambert1SG
f 532/822/1464 533/823/1465 538/829/1466 537/828/1467
f 533/823/1468 534/824/1469 539/830/1470 538/829/1471
f 534/824/1472 535/825/1473 540/831/1474 539/830/1475
f 535/825/1476 536/826/1477 541/832/1478 540/831/1479
f 536/826/1480 532/827/1481 537/833/1482 541/832/1483
f 537/828/1484 538/829/1485 543/835/1486 542/834/1487
f 538/829/1488 539/830/1489 544/836/1490 543/835/1491
f 539/830/1492 540/831/1493 545/837/1494 544/836/1495
f 540/831/1496 541/832/1497 546/838/1498 545/837/1499
f 541/832/1500 537/833/1501 542/839/1502 546/838/1503
f 542/834/1504 543/835/1505 548/841/1506 547/840/1507
f 543/835/1508 544/836/1509 549/842/1510 548/841/1511
f 544/836/1512 545/837/1513 550/843/1514 549/842/1515
f 545/837/1516 546/838/1517 551/844/1518 550/843/1519
f 546/838/1520 542/839/1521 547/845/1522 551/844/1523
f 533/823/1524 532/822/1525 552/846/1526
f 534/824/1527 533/823/1528 552/847/1529
f 535/825/1530 534/824/1531 552/848/1532
f 536/826/1533 535/825/1534 552/849/1535
f 532/827/1536 536/826/1537 552/850/1538
f 547/840/1539 548/841/1540 553/851/1541
f 548/841/1542 549/842/1543 553/852/1544
f 549/842/1545 550/843/1546 553/853/1547
f 550/843/1548 551/844/1549 553/854/1550
f 551/844/1551 547/845/1552 553/855/1553
g default
v -0.344336 1.945338 -3.802913
v -0.310512 1.778156 -3.711678
v -0.303119 1.923431 -3.564843
v -0.332868 1.795474 -3.554085
v -0.339647 1.843633 -3.727071
v -0.332699 1.855390 -3.558181
v -0.326932 1.933476 -3.683769
v -0.305543 2.240539 -3.669846
v -0.288187 2.264812 -3.803759
v -0.334181 2.140755 -3.864651
v -0.273720 2.045925 -3.570342
v -0.268400 2.090794 -3.710831
v -0.296197 1.788466 -3.619078
v -0.339259 2.041956 -3.842897
v -0.278293 2.177803 -3.757294
v -0.400175 2.262277 -3.672447
v -0.391497 2.296104 -3.807502
v -0.395643 2.574881 -3.761082
v -0.385874 2.331516 -3.687912
v -0.395643 2.544438 -3.621280
v -0.420391 2.290879 -3.602718
v -0.357217 2.427218 -3.784002
v -0.364919 2.374920 -3.618046
v -0.404109 2.549609 -3.797968
v -0.354997 2.487101 -3.618532
v -0.379198 2.355859 -3.608648
v -0.427291 2.364452 -3.567186
v -0.357781 2.403783 -3.725133
v -0.360906 2.491566 -3.792672
v -0.343352 2.489370 -3.741692
v -0.404019 2.402228 -3.778213
v -0.371545 2.379367 -3.735960
v -0.343446 2.487815 -3.680064
v -0.353870 2.389351 -3.671590
v -0.395643 2.559659 -3.691180
v -0.412607 2.352370 -3.587507
v -0.404019 2.296630 -3.775917
v -0.386623 2.283331 -3.736086
v -0.386623 2.374203 -3.741774
v -0.404019 2.270033 -3.696254
v -0.404019 2.337484 -3.710336
v -0.401618 2.429933 -3.808112
v -0.300287 1.848857 -3.635250
v -0.378265 1.772536 -3.730915
v -0.264862 1.607408 -3.533057
v -0.243355 1.569216 -3.733803
v -0.310512 1.778156 -3.711678
v -0.218449 1.598164 -3.640291
v -0.324910 1.546130 -3.758646
v -0.352279 1.703618 -3.776963
v -0.430451 1.605913 -3.798340
v -0.430451 1.700906 -3.780531
v -0.349450 1.605755 -3.787876
v -0.274999 1.669641 -3.729209
v -0.292163 1.728662 -3.731413
v -0.323484 1.715871 -3.756437
v -0.299313 1.638299 -3.776862
v -0.389442 1.794739 -3.532489
v -0.355439 1.580174 -3.491108
v -0.364462 1.296684 -3.542319
v -0.364462 1.281307 -3.670848
v -0.258460 1.296684 -3.542319
v -0.258460 1.281307 -3.670848
v -0.389988 1.287496 -3.619116
v -0.221330 1.287496 -3.619116
v -0.311074 1.277265 -3.704638
v -0.311074 1.302873 -3.490589
v -0.345607 1.209134 -3.574691
v -0.345607 1.196523 -3.680101
v -0.251569 1.209134 -3.574691
v -0.251569 1.196523 -3.680101
v -0.368252 1.201599 -3.637674
v -0.218630 1.201599 -3.637674
v -0.298244 1.193207 -3.707814
v -0.298244 1.214209 -3.532264
v -0.319864 1.000722 -3.617846
v -0.319864 0.989548 -3.711253
v -0.221304 1.000722 -3.617846
v -0.221304 0.989548 -3.711253
v -0.343598 0.994045 -3.673657
v -0.186781 0.994045 -3.673657
v -0.270224 0.986610 -3.735809
v -0.270224 1.005220 -3.580251
v -0.317024 0.926472 -3.597184
v -0.317024 0.911371 -3.723409
v -0.223982 0.926472 -3.597184
v -0.223982 0.911371 -3.723409
v -0.339430 0.917449 -3.672604
v -0.191392 0.917449 -3.672604
v -0.270164 0.907401 -3.756593
v -0.270164 0.929987 -3.567800
v -0.364647 1.121560 -3.648782
v -0.339741 1.128595 -3.589974
v -0.236321 1.116820 -3.688397
v -0.287654 1.113725 -3.714272
v -0.236321 1.128595 -3.589974
v -0.200096 1.121560 -3.648782
v -0.287654 1.133334 -3.550360
v -0.339741 1.116820 -3.688397
v -0.309552 0.810173 -3.590454
v -0.309552 0.796676 -3.703269
v -0.231030 0.810173 -3.590454
v -0.231030 0.796676 -3.703269
v -0.328461 0.802108 -3.657862
v -0.203526 0.802108 -3.657862
v -0.270005 0.793128 -3.732928
v -0.270005 0.813315 -3.564192
v -0.299889 0.571147 -3.529480
v -0.299889 0.561241 -3.612281
v -0.240145 0.571147 -3.529480
v -0.240145 0.561241 -3.612281
v -0.314276 0.565228 -3.578954
v -0.219218 0.565228 -3.578954
v -0.269799 0.558637 -3.634049
v -0.269799 0.573453 -3.510204
v -0.299889 0.517679 -3.481356
v -0.299889 0.505709 -3.581408
v -0.240145 0.517679 -3.481356
v -0.240145 0.505709 -3.581408
v -0.314276 0.509697 -3.548082
v -0.219218 0.509697 -3.548082
v -0.269799 0.503105 -3.603176
v -0.269799 0.519985 -3.462082
v -0.214596 0.419641 -3.345242
v -0.222724 0.453093 -3.350423
v -0.211802 0.393759 -3.561585
v -0.187201 0.405711 -3.461682
v -0.313434 0.422036 -3.325223
v -0.299834 0.455488 -3.330405
v -0.319817 0.393759 -3.561585
v -0.314497 0.405711 -3.461682
v -0.261279 0.389255 -3.599232
v -0.261279 0.426158 -3.290771
v -0.261279 0.458695 -3.303604
v -0.261279 0.405711 -3.461682
v -0.231434 0.470560 -3.403963
v -0.265539 0.474590 -3.370279
v -0.310756 0.470560 -3.403963
v -0.219096 0.448697 -3.580162
v -0.204664 0.462732 -3.462854
v -0.265539 0.445560 -3.606389
v -0.312200 0.448697 -3.580162
v -0.315869 0.462732 -3.462854
v -0.194937 0.455714 -3.521508
v -0.319416 0.455714 -3.521508
v -0.329685 0.417767 -3.360904
v -0.322585 0.411739 -3.411292
v -0.320453 0.445549 -3.348534
v -0.296866 2.252676 -3.736802
v -0.301290 2.115153 -3.792935
v -0.271059 2.086977 -3.642814
v -0.289631 2.183444 -3.633287
v -0.156632 2.086818 -3.651673
v -0.186554 2.239045 -3.699319
v -0.156632 2.072564 -3.770821
v -0.186554 2.234911 -3.760808
v -0.129387 2.079691 -3.711246
v -0.177075 2.237654 -3.730145
v -0.204834 2.070604 -3.779667
v -0.239719 2.230586 -3.789726
v -0.204834 2.086818 -3.651673
v -0.239719 2.241737 -3.683723
v -0.224279 2.251344 -3.746424
v -0.125464 1.959645 -3.630544
v -0.189081 2.190603 -3.777687
v -0.178216 2.206731 -3.668207
v -0.158137 2.193498 -3.724862
v -0.239719 2.203730 -3.639339
v -0.239719 2.183266 -3.810386
v -0.265927 2.070671 -3.779103
v -0.265927 2.078905 -3.710281
v -0.237136 2.086452 -3.647190
v -0.284845 2.102973 -3.751883
v -0.269730 2.088885 -3.676823
v -0.265927 2.082678 -3.678736
v -0.077580 1.876785 -3.685822
v -0.100736 1.872824 -3.718932
v -0.144020 1.883817 -3.627039
v -0.100736 1.882842 -3.635190
v -0.144020 1.869972 -3.736364
v -0.187946 1.882532 -3.631380
v -0.083764 1.862220 -3.683346
v -0.173889 1.871216 -3.725972
v -0.187946 1.876117 -3.685001
v -0.160668 1.959430 -3.618294
v -0.215077 1.947511 -3.655809
v -0.216621 1.921157 -3.691352
v -0.101896 1.943399 -3.695066
v -0.123273 1.919070 -3.737875
v -0.208769 1.959638 -3.630497
v -0.160668 1.916939 -3.748153
v -0.192427 1.916967 -3.747914
v -0.134549 1.972395 -3.770106
v -0.214890 1.971965 -3.766166
v -0.232948 1.980069 -3.698428
v -0.107304 1.980844 -3.699483
v -0.182750 1.969965 -3.782881
v -0.193792 2.020820 -3.776797
v -0.145590 2.022964 -3.766412
v -0.237067 2.021019 -3.775134
v -0.193924 2.021431 -3.776725
v -0.233862 1.986961 -3.663906
v -0.248190 2.075755 -3.661909
v -0.103613 1.858824 -3.711728
v -0.140717 1.868248 -3.632957
v -0.103613 1.867412 -3.639943
v -0.140717 1.856380 -3.726670
v -0.178371 1.867146 -3.636677
v -0.166320 1.857445 -3.717764
v -0.178371 1.861647 -3.682642
v -0.074271 1.844938 -3.681953
v -0.097164 1.841022 -3.714691
v -0.139960 1.851892 -3.623835
v -0.097164 1.850928 -3.631893
v -0.139960 1.838202 -3.731925
v -0.183390 1.850621 -3.628126
v -0.169492 1.839432 -3.721651
v -0.183390 1.844278 -3.681142
v -0.164922 1.800626 -3.725604
v -0.181450 1.806389 -3.677432
v -0.181450 1.813931 -3.614386
v -0.129803 1.815443 -3.609282
v -0.078910 1.814296 -3.618865
v -0.078910 1.802517 -3.717327
v -0.129803 1.799164 -3.737822
v -0.051685 1.807174 -3.678396
v -0.547699 1.945338 -3.802913
v -0.581523 1.778156 -3.711678
v -0.588916 1.923431 -3.564843
v -0.559168 1.795474 -3.554085
v -0.446018 1.926809 -3.521198
v -0.446018 1.794004 -3.510894
v -0.446018 1.945490 -3.801476
v -0.446018 1.766916 -3.750155
v -0.552388 1.843633 -3.727071
v -0.559336 1.855390 -3.558181
v -0.446018 1.840322 -3.751256
v -0.446018 1.862628 -3.519872
v -0.565104 1.933476 -3.683769
v -0.586492 2.240539 -3.669846
v -0.603848 2.264812 -3.803759
v -0.557854 2.140755 -3.864651
v -0.618316 2.045925 -3.570342
v -0.446018 2.262090 -3.672424
v -0.446018 2.050458 -3.489401
v -0.623636 2.090794 -3.710831
v -0.595838 1.788466 -3.619078
v -0.446018 2.305471 -3.808623
v -0.446018 2.139512 -3.875037
v -0.552776 2.041956 -3.842897
v -0.613742 2.177803 -3.757294
v -0.491861 2.262277 -3.672447
v -0.500538 2.296104 -3.807502
v -0.496392 2.574881 -3.761082
v -0.506161 2.331516 -3.687912
v -0.496392 2.544438 -3.621280
v -0.471644 2.290879 -3.602718
v -0.446018 2.316191 -3.697769
v -0.446018 2.564030 -3.620320
v -0.446018 2.273344 -3.595555
v -0.446018 2.586604 -3.762349
v -0.534818 2.427218 -3.784002
v -0.527116 2.374920 -3.618046
v -0.446018 2.432648 -3.832223
v -0.446018 2.363610 -3.549975
v -0.487926 2.549609 -3.797968
v -0.446018 2.547956 -3.826892
v -0.537039 2.487101 -3.618532
v -0.446018 2.484505 -3.569986
v -0.512837 2.355859 -3.608648
v -0.446018 2.348880 -3.566368
v -0.464744 2.364452 -3.567186
v -0.446018 2.422130 -3.570747
v -0.534254 2.403783 -3.725133
v -0.531129 2.491566 -3.792672
v -0.548683 2.489370 -3.741692
v -0.446018 2.493350 -3.841684
v -0.446018 2.582052 -3.691005
v -0.446018 2.523998 -3.589664
v -0.488017 2.402228 -3.778213
v -0.520490 2.379367 -3.735960
v -0.548589 2.487815 -3.680064
v -0.538165 2.389351 -3.671590
v -0.496392 2.559659 -3.691180
v -0.479428 2.352370 -3.587507
v -0.446018 2.302138 -3.792415
v -0.446018 2.398046 -3.788715
v -0.488017 2.296630 -3.775917
v -0.505412 2.283331 -3.736086
v -0.505412 2.374203 -3.741774
v -0.488017 2.270033 -3.696254
v -0.488017 2.337484 -3.710336
v -0.446018 2.264525 -3.679755
v -0.490417 2.429933 -3.808112
v -0.591748 1.848857 -3.635250
v -0.446018 2.040850 -3.852061
v -0.513771 1.772536 -3.730915
v -0.627174 1.607408 -3.533057
v -0.648680 1.569216 -3.733803
v -0.581523 1.778156 -3.711678
v -0.446018 1.537850 -3.773463
v -0.446018 1.546232 -3.475267
v -0.673586 1.598164 -3.640291
v -0.446018 1.705499 -3.761242
v -0.567125 1.546130 -3.758646
v -0.539756 1.703618 -3.776963
v -0.461585 1.605913 -3.798340
v -0.446018 1.633861 -3.767920
v -0.461585 1.700906 -3.780531
v -0.542586 1.605755 -3.787876
v -0.617036 1.669641 -3.729209
v -0.599873 1.728662 -3.731413
v -0.568551 1.715871 -3.756437
v -0.592722 1.638299 -3.776862
v -0.502593 1.794739 -3.532489
v -0.536596 1.580174 -3.491108
v -0.527573 1.296684 -3.542319
v -0.527573 1.281307 -3.670848
v -0.633576 1.296684 -3.542319
v -0.633576 1.281307 -3.670848
v -0.502047 1.287496 -3.619116
v -0.446018 1.521365 -3.615190
v -0.670706 1.287496 -3.619116
v -0.580961 1.277265 -3.704638
v -0.580961 1.302873 -3.490589
v -0.546429 1.209134 -3.574691
v -0.546429 1.196523 -3.680101
v -0.640466 1.209134 -3.574691
v -0.640466 1.196523 -3.680101
v -0.523783 1.201599 -3.637674
v -0.673406 1.201599 -3.637674
v -0.593791 1.193207 -3.707814
v -0.593791 1.214209 -3.532264
v -0.572172 1.000722 -3.617846
v -0.572172 0.989548 -3.711253
v -0.670731 1.000722 -3.617846
v -0.670731 0.989548 -3.711253
v -0.548437 0.994045 -3.673657
v -0.705255 0.994045 -3.673657
v -0.621811 0.986610 -3.735809
v -0.621811 1.005220 -3.580251
v -0.575012 0.926472 -3.597184
v -0.575012 0.911371 -3.723409
v -0.668054 0.926472 -3.597184
v -0.668054 0.911371 -3.723409
v -0.552605 0.917449 -3.672604
v -0.700644 0.917449 -3.672604
v -0.621872 0.907401 -3.756593
v -0.621872 0.929987 -3.567800
v -0.527389 1.121560 -3.648782
v -0.552294 1.128595 -3.589974
v -0.655714 1.116820 -3.688397
v -0.604381 1.113725 -3.714272
v -0.655714 1.128595 -3.589974
v -0.691939 1.121560 -3.648782
v -0.604381 1.133334 -3.550360
v -0.552294 1.116820 -3.688397
v -0.595169 2.252676 -3.736802
v -0.590745 2.115153 -3.792935
v -0.620976 2.086977 -3.642814
v -0.602404 2.183444 -3.633287
v -0.735403 2.086818 -3.651673
v -0.705481 2.239045 -3.699319
v -0.735403 2.072564 -3.770821
v -0.705481 2.234911 -3.760808
v -0.762648 2.079691 -3.711246
v -0.714960 2.237654 -3.730145
v -0.687202 2.070604 -3.779667
v -0.652316 2.230586 -3.789726
v -0.687202 2.086818 -3.651673
v -0.652316 2.241737 -3.683723
v -0.667756 2.251344 -3.746424
v -0.766571 1.959645 -3.630544
v -0.702955 2.190603 -3.777687
v -0.713819 2.206731 -3.668207
v -0.733899 2.193498 -3.724862
v -0.652316 2.203730 -3.639339
v -0.652316 2.183266 -3.810386
v -0.626108 2.070671 -3.779103
v -0.626108 2.078905 -3.710281
v -0.654900 2.086452 -3.647190
v -0.607190 2.102973 -3.751883
v -0.622306 2.088885 -3.676823
v -0.626108 2.082678 -3.678736
v -0.814455 1.876785 -3.685822
v -0.791300 1.872824 -3.718932
v -0.748015 1.883817 -3.627039
v -0.791300 1.882842 -3.635190
v -0.748015 1.869972 -3.736364
v -0.704089 1.882532 -3.631380
v -0.808271 1.862220 -3.683346
v -0.718146 1.871216 -3.725972
v -0.704089 1.876117 -3.685001
v -0.731368 1.959430 -3.618294
v -0.676958 1.947511 -3.655809
v -0.675414 1.921157 -3.691352
v -0.790139 1.943399 -3.695066
v -0.768762 1.919070 -3.737875
v -0.683266 1.959638 -3.630497
v -0.731368 1.916939 -3.748153
v -0.699608 1.916967 -3.747914
v -0.757487 1.972395 -3.770106
v -0.677145 1.971965 -3.766166
v -0.659087 1.980069 -3.698428
v -0.784731 1.980844 -3.699483
v -0.709285 1.969965 -3.782881
v -0.698243 2.020820 -3.776797
v -0.746445 2.022964 -3.766412
v -0.654969 2.021019 -3.775134
v -0.698111 2.021431 -3.776725
v -0.658174 1.986961 -3.663906
v -0.643846 2.075755 -3.661909
v -0.788423 1.858824 -3.711728
v -0.751318 1.868248 -3.632957
v -0.788423 1.867412 -3.639943
v -0.751318 1.856380 -3.726670
v -0.713665 1.867146 -3.636677
v -0.725715 1.857445 -3.717764
v -0.713665 1.861647 -3.682642
v -0.817765 1.844938 -3.681953
v -0.794871 1.841022 -3.714691
v -0.752075 1.851892 -3.623835
v -0.794871 1.850928 -3.631893
v -0.752075 1.838202 -3.731925
v -0.708645 1.850621 -3.628126
v -0.722543 1.839432 -3.721651
v -0.708645 1.844278 -3.681142
v -0.851605 1.583708 -3.648248
v -0.844493 1.484018 -3.653485
v -0.831197 1.489636 -3.606523
v -0.844493 1.489138 -3.610688
v -0.831197 1.482362 -3.662369
v -0.818343 1.487925 -3.615871
v -0.821384 1.483854 -3.649904
v -0.817705 1.485503 -3.636120
v -0.727114 1.800626 -3.725604
v -0.710585 1.806389 -3.677432
v -0.710585 1.813931 -3.614386
v -0.762232 1.815443 -3.609282
v -0.813125 1.814296 -3.618865
v -0.813125 1.802517 -3.717327
v -0.762232 1.799164 -3.737822
v -0.840350 1.807174 -3.678396
v -0.828614 1.416001 -3.594715
v -0.828614 1.409214 -3.651448
v -0.857903 1.415989 -3.594810
v -0.857903 1.409225 -3.651353
v -0.839543 1.416451 -3.590955
v -0.839543 1.408201 -3.659909
v -0.827183 1.413225 -3.623156
v -0.863389 1.412607 -3.623082
v -0.821006 1.459686 -3.598949
v -0.819902 1.452530 -3.658759
v -0.822580 1.455789 -3.628910
v -0.824478 1.427801 -3.654816
v -0.828285 1.431622 -3.625494
v -0.827002 1.434828 -3.596080
v -0.828400 1.451609 -3.666458
v -0.827691 1.463211 -3.593116
v -0.838044 1.441254 -3.588704
v -0.838044 1.425521 -3.664292
v -0.855969 1.426850 -3.655661
v -0.835184 1.453420 -3.667691
v -0.852889 1.455284 -3.655824
v -0.855969 1.440926 -3.591444
v -0.852889 1.462538 -3.595193
v -0.835184 1.463030 -3.591084
v -0.863389 1.430384 -3.626120
v -0.861277 1.458383 -3.629924
v -0.838984 1.458782 -3.586919
v -0.839197 1.441989 -3.585004
v -0.852617 1.458343 -3.590593
v -0.857120 1.441661 -3.587743
v -0.840991 1.454710 -3.580529
v -0.842532 1.437715 -3.573359
v -0.854624 1.454270 -3.584203
v -0.857850 1.437422 -3.575808
v -0.853470 1.384640 -3.576268
v -0.844777 1.384859 -3.574445
v -0.854127 1.387181 -3.569188
v -0.846353 1.387376 -3.567558
v -0.853621 1.457815 -3.586441
v -0.839988 1.458255 -3.582766
v -0.855809 1.449478 -3.581367
v -0.842093 1.449844 -3.578305
v -0.844051 1.411154 -3.569213
v -0.856904 1.410861 -3.571662
v -0.855786 1.405654 -3.582352
v -0.841411 1.405982 -3.579613
v -0.850388 1.387484 -3.566658
v -0.850688 1.408068 -3.567696
v -0.850764 1.437772 -3.572333
v -0.849004 1.449207 -3.577594
v -0.847725 1.456991 -3.580708
v -0.846604 1.460695 -3.585386
v -0.845481 1.461285 -3.590029
v -0.844036 1.462784 -3.593139
v -0.858269 1.448097 -3.587408
v -0.837298 1.448481 -3.584202
v -0.848158 1.435522 -3.585620
v -0.848598 1.405818 -3.580983
v -0.849123 1.381895 -3.575014
v -0.815668 1.474703 -3.600604
v -0.818044 1.467604 -3.659940
v -0.816992 1.470462 -3.634870
v -0.828720 1.466884 -3.665961
v -0.828351 1.476792 -3.596038
v -0.832241 1.467693 -3.666585
v -0.850510 1.469434 -3.655941
v -0.850510 1.476130 -3.599964
v -0.832241 1.476726 -3.594987
v -0.859720 1.472192 -3.632883
v -0.840572 1.398331 -3.595073
v -0.840572 1.392414 -3.644537
v -0.853684 1.397734 -3.600063
v -0.853684 1.391817 -3.649526
v -0.847773 1.398514 -3.593545
v -0.846349 1.390945 -3.656809
v -0.840572 1.395174 -3.621465
v -0.850623 1.395174 -3.621465
v -0.850623 1.397137 -3.605052
v -0.840572 1.396368 -3.611486
v -0.839014 1.397734 -3.600063
v -0.840572 1.397137 -3.605052
v -0.840572 1.372635 -3.591999
v -0.840572 1.371441 -3.601978
v -0.850623 1.372635 -3.591999
v -0.850623 1.371441 -3.601978
v -0.838673 1.352555 -3.599718
v -0.838673 1.353749 -3.589740
v -0.848724 1.352555 -3.599718
v -0.848724 1.353749 -3.589740
v -0.836572 1.333227 -3.596657
v -0.836572 1.334244 -3.588155
v -0.845134 1.333227 -3.596657
v -0.845134 1.334244 -3.588155
v -0.846349 1.371167 -3.604271
v -0.846349 1.396863 -3.607345
v -0.846349 1.372909 -3.589706
v -0.843577 1.352281 -3.602011
v -0.843577 1.354024 -3.587447
v -0.839676 1.332993 -3.598610
v -0.839676 1.334477 -3.586202
v -0.839014 1.372038 -3.596988
v -0.853684 1.372038 -3.596988
v -0.836242 1.353152 -3.594729
v -0.850913 1.353152 -3.594729
v -0.833427 1.333735 -3.592406
v -0.845926 1.333735 -3.592406
v -0.839574 1.331754 -3.592169
v -0.840572 1.370671 -3.608412
v -0.839014 1.395771 -3.616475
v -0.840572 1.369477 -3.618391
v -0.840572 1.393154 -3.638349
v -0.850623 1.370671 -3.608412
v -0.850623 1.396368 -3.611486
v -0.850623 1.369477 -3.618391
v -0.844173 1.398558 -3.593179
v -0.838673 1.348076 -3.615830
v -0.838673 1.349269 -3.605851
v -0.848724 1.348076 -3.615830
v -0.848724 1.349269 -3.605851
v -0.836572 1.323078 -3.612090
v -0.836572 1.324095 -3.603589
v -0.845134 1.323078 -3.612090
v -0.845134 1.324095 -3.603589
v -0.846349 1.369203 -3.620684
v -0.846349 1.394899 -3.623758
v -0.846349 1.370945 -3.606119
v -0.846349 1.396642 -3.609193
v -0.843577 1.347801 -3.618123
v -0.843577 1.349544 -3.603558
v -0.839676 1.322844 -3.614043
v -0.839676 1.324329 -3.601636
v -0.839014 1.370074 -3.613401
v -0.853684 1.370074 -3.613401
v -0.853684 1.395771 -3.616475
v -0.836242 1.348672 -3.610841
v -0.850913 1.348672 -3.610841
v -0.833427 1.323587 -3.607840
v -0.845926 1.323587 -3.607840
v -0.839574 1.321606 -3.607602
v -0.840572 1.372055 -3.625704
v -0.840572 1.394348 -3.628371
v -0.840572 1.370862 -3.635682
v -0.850623 1.372055 -3.625704
v -0.850623 1.394348 -3.628371
v -0.850623 1.370862 -3.635682
v -0.850623 1.393154 -3.638349
v -0.838673 1.351681 -3.633387
v -0.838673 1.352874 -3.623409
v -0.848724 1.351681 -3.633387
v -0.848724 1.352874 -3.623409
v -0.836572 1.332569 -3.630351
v -0.836572 1.333586 -3.621850
v -0.845134 1.332569 -3.630351
v -0.845134 1.333586 -3.621850
v -0.846349 1.370587 -3.637975
v -0.846349 1.392879 -3.640642
v -0.846349 1.372330 -3.623411
v -0.846349 1.394622 -3.626078
v -0.843577 1.351406 -3.635680
v -0.843577 1.353149 -3.621116
v -0.839676 1.332335 -3.632304
v -0.839676 1.333819 -3.619897
v -0.839014 1.371459 -3.630692
v -0.839014 1.393751 -3.633359
v -0.853684 1.371459 -3.630692
v -0.853684 1.393751 -3.633359
v -0.836242 1.352278 -3.628397
v -0.850913 1.352278 -3.628397
v -0.833427 1.333077 -3.626101
v -0.845926 1.333077 -3.626101
v -0.839574 1.331096 -3.625863
v -0.840572 1.377785 -3.642787
v -0.840572 1.376591 -3.652766
v -0.840572 1.391220 -3.654516
v -0.850623 1.377785 -3.642787
v -0.850623 1.392414 -3.644537
v -0.850623 1.376591 -3.652766
v -0.850623 1.391220 -3.654516
v -0.838673 1.362146 -3.651038
v -0.838673 1.363340 -3.641059
v -0.848724 1.362146 -3.651038
v -0.848724 1.363340 -3.641059
v -0.836572 1.344958 -3.648232
v -0.836572 1.345975 -3.639730
v -0.845134 1.344958 -3.648232
v -0.845134 1.345975 -3.639730
v -0.846349 1.376317 -3.655059
v -0.839014 1.391817 -3.649526
v -0.846349 1.378059 -3.640494
v -0.846349 1.392688 -3.642244
v -0.843577 1.361872 -3.653331
v -0.843577 1.363614 -3.638766
v -0.839676 1.344725 -3.650185
v -0.839676 1.346209 -3.637777
v -0.839014 1.377188 -3.647776
v -0.842946 1.399574 -3.658359
v -0.853684 1.377188 -3.647776
v -0.836242 1.362743 -3.646048
v -0.850913 1.362743 -3.646048
v -0.833427 1.345467 -3.643981
v -0.845926 1.345467 -3.643981
v -0.839574 1.343486 -3.643744
v -0.834594 1.400814 -3.647992
v -0.833877 1.404199 -3.622310
v -0.855794 1.400521 -3.650439
v -0.834594 1.407166 -3.594894
v -0.836446 1.398975 -3.627835
v -0.837225 1.400284 -3.616898
v -0.837583 1.402152 -3.599974
v -0.837583 1.396984 -3.643171
v -0.843658 1.407483 -3.592250
v -0.855794 1.413166 -3.598191
v -0.857006 1.403891 -3.622273
v -0.856400 1.408528 -3.610232
v -0.856400 1.402206 -3.636357
v -0.854739 1.405450 -3.599126
v -0.066732 1.759203 -3.697325
v -0.097836 1.765699 -3.631292
v -0.152283 1.761996 -3.662703
v -0.127069 1.756081 -3.722995
v -0.590001 0.865061 -3.648174
v -0.608175 0.857665 -3.709998
v -0.636676 0.868709 -3.617683
v -0.658084 0.860079 -3.689815
vt 0.500000 0.125000
vt 0.625000 0.250000
vt 0.625000 0.125000
vt 0.500000 0.875000
vt 0.625000 0.937500
vt 0.625000 0.875000
vt 0.500000 0.250000
vt 0.500000 0.375000
vt 0.625000 0.375000
vt 0.625000 0.312500
vt 0.375000 0.250000
vt 0.375000 0.375000
vt 0.375000 1.000000
vt 0.500000 1.000000
vt 0.500000 0.500000
vt 0.625000 0.500000
vt 0.625000 0.437500
vt 0.625000 0.750000
vt 0.562500 0.562500
vt 0.500000 0.625000
vt 0.500000 0.687500
vt 0.500000 0.750000
vt 0.562500 0.750000
vt 0.375000 0.625000
vt 0.375000 0.750000
vt 0.437500 0.500000
vt 0.437500 0.375000
vt 0.375000 0.500000
vt 0.625000 0.812500
vt 0.375000 0.875000
vt 0.500000 0.562500
vt 0.500000 0.593750
vt 0.687500 0.750000
vt 0.625000 0.625000
vt 0.687500 0.687500
vt 0.687500 0.625000
vt 0.250000 0.500000
vt 0.250000 0.750000
vt 0.553480 0.677839
vt 0.562500 0.375000
vt 0.562500 0.500000
vt 0.593750 0.875000
vt 0.750000 0.750000
vt 0.750000 0.625000
vt 0.437500 0.875000
vt 0.500000 0.812500
vt 0.531250 0.375000
vt 0.531250 0.500000
vt 0.531250 0.875000
vt 0.437500 0.812500
vt 0.437500 0.750000
vt 0.562500 0.875000
vt 0.544460 0.605677
vt 0.406250 0.375000
vt 0.750000 0.500000
vt 1.000000 0.500000
vt 0.875000 0.500000
vt 0.875000 1.000000
vt 1.000000 1.000000
vt 0.750000 1.000000
vt 0.625000 1.000000
vt 0.500000 0.437500
vt 0.437500 0.437500
vt 0.468750 0.375000
vt 0.375000 0.000000
vt 0.375000 0.125000
vt 0.500000 0.000000
vt 0.625000 0.000000
vt 0.687500 0.562500
vt 0.687500 0.500000
vt 0.531250 0.468750
vt 0.375000 0.812500
vt 0.500000 0.406250
vt 0.375000 0.437500
vt 0.468750 0.468750
vt 0.437500 0.406250
vt 0.375000 0.625000
vt 0.125000 0.625000
vt 0.125000 0.750000
vt 0.125000 0.500000
vt 0.625000 0.687500
vt 0.250000 0.625000
vt 0.625000 0.562500
vt 0.750000 0.687500
vt 0.375000 0.656250
vt 0.375000 0.687500
vt 0.445261 0.732435
vt 0.875000 0.750000
vt 0.875000 0.625000
vt 0.375000 0.500000
vt 0.375000 0.937500
vt 0.187500 0.750000
vt 0.187500 0.718750
vt 0.187500 0.500000
vt 0.125000 0.562500
vt 0.187500 0.625000
vt 0.125000 0.687500
vt 0.187500 0.687500
vt 0.375000 0.312500
vt 0.187500 0.625000
vt 0.375000 0.937500
vt 0.375000 0.625000
vt 0.500000 0.375000
vt 0.625000 0.375000
vt 0.375000 0.375000
vt 0.500000 0.875000
vt 0.625000 0.875000
vt 0.500000 0.500000
vt 0.625000 0.500000
vt 0.375000 0.750000
vt 0.375000 0.500000
vt 0.562500 0.750000
vt 0.625000 0.750000
vt 0.625000 0.625000
vt 0.625000 0.500000
vt 0.625000 0.375000
vt 0.625000 0.875000
vt 0.500000 0.875000
vt 0.437500 0.500000
vt 0.500000 0.625000
vt 0.500000 0.500000
vt 0.500000 0.750000
vt 0.500000 0.687500
vt 0.375000 0.375000
vt 0.375000 0.875000
vt 0.750000 0.500000
vt 0.500000 1.000000
vt 0.500000 0.375000
vt 0.437500 0.375000
vt 0.375000 0.875000
vt 0.625000 0.500000
vt 0.562500 0.500000
vt 0.375000 0.625000
vt 0.375000 0.750000
vt 0.625000 0.750000
vt 0.625000 0.625000
vt 0.375000 0.875000
vt 0.625000 0.875000
vt 0.625000 0.812500
vt 0.375000 0.500000
vt 0.500000 0.500000
vt 0.625000 0.375000
vt 0.500000 0.437500
vt 0.625000 0.437500
vt 0.437500 0.437500
vt 0.375000 0.375000
vt 0.437500 0.375000
vt 0.500000 0.375000
vt 0.625000 1.000000
vt 0.375000 0.125000
vt 0.375000 0.250000
vt 0.625000 0.250000
vt 0.625000 0.125000
vt 0.375000 0.375000
vt 0.375000 0.500000
vt 0.625000 0.500000
vt 0.625000 0.375000
vt 0.375000 0.625000
vt 0.375000 0.750000
vt 0.625000 0.750000
vt 0.625000 0.625000
vt 0.375000 0.875000
vt 0.375000 1.000000
vt 0.625000 1.000000
vt 0.625000 0.875000
vt 0.375000 0.875000
vt 0.375000 1.000000
vt 0.375000 0.625000
vt 0.375000 0.750000
vt 0.375000 0.000000
vt 0.625000 0.000000
vt 0.375000 0.375000
vt 0.375000 0.375000
vt 0.375000 0.500000
vt 0.375000 0.500000
vt 0.375000 0.000000
vt 0.375000 0.000000
vt 0.375000 0.125000
vt 0.375000 0.125000
vt 0.375000 0.125000
vt 0.375000 0.250000
vt 0.375000 0.375000
vt 0.375000 0.000000
vt 0.375000 0.500000
vt 0.375000 0.500000
vt 0.375000 0.625000
vt 0.375000 0.625000
vt 0.375000 0.125000
vt 0.375000 0.250000
vt 0.375000 0.250000
vt 0.375000 0.750000
vt 0.375000 0.750000
vt 0.375000 0.875000
vt 0.375000 0.875000
vt 0.375000 0.250000
vt 0.375000 1.000000
vt 0.375000 1.000000
vt 0.375000 0.250000
vt 0.375000 0.375000
vt 0.375000 0.375000
vt 0.375000 0.750000
vt 0.375000 0.750000
vt 0.375000 0.875000
vt 0.375000 0.875000
vt 0.375000 0.000000
vt 0.375000 1.000000
vt 0.375000 0.500000
vt 0.375000 0.500000
vt 0.375000 0.625000
vt 0.375000 0.625000
vt 0.375000 0.125000
vt 0.375000 0.125000
vt 0.375000 0.250000
vt 0.375000 1.000000
vt 0.375000 0.000000
vt 0.375000 0.625000
vt 0.375000 0.750000
vt 0.375000 0.750000
vt 0.375000 0.375000
vt 0.375000 0.375000
vt 0.375000 0.500000
vt 0.375000 0.000000
vt 0.375000 0.875000
vt 0.375000 1.000000
vt 0.250000 0.750000
vt 0.250000 0.500000
vt 0.375000 0.875000
vt 0.375000 0.250000
vt 0.375000 1.000000
vt 0.375000 0.125000
vt 0.375000 0.000000
vt 0.500000 0.375000
vt 0.500000 0.500000
vt 0.625000 0.500000
vt 0.625000 0.375000
vt 0.500000 0.625000
vt 0.625000 0.625000
vt 0.250000 0.750000
vt 0.375000 0.750000
vt 0.375000 0.625000
vt 0.250000 0.500000
vt 0.375000 0.500000
vt 0.625000 0.750000
vt 0.750000 0.750000
vt 0.375000 0.875000
vt 0.625000 0.875000
vt 0.625000 0.500000
vt 0.500000 0.500000
vt 0.500000 0.625000
vt 0.625000 0.625000
vt 0.625000 0.687500
vt 0.375000 0.625000
vt 0.375000 0.750000
vt 0.375000 0.500000
vt 0.625000 0.562500
vt 0.625000 0.750000
vt 0.750000 0.625000
vt 0.500000 0.562500
vt 0.375000 0.375000
vt 0.500000 0.562500
vt 0.500000 0.375000
vt 0.500000 0.500000
vt 0.625000 0.500000
vt 0.625000 0.375000
vt 0.500000 0.625000
vt 0.625000 0.750000
vt 0.625000 0.625000
vt 0.500000 0.875000
vt 0.500000 1.000000
vt 0.625000 1.000000
vt 0.625000 0.875000
vt 0.375000 0.625000
vt 0.375000 0.625000
vt 0.375000 0.750000
vt 0.375000 0.750000
vt 0.750000 0.625000
vt 0.875000 0.500000
vt 0.375000 0.500000
vt 0.375000 0.875000
vt 0.375000 0.875000
vt 0.750000 0.500000
vt 0.750000 0.750000
vt 0.500000 0.750000
vt 0.500000 0.250000
vt 0.625000 0.250000
vt 0.375000 0.250000
vt 0.375000 0.750000
vt 0.375000 0.875000
vt 0.375000 0.500000
vt 0.375000 0.625000
vt 0.375000 1.000000
vt 0.375000 0.375000
vt 0.125000 0.750000
vt 0.125000 0.625000
vt 0.125000 0.500000
vt 0.375000 0.750000
vt 0.375000 0.875000
vt 0.375000 0.375000
vt 0.375000 0.375000
vt 0.375000 0.500000
vt 0.375000 0.625000
vt 0.187500 0.750000
vt 0.187500 0.750000
vt 0.187500 0.625000
vt 0.187500 0.625000
vt 0.375000 0.937500
vt 0.375000 0.937500
vt 0.375000 0.312500
vt 0.375000 0.375000
vt 0.187500 0.625000
vt 0.187500 0.500000
vt 0.187500 0.500000
vt 0.187500 0.625000
vt 0.187500 0.500000
vt 0.375000 0.375000
vt 0.375000 0.500000
vt 0.375000 0.312500
vt 0.187500 0.750000
vt 0.187500 0.687500
vt 0.187500 0.687500
vt 0.375000 0.625000
vt 0.375000 0.500000
vt 0.375000 0.312500
vt 0.375000 0.375000
vt 0.375000 0.375000
vt 0.187500 0.500000
vt 0.375000 0.312500
vt 0.187500 0.500000
vt 0.375000 0.312500
vt 0.375000 0.937500
vt 0.375000 0.500000
vt 0.375000 0.625000
vt 0.187500 0.750000
vt 0.187500 0.625000
vt 0.375000 0.750000
vt 0.375000 0.875000
vt 0.375000 0.312500
vt 0.375000 0.375000
vt 0.187500 0.500000
vt 0.375000 0.937500
vt 0.187500 0.500000
vt 0.375000 0.875000
vt 0.375000 0.750000
vt 0.375000 0.375000
vt 0.375000 0.500000
vt 0.187500 0.750000
vt 0.375000 0.312500
vt 0.500000 0.125000
vt 0.625000 0.125000
vt 0.625000 0.250000
vt 0.625000 0.937500
vt 0.500000 0.250000
vt 0.625000 0.312500
vt 0.375000 0.250000
vt 0.500000 1.000000
vt 0.375000 1.000000
vt 0.625000 0.437500
vt 0.625000 0.500000
vt 0.500000 0.500000
vt 0.625000 0.750000
vt 0.562500 0.750000
vt 0.500000 0.750000
vt 0.500000 0.687500
vt 0.500000 0.625000
vt 0.562500 0.562500
vt 0.375000 0.625000
vt 0.375000 0.750000
vt 0.437500 0.500000
vt 0.375000 0.500000
vt 0.625000 0.812500
vt 0.500000 0.593750
vt 0.500000 0.562500
vt 0.687500 0.750000
vt 0.625000 0.500000
vt 0.625000 0.625000
vt 0.687500 0.625000
vt 0.687500 0.687500
vt 0.375000 0.500000
vt 0.375000 0.750000
vt 0.553480 0.677839
vt 0.625000 0.625000
vt 0.625000 0.750000
vt 0.562500 0.750000
vt 0.625000 0.500000
vt 0.562500 0.500000
vt 0.500000 0.812500
vt 0.437500 0.500000
vt 0.500000 0.500000
vt 0.500000 0.625000
vt 0.531250 0.500000
vt 0.437500 0.750000
vt 0.437500 0.812500
vt 0.500000 0.750000
vt 0.500000 0.687500
vt 0.544460 0.605677
vt 0.406250 0.375000
vt 0.875000 1.000000
vt 0.875000 0.500000
vt 0.750000 1.000000
vt 0.750000 0.500000
vt 0.625000 1.000000
vt 0.500000 0.437500
vt 0.437500 0.437500
vt 0.437500 0.375000
vt 0.375000 0.000000
vt 0.500000 0.000000
vt 0.375000 0.125000
vt 0.625000 0.000000
vt 0.687500 0.500000
vt 0.687500 0.562500
vt 0.625000 0.500000
vt 0.562500 0.500000
vt 0.531250 0.468750
vt 0.375000 0.625000
vt 0.625000 0.625000
vt 0.625000 0.750000
vt 0.375000 0.750000
vt 0.375000 0.812500
vt 0.625000 0.812500
vt 0.375000 0.500000
vt 0.500000 0.500000
vt 0.625000 0.437500
vt 0.500000 0.437500
vt 0.500000 0.406250
vt 0.437500 0.437500
vt 0.468750 0.468750
vt 0.375000 0.437500
vt 0.437500 0.406250
vt 0.625000 1.000000
vt 0.375000 0.125000
vt 0.375000 0.250000
vt 0.375000 0.375000
vt 0.625000 0.375000
vt 0.625000 0.500000
vt 0.375000 0.500000
vt 0.375000 0.625000
vt 0.625000 0.625000
vt 0.625000 0.750000
vt 0.375000 0.750000
vt 0.375000 0.875000
vt 0.625000 0.875000
vt 0.375000 1.000000
vt 0.375000 1.000000
vt 0.375000 0.875000
vt 0.375000 0.750000
vt 0.375000 0.625000
vt 0.375000 0.000000
vt 0.375000 0.375000
vt 0.375000 0.500000
vt 0.375000 0.500000
vt 0.375000 0.375000
vt 0.375000 0.000000
vt 0.375000 0.125000
vt 0.375000 0.125000
vt 0.375000 0.000000
vt 0.375000 0.250000
vt 0.375000 0.125000
vt 0.375000 0.375000
vt 0.375000 0.000000
vt 0.375000 0.500000
vt 0.375000 0.625000
vt 0.375000 0.625000
vt 0.375000 0.500000
vt 0.375000 0.250000
vt 0.375000 0.250000
vt 0.375000 0.125000
vt 0.375000 0.625000
vt 0.375000 0.750000
vt 0.375000 0.750000
vt 0.375000 0.875000
vt 0.375000 0.875000
vt 0.375000 0.250000
vt 0.375000 1.000000
vt 0.375000 1.000000
vt 0.375000 0.375000
vt 0.375000 0.750000
vt 0.375000 0.875000
vt 0.375000 0.000000
vt 0.375000 1.000000
vt 0.500000 0.375000
vt 0.625000 0.375000
vt 0.625000 0.500000
vt 0.500000 0.500000
vt 0.500000 0.625000
vt 0.625000 0.625000
vt 0.625000 0.750000
vt 0.500000 0.875000
vt 0.625000 0.875000
vt 0.625000 1.000000
vt 0.500000 1.000000
vt 0.375000 0.625000
vt 0.375000 0.750000
vt 0.375000 0.750000
vt 0.375000 0.625000
vt 0.750000 0.625000
vt 0.875000 0.625000
vt 0.875000 0.750000
vt 0.875000 0.500000
vt 0.375000 0.500000
vt 0.375000 0.500000
vt 0.375000 0.875000
vt 0.375000 0.875000
vt 0.750000 0.500000
vt 0.750000 0.750000
vt 0.500000 0.750000
vt 0.500000 0.250000
vt 0.625000 0.250000
vt 0.375000 0.250000
vt 0.375000 0.750000
vt 0.375000 0.875000
vt 0.375000 0.500000
vt 0.375000 0.625000
vt 0.375000 1.000000
vt 0.375000 0.937500
vt 0.375000 0.375000
vt 0.125000 0.750000
vt 0.187500 0.718750
vt 0.187500 0.750000
vt 0.187500 0.500000
vt 0.187500 0.625000
vt 0.125000 0.625000
vt 0.125000 0.562500
vt 0.125000 0.500000
vt 0.187500 0.687500
vt 0.125000 0.687500
vt 0.375000 0.875000
vt 0.375000 0.750000
vt 0.375000 0.375000
vt 0.375000 0.500000
vt 0.375000 0.375000
vt 0.375000 0.625000
vt 0.187500 0.750000
vt 0.187500 0.625000
vt 0.187500 0.625000
vt 0.187500 0.750000
vt 0.375000 0.937500
vt 0.375000 0.937500
vt 0.375000 0.312500
vt 0.375000 0.375000
vt 0.375000 0.312500
vt 0.187500 0.625000
vt 0.187500 0.500000
vt 0.187500 0.500000
vt 0.187500 0.625000
vt 0.187500 0.500000
vt 0.375000 0.375000
vt 0.375000 0.500000
vt 0.375000 0.312500
vt 0.187500 0.750000
vt 0.187500 0.687500
vt 0.187500 0.687500
vt 0.375000 0.625000
vt 0.375000 0.500000
vt 0.375000 0.312500
vt 0.375000 0.375000
vt 0.375000 0.375000
vt 0.187500 0.500000
vt 0.375000 0.312500
vt 0.187500 0.500000
vt 0.375000 0.312500
vt 0.375000 0.937500
vt 0.375000 0.625000
vt 0.375000 0.500000
vt 0.187500 0.625000
vt 0.187500 0.750000
vt 0.375000 0.875000
vt 0.375000 0.750000
vt 0.375000 0.375000
vt 0.375000 0.312500
vt 0.187500 0.500000
vt 0.375000 0.937500
vt 0.187500 0.625000
vt 0.187500 0.500000
vt 0.187500 0.500000
vt 0.187500 0.625000
vt 0.375000 0.875000
vt 0.375000 0.937500
vt 0.375000 0.937500
vt 0.375000 0.875000
vt 0.375000 0.750000
vt 0.375000 0.750000
vt 0.375000 0.375000
vt 0.375000 0.500000
vt 0.375000 0.500000
vt 0.375000 0.375000
vt 0.187500 0.750000
vt 0.187500 0.750000
vt 0.375000 0.312500
vt 0.375000 0.312500
vt 0.375000 0.625000
vt 0.375000 0.625000
vt 0.562500 0.125000
vt 0.625000 0.125000
vt 0.625000 0.250000
vt 0.562500 0.250000
vt 0.593750 0.375000
vt 0.625000 0.375000
vt 0.625000 0.500000
vt 0.593750 0.500000
vt 0.593750 0.750000
vt 0.593750 0.625000
vt 0.625000 0.625000
vt 0.625000 0.750000
vt 0.531250 0.937500
vt 0.500000 1.000000
vt 0.437500 1.000000
vt 0.375000 0.750000
vt 0.375000 0.875000
vt 0.375000 0.875000
vt 0.593750 0.875000
vt 0.625000 0.875000
vt 0.578125 0.343750
vt 0.562500 0.000000
vt 0.625000 0.000000
vt 0.437500 0.000000
vt 0.500000 0.000000
vt 0.500000 0.125000
vt 0.437500 0.125000
vt 0.500000 0.250000
vt 0.437500 0.250000
vt 0.375000 0.125000
vt 0.375000 0.250000
vt 0.375000 0.000000
vt 0.578125 0.906250
vt 0.531250 0.312500
vt 0.562500 1.000000
vt 0.500000 0.875000
vt 0.375000 1.000000
vt 0.500000 0.375000
vt 0.375000 0.375000
vt 0.500000 0.500000
vt 0.562500 0.375000
vt 0.562500 0.500000
vt 0.562500 0.750000
vt 0.562500 0.750000
vt 0.531250 0.750000
vt 0.562500 0.875000
vt 0.500000 0.750000
vt 0.500000 0.625000
vt 0.562500 0.625000
vt 0.375000 0.500000
vt 0.375000 0.625000
vt 0.562500 0.812500
vt 0.562500 0.875000
vt 0.562500 0.875000
vt 0.562500 0.812500
vt 0.500000 0.750000
vt 0.500000 0.812500
vt 0.500000 0.875000
vt 0.562500 0.875000
vt 0.562500 0.812500
vt 0.531250 0.875000
vt 0.531250 0.812500
vt 0.531250 0.875000
vt 0.500000 0.875000
vt 0.500000 0.812500
vt 0.500000 0.875000
vt 0.500000 0.875000
vt 0.500000 0.812500
vt 0.562500 0.750000
vt 0.562500 0.750000
vt 0.500000 0.812500
vt 0.500000 0.750000
vt 0.500000 0.750000
vt 0.500000 0.812500
vt 0.500000 0.750000
vt 0.500000 0.875000
vt 0.500000 0.875000
vt 0.500000 0.750000
vt 0.500000 0.812500
vt 0.500000 0.750000
vt 0.531250 0.750000
vt 0.562500 0.812500
vt 0.625000 1.000000
vt 0.375000 0.437500
vt 0.375000 0.484375
vt 0.375000 0.468750
vt 0.375000 0.312500
vt 0.375000 0.375000
vt 0.375000 0.375000
vt 0.375000 0.656250
vt 0.375000 0.750000
vt 0.375000 0.750000
vt 0.375000 0.750000
vt 0.375000 0.089844
vt 0.375000 0.117188
vt 0.375000 0.109375
vt 0.375000 0.093750
vt 0.375000 0.234375
vt 0.375000 0.250000
vt 0.375000 0.250000
vt 0.375000 0.617188
vt 0.375000 0.625000
vt 0.375000 0.625000
vt 0.375000 0.125000
vt 0.625000 0.125000
vt 0.625000 0.250000
vt 0.375000 0.250000
vt 0.375000 0.375000
vt 0.625000 0.375000
vt 0.625000 0.500000
vt 0.375000 0.500000
vt 0.375000 0.625000
vt 0.625000 0.625000
vt 0.625000 0.750000
vt 0.375000 0.750000
vt 0.375000 0.281250
vt 0.375000 0.875000
vt 0.375000 1.000000
vt 0.375000 1.000000
vt 0.375000 0.875000
vt 0.375000 0.625000
vt 0.375000 0.750000
vt 0.375000 0.750000
vt 0.375000 0.625000
vt 0.375000 0.500000
vt 0.375000 0.375000
vt 0.375000 0.250000
vt 0.375000 0.125000
vt 0.250000 0.625000
vt 0.375000 0.250000
vt 0.375000 0.125000
vt 0.375000 1.000000
vt 0.375000 0.875000
vt 0.375000 0.500000
vt 0.375000 0.375000
vt 0.250000 0.750000
vt 0.125000 0.750000
vt 0.125000 0.500000
vt 0.250000 0.500000
vt 0.375000 0.000000
vt 0.375000 0.000000
vt 0.375000 0.000000
vt 0.625000 0.000000
vt 0.125000 0.625000
vt 0.375000 0.125000
vt 0.625000 0.125000
vt 0.625000 0.250000
vt 0.375000 0.250000
vt 0.375000 0.375000
vt 0.625000 0.375000
vt 0.625000 0.500000
vt 0.375000 0.500000
vt 0.375000 0.625000
vt 0.625000 0.625000
vt 0.625000 0.750000
vt 0.375000 0.750000
vt 0.375000 0.875000
vt 0.625000 0.875000
vt 0.625000 1.000000
vt 0.375000 1.000000
vt 0.375000 1.000000
vt 0.375000 0.875000
vt 0.375000 0.625000
vt 0.375000 0.750000
vt 0.375000 0.750000
vt 0.375000 0.625000
vt 0.375000 0.500000
vt 0.375000 0.375000
vt 0.375000 0.250000
vt 0.375000 0.125000
vt 0.250000 0.625000
vt 0.375000 0.250000
vt 0.375000 0.125000
vt 0.375000 1.000000
vt 0.375000 0.875000
vt 0.375000 0.500000
vt 0.375000 0.375000
vt 0.250000 0.750000
vt 0.125000 0.750000
vt 0.125000 0.500000
vt 0.250000 0.500000
vt 0.375000 0.000000
vt 0.375000 0.000000
vt 0.375000 0.000000
vt 0.625000 0.000000
vt 0.125000 0.625000
vt 0.375000 0.125000
vt 0.625000 0.125000
vt 0.625000 0.250000
vt 0.375000 0.250000
vt 0.375000 0.375000
vt 0.625000 0.375000
vt 0.625000 0.500000
vt 0.375000 0.500000
vt 0.375000 0.625000
vt 0.625000 0.625000
vt 0.625000 0.750000
vt 0.375000 0.750000
vt 0.375000 0.875000
vt 0.625000 0.875000
vt 0.625000 1.000000
vt 0.375000 1.000000
vt 0.375000 1.000000
vt 0.375000 0.875000
vt 0.375000 0.625000
vt 0.375000 0.750000
vt 0.375000 0.750000
vt 0.375000 0.625000
vt 0.375000 0.500000
vt 0.375000 0.375000
vt 0.375000 0.250000
vt 0.375000 0.125000
vt 0.250000 0.625000
vt 0.375000 0.250000
vt 0.375000 0.125000
vt 0.375000 1.000000
vt 0.375000 0.875000
vt 0.375000 0.500000
vt 0.375000 0.375000
vt 0.250000 0.750000
vt 0.125000 0.750000
vt 0.125000 0.500000
vt 0.250000 0.500000
vt 0.375000 0.000000
vt 0.375000 0.000000
vt 0.375000 0.000000
vt 0.625000 0.000000
vt 0.125000 0.625000
vt 0.375000 0.125000
vt 0.625000 0.125000
vt 0.625000 0.250000
vt 0.375000 0.250000
vt 0.375000 0.375000
vt 0.625000 0.375000
vt 0.625000 0.500000
vt 0.375000 0.500000
vt 0.375000 0.625000
vt 0.625000 0.625000
vt 0.625000 0.750000
vt 0.375000 0.750000
vt 0.375000 0.875000
vt 0.625000 0.875000
vt 0.625000 1.000000
vt 0.375000 1.000000
vt 0.375000 1.000000
vt 0.375000 0.875000
vt 0.375000 0.625000
vt 0.375000 0.750000
vt 0.375000 0.750000
vt 0.375000 0.625000
vt 0.375000 0.500000
vt 0.375000 0.375000
vt 0.375000 0.250000
vt 0.375000 0.125000
vt 0.250000 0.625000
vt 0.375000 0.250000
vt 0.375000 0.125000
vt 0.375000 1.000000
vt 0.375000 0.875000
vt 0.375000 0.500000
vt 0.375000 0.375000
vt 0.250000 0.750000
vt 0.125000 0.750000
vt 0.125000 0.500000
vt 0.250000 0.500000
vt 0.375000 0.000000
vt 0.375000 0.000000
vt 0.375000 0.000000
vt 0.625000 0.000000
vt 0.125000 0.625000
vt 0.625000 0.937500
vt 0.625000 1.000000
vt 0.625000 0.875000
vt 0.375000 0.156250
vt 0.375000 0.187500
vt 0.375000 0.156250
vt 0.375000 0.218750
vt 0.375000 0.125000
vt 0.375000 0.125000
vt 0.375000 0.023438
vt 0.375000 0.046875
vt 0.375000 0.031250
vt 0.375000 0.062500
vt 0.375000 0.000000
vt 0.375000 0.000000
vt 0.375000 1.000000
vt 0.375000 1.000000
vt 0.375000 0.937500
vt 0.375000 0.687500
vt 0.375000 0.632812
vt 0.375000 0.632812
vt 0.375000 0.500000
vt 0.375000 0.562500
vt 0.375000 0.500000
vt 0.375000 0.562500
vt 0.375000 0.609375
vt 0.375000 0.593750
vt 0.375000 0.581872
vt 0.375000 0.770327
vt 0.247528 0.671526
vt 0.375000 0.403439
vt 0.375000 0.327446
vt 0.375000 0.348989
vt 0.375000 0.580130
vt 0.375000 0.497963
vn 0.864448 0.183795 0.467919
vn 0.864448 0.183795 0.467919
vn 0.864448 0.183795 0.467919
vn 0.274249 -0.014428 -0.961550
vn 0.274249 -0.014428 -0.961550
vn 0.274249 -0.014428 -0.961550
vn 0.339265 0.094746 0.935907
vn 0.339265 0.094746 0.935907
vn 0.339265 0.094746 0.935907
vn 0.339265 0.094746 0.935907
vn 0.339265 0.094746 0.935907
vn 0.304268 -0.010529 0.952528
vn 0.304268 -0.010529 0.952528
vn 0.304268 -0.010529 0.952528
vn 0.304268 -0.010529 0.952528
vn 0.197677 -0.580085 -0.790206
vn 0.197677 -0.580085 -0.790206
vn 0.197677 -0.580085 -0.790206
vn 0.858090 -0.334877 0.389280
vn 0.858090 -0.334877 0.389280
vn 0.858090 -0.334877 0.389280
vn 0.106580 0.377584 -0.919821
vn 0.106580 0.377584 -0.919821
vn 0.106580 0.377584 -0.919821
vn 0.106580 0.377584 -0.919821
vn 0.106580 0.377584 -0.919821
vn 0.975591 0.202225 0.085598
vn 0.975591 0.202225 0.085598
vn 0.975591 0.202225 0.085598
vn 0.975591 0.202225 0.085598
vn 0.975591 0.202225 0.085598
vn 0.975591 0.202225 0.085598
vn 0.948377 -0.292471 -0.122644
vn 0.948377 -0.292471 -0.122644
vn 0.948377 -0.292471 -0.122644
vn 0.948377 -0.292471 -0.122644
vn 0.948377 -0.292471 -0.122644
vn 0.035496 -0.427157 -0.903481
vn 0.035496 -0.427157 -0.903481
vn 0.035496 -0.427157 -0.903481
vn 0.035496 -0.427157 -0.903481
vn 0.221561 0.560724 0.797809
vn 0.221561 0.560724 0.797809
vn 0.221561 0.560724 0.797809
vn 0.221561 0.560724 0.797809
vn 0.221561 0.560724 0.797809
vn 0.221561 0.560724 0.797809
vn 0.360838 -0.141593 0.921817
vn 0.360838 -0.141593 0.921817
vn 0.360838 -0.141593 0.921817
vn 0.360838 -0.141593 0.921817
vn 0.900613 -0.109253 -0.420667
vn 0.900613 -0.109253 -0.420667
vn 0.900613 -0.109253 -0.420667
vn 0.900613 -0.109253 -0.420667
vn 0.900613 -0.109253 -0.420667
vn 0.900613 -0.109253 -0.420667
vn 0.908944 -0.261722 -0.324536
vn 0.908944 -0.261722 -0.324536
vn 0.908944 -0.261722 -0.324536
vn 0.908944 -0.261722 -0.324536
vn 0.908944 -0.261722 -0.324536
vn 0.908944 -0.261722 -0.324536
vn 0.908944 -0.261722 -0.324536
vn -0.002999 0.950274 0.311401
vn -0.002999 0.950274 0.311401
vn -0.002999 0.950274 0.311401
vn -0.002999 0.950274 0.311401
vn 0.967328 0.195930 0.160896
vn 0.967328 0.195930 0.160896
vn 0.967328 0.195930 0.160896
vn 0.967328 0.195930 0.160896
vn 0.183670 0.920933 0.343727
vn 0.183670 0.920933 0.343727
vn 0.183670 0.920933 0.343727
vn 0.183670 0.920933 0.343727
vn 0.346947 -0.921221 -0.176012
vn 0.346947 -0.921221 -0.176012
vn 0.346947 -0.921221 -0.176012
vn 0.346947 -0.921221 -0.176012
vn 0.796627 0.603076 0.041057
vn 0.796627 0.603076 0.041057
vn 0.796627 0.603076 0.041057
vn 0.796627 0.603076 0.041057
vn 0.261471 0.706621 -0.657511
vn 0.261471 0.706621 -0.657511
vn 0.261471 0.706621 -0.657511
vn 0.261471 0.706621 -0.657511
vn 0.243976 0.710021 0.660565
vn 0.243976 0.710021 0.660565
vn 0.243976 0.710021 0.660565
vn 0.377865 0.923949 0.059474
vn 0.377865 0.923949 0.059474
vn 0.377865 0.923949 0.059474
vn 0.377865 0.923949 0.059474
vn 0.543649 -0.521723 0.657458
vn 0.543649 -0.521723 0.657458
vn 0.543649 -0.521723 0.657458
vn 0.888590 -0.450129 -0.088273
vn 0.888590 -0.450129 -0.088273
vn 0.888590 -0.450129 -0.088273
vn 0.504746 0.121747 -0.854640
vn 0.504746 0.121747 -0.854640
vn 0.504746 0.121747 -0.854640
vn 0.504746 0.121747 -0.854640
vn 0.648144 0.371133 0.664959
vn 0.648144 0.371133 0.664959
vn 0.648144 0.371133 0.664959
vn 0.535131 -0.128326 0.834965
vn 0.535131 -0.128326 0.834965
vn 0.535131 -0.128326 0.834965
vn 0.480636 0.118254 0.868910
vn 0.480636 0.118254 0.868910
vn 0.480636 0.118254 0.868910
vn 0.480636 0.118254 0.868910
vn 0.486865 -0.428665 0.761057
vn 0.486865 -0.428665 0.761057
vn 0.486865 -0.428665 0.761057
vn 0.844825 -0.504701 0.177616
vn 0.844825 -0.504701 0.177616
vn 0.844825 -0.504701 0.177616
vn 0.979631 -0.055481 0.192989
vn 0.979631 -0.055481 0.192989
vn 0.979631 -0.055481 0.192989
vn 0.979631 -0.055481 0.192989
vn 0.979573 -0.127396 -0.155587
vn 0.979573 -0.127396 -0.155587
vn 0.979573 -0.127396 -0.155587
vn 0.979573 -0.127396 -0.155587
vn 0.803643 0.405115 -0.435936
vn 0.803643 0.405115 -0.435936
vn 0.803643 0.405115 -0.435936
vn 0.803643 0.405115 -0.435936
vn 0.589230 0.364635 0.721006
vn 0.589230 0.364635 0.721006
vn 0.589230 0.364635 0.721006
vn 0.412962 0.500732 0.760743
vn 0.412962 0.500732 0.760743
vn 0.412962 0.500732 0.760743
vn 0.412962 0.500732 0.760743
vn 0.289244 -0.905386 -0.310828
vn 0.289244 -0.905386 -0.310828
vn 0.289244 -0.905386 -0.310828
vn 0.883745 -0.457088 -0.100325
vn 0.883745 -0.457088 -0.100325
vn 0.883745 -0.457088 -0.100325
vn 0.883745 -0.457088 -0.100325
vn 0.988683 -0.147387 -0.027996
vn 0.988683 -0.147387 -0.027996
vn 0.988683 -0.147387 -0.027996
vn 0.988683 -0.147387 -0.027996
vn 0.316652 0.948145 -0.027424
vn 0.316652 0.948145 -0.027424
vn 0.316652 0.948145 -0.027424
vn 0.316652 0.948145 -0.027424
vn 0.824382 0.565581 -0.022640
vn 0.824382 0.565581 -0.022640
vn 0.824382 0.565581 -0.022640
vn 0.824382 0.565581 -0.022640
vn 0.852188 -0.500476 0.152643
vn 0.852188 -0.500476 0.152643
vn 0.852188 -0.500476 0.152643
vn 0.852188 -0.500476 0.152643
vn 0.604368 -0.126988 0.786520
vn 0.604368 -0.126988 0.786520
vn 0.604368 -0.126988 0.786520
vn 0.604368 -0.126988 0.786520
vn 0.496156 -0.152252 0.854780
vn 0.496156 -0.152252 0.854780
vn 0.496156 -0.152252 0.854780
vn 0.496156 -0.152252 0.854780
vn 0.285562 0.264973 -0.921002
vn 0.285562 0.264973 -0.921002
vn 0.285562 0.264973 -0.921002
vn 0.285562 0.264973 -0.921002
vn 0.927886 0.093086 -0.361057
vn 0.927886 0.093086 -0.361057
vn 0.927886 0.093086 -0.361057
vn 0.927886 0.093086 -0.361057
vn 0.927113 -0.101275 0.360839
vn 0.927113 -0.101275 0.360839
vn 0.927113 -0.101275 0.360839
vn 0.927113 -0.101275 0.360839
vn 0.414370 -0.270829 0.868878
vn 0.414370 -0.270829 0.868878
vn 0.414370 -0.270829 0.868878
vn 0.414370 -0.270829 0.868878
vn 0.134979 0.986448 0.093278
vn 0.134979 0.986448 0.093278
vn 0.134979 0.986448 0.093278
vn 0.134979 0.986448 0.093278
vn 0.481438 -0.255602 -0.838382
vn 0.481438 -0.255602 -0.838382
vn 0.481438 -0.255602 -0.838382
vn 0.481438 -0.255602 -0.838382
vn 0.481438 -0.255602 -0.838382
vn 0.338481 -0.790408 -0.510574
vn 0.338481 -0.790408 -0.510574
vn 0.338481 -0.790408 -0.510574
vn 0.338481 -0.790408 -0.510574
vn 0.260865 -0.833385 -0.487256
vn 0.260865 -0.833385 -0.487256
vn 0.260865 -0.833385 -0.487256
vn 0.260865 -0.833385 -0.487256
vn 0.456362 -0.777538 -0.432630
vn 0.456362 -0.777538 -0.432630
vn 0.456362 -0.777538 -0.432630
vn 0.456362 -0.777538 -0.432630
vn 0.301370 -0.807485 -0.507094
vn 0.301370 -0.807485 -0.507094
vn 0.301370 -0.807485 -0.507094
vn 0.965505 -0.011279 -0.260140
vn 0.965505 -0.011279 -0.260140
vn 0.965505 -0.011279 -0.260140
vn 0.965505 -0.011279 -0.260140
vn 0.987511 0.025211 -0.155519
vn 0.987511 0.025211 -0.155519
vn 0.987511 0.025211 -0.155519
vn 0.294970 0.943874 0.148640
vn 0.294970 0.943874 0.148640
vn 0.294970 0.943874 0.148640
vn 0.294970 0.943874 0.148640
vn 0.317559 0.924963 0.208806
vn 0.317559 0.924963 0.208806
vn 0.317559 0.924963 0.208806
vn 0.317559 0.924963 0.208806
vn 0.963355 0.202569 -0.175822
vn 0.963355 0.202569 -0.175822
vn 0.963355 0.202569 -0.175822
vn -0.013398 -0.430843 -0.902327
vn -0.013398 -0.430843 -0.902327
vn -0.013398 -0.430843 -0.902327
vn 0.871705 0.296060 -0.390485
vn 0.871705 0.296060 -0.390485
vn 0.871705 0.296060 -0.390485
vn 0.922258 0.023800 0.385841
vn 0.922258 0.023800 0.385841
vn 0.922258 0.023800 0.385841
vn 0.089190 -0.222210 -0.970911
vn 0.089190 -0.222210 -0.970911
vn 0.089190 -0.222210 -0.970911
vn 0.089190 -0.222210 -0.970911
vn 0.427548 0.467078 -0.773977
vn 0.427548 0.467078 -0.773977
vn 0.427548 0.467078 -0.773977
vn 0.861534 0.331722 0.384343
vn 0.861534 0.331722 0.384343
vn 0.861534 0.331722 0.384343
vn 0.861534 0.331722 0.384343
vn 0.904703 0.351921 -0.240133
vn 0.904703 0.351921 -0.240133
vn 0.904703 0.351921 -0.240133
vn 0.904703 0.351921 -0.240133
vn 0.904703 0.351921 -0.240133
vn 0.904703 0.351921 -0.240133
vn 0.103683 0.514189 -0.851387
vn 0.103683 0.514189 -0.851387
vn 0.103683 0.514189 -0.851387
vn 0.103683 0.514189 -0.851387
vn 0.375263 -0.278888 -0.883968
vn 0.375263 -0.278888 -0.883968
vn 0.375263 -0.278888 -0.883968
vn -0.879423 0.027444 -0.475249
vn -0.879423 0.027444 -0.475249
vn -0.879423 0.027444 -0.475249
vn -0.819080 0.083384 -0.567587
vn -0.819080 0.083384 -0.567587
vn -0.819080 0.083384 -0.567587
vn -0.819080 0.083384 -0.567587
vn 0.084489 0.148000 -0.985372
vn 0.084489 0.148000 -0.985372
vn 0.084489 0.148000 -0.985372
vn 0.084489 0.148000 -0.985372
vn -0.759364 0.115573 -0.640320
vn -0.759364 0.115573 -0.640320
vn -0.759364 0.115573 -0.640320
vn 0.665036 0.292884 -0.686984
vn 0.665036 0.292884 -0.686984
vn 0.665036 0.292884 -0.686984
vn 0.665036 0.292884 -0.686984
vn 0.138081 -0.389624 -0.910564
vn 0.138081 -0.389624 -0.910564
vn 0.138081 -0.389624 -0.910564
vn 0.774062 0.270126 -0.572591
vn 0.774062 0.270126 -0.572591
vn 0.774062 0.270126 -0.572591
vn 0.258666 0.208332 -0.943234
vn 0.258666 0.208332 -0.943234
vn 0.258666 0.208332 -0.943234
vn 0.258666 0.208332 -0.943234
vn 0.276162 0.603744 -0.747815
vn 0.276162 0.603744 -0.747815
vn 0.276162 0.603744 -0.747815
vn 0.186277 0.547477 -0.815824
vn 0.186277 0.547477 -0.815824
vn 0.186277 0.547477 -0.815824
vn 0.118587 -0.364696 -0.923544
vn 0.118587 -0.364696 -0.923544
vn 0.118587 -0.364696 -0.923544
vn 0.350468 -0.274326 -0.895498
vn 0.350468 -0.274326 -0.895498
vn 0.350468 -0.274326 -0.895498
vn 0.223176 -0.068690 -0.972355
vn 0.223176 -0.068690 -0.972355
vn 0.223176 -0.068690 -0.972355
vn 0.279476 -0.100142 -0.954916
vn 0.279476 -0.100142 -0.954916
vn 0.279476 -0.100142 -0.954916
vn 0.348852 0.229267 0.908702
vn 0.348852 0.229267 0.908702
vn 0.348852 0.229267 0.908702
vn 0.348852 0.229267 0.908702
vn -0.947646 -0.291898 -0.129473
vn -0.947646 -0.291898 -0.129473
vn -0.947646 -0.291898 -0.129473
vn -0.947646 -0.291898 -0.129473
vn 0.424872 -0.187044 -0.885719
vn 0.424872 -0.187044 -0.885719
vn 0.424872 -0.187044 -0.885719
vn 0.424872 -0.187044 -0.885719
vn 0.910990 0.013055 0.412221
vn 0.910990 0.013055 0.412221
vn 0.910990 0.013055 0.412221
vn 0.910990 0.013055 0.412221
vn -0.193973 -0.168389 0.966447
vn -0.193973 -0.168389 0.966447
vn -0.193973 -0.168389 0.966447
vn -0.193973 -0.168389 0.966447
vn -0.601935 -0.398861 0.691798
vn -0.601935 -0.398861 0.691798
vn -0.601935 -0.398861 0.691798
vn -0.601935 -0.398861 0.691798
vn 0.886686 -0.084413 0.454601
vn 0.886686 -0.084413 0.454601
vn 0.886686 -0.084413 0.454601
vn 0.886686 -0.084413 0.454601
vn 0.923541 -0.080419 -0.374973
vn 0.923541 -0.080419 -0.374973
vn 0.923541 -0.080419 -0.374973
vn 0.923541 -0.080419 -0.374973
vn -0.943587 -0.291558 0.156961
vn -0.943587 -0.291558 0.156961
vn -0.943587 -0.291558 0.156961
vn -0.943587 -0.291558 0.156961
vn -0.095884 -0.300255 -0.949027
vn -0.095884 -0.300255 -0.949027
vn -0.095884 -0.300255 -0.949027
vn -0.095884 -0.300255 -0.949027
vn 0.543543 0.034467 0.838673
vn 0.543543 0.034467 0.838673
vn 0.543543 0.034467 0.838673
vn 0.543543 0.034467 0.838673
vn 0.429542 0.208090 -0.878745
vn 0.429542 0.208090 -0.878745
vn 0.429542 0.208090 -0.878745
vn 0.429542 0.208090 -0.878745
vn -0.886878 -0.225423 0.403276
vn -0.886878 -0.225423 0.403276
vn -0.886878 -0.225423 0.403276
vn -0.886878 -0.225423 0.403276
vn -0.888200 -0.139890 -0.437644
vn -0.888200 -0.139890 -0.437644
vn -0.888200 -0.139890 -0.437644
vn -0.888200 -0.139890 -0.437644
vn 0.656042 -0.228802 0.719207
vn 0.656042 -0.228802 0.719207
vn 0.656042 -0.228802 0.719207
vn 0.656042 -0.228802 0.719207
vn -0.522552 -0.035340 -0.851875
vn -0.522552 -0.035340 -0.851875
vn -0.522552 -0.035340 -0.851875
vn -0.522552 -0.035340 -0.851875
vn -0.887408 -0.308326 0.342698
vn -0.887408 -0.308326 0.342698
vn -0.887408 -0.308326 0.342698
vn -0.887408 -0.308326 0.342698
vn 0.516057 0.122681 -0.847723
vn 0.516057 0.122681 -0.847723
vn 0.516057 0.122681 -0.847723
vn 0.516057 0.122681 -0.847723
vn 0.785867 0.142239 -0.601814
vn 0.785867 0.142239 -0.601814
vn 0.785867 0.142239 -0.601814
vn 0.785867 0.142239 -0.601814
vn 0.796123 0.005865 -0.605107
vn 0.796123 0.005865 -0.605107
vn 0.796123 0.005865 -0.605107
vn 0.796123 0.005865 -0.605107
vn -0.886821 -0.007035 -0.462059
vn -0.886821 -0.007035 -0.462059
vn -0.886821 -0.007035 -0.462059
vn -0.886821 -0.007035 -0.462059
vn 0.850107 -0.014381 0.526413
vn 0.850107 -0.014381 0.526413
vn 0.850107 -0.014381 0.526413
vn 0.850107 -0.014381 0.526413
vn 0.600955 -0.102680 0.792660
vn 0.600955 -0.102680 0.792660
vn 0.600955 -0.102680 0.792660
vn 0.600955 -0.102680 0.792660
vn -0.437964 0.091830 -0.894290
vn -0.437964 0.091830 -0.894290
vn -0.437964 0.091830 -0.894290
vn -0.437964 0.091830 -0.894290
vn -0.568872 -0.259043 0.780565
vn -0.568872 -0.259043 0.780565
vn -0.568872 -0.259043 0.780565
vn -0.568872 -0.259043 0.780565
vn -0.847488 -0.036960 -0.529526
vn -0.847488 -0.036960 -0.529526
vn -0.847488 -0.036960 -0.529526
vn -0.847488 -0.036960 -0.529526
vn 0.709255 0.205263 -0.674407
vn 0.709255 0.205263 -0.674407
vn 0.709255 0.205263 -0.674407
vn 0.709255 0.205263 -0.674407
vn -0.589227 -0.170721 -0.789725
vn -0.589227 -0.170721 -0.789725
vn -0.589227 -0.170721 -0.789725
vn -0.589227 -0.170721 -0.789725
vn 0.548052 0.020873 0.836184
vn 0.548052 0.020873 0.836184
vn 0.548052 0.020873 0.836184
vn 0.548052 0.020873 0.836184
vn -0.943537 0.003869 0.331245
vn -0.943537 0.003869 0.331245
vn -0.943537 0.003869 0.331245
vn -0.943537 0.003869 0.331245
vn 0.502521 0.169074 -0.847872
vn 0.502521 0.169074 -0.847872
vn 0.502521 0.169074 -0.847872
vn 0.502521 0.169074 -0.847872
vn 0.891172 0.022180 0.453123
vn 0.891172 0.022180 0.453123
vn 0.891172 0.022180 0.453123
vn 0.891172 0.022180 0.453123
vn 0.577046 0.166953 0.799465
vn 0.577046 0.166953 0.799465
vn 0.577046 0.166953 0.799465
vn 0.577046 0.166953 0.799465
vn -0.497167 0.168920 -0.851053
vn -0.497167 0.168920 -0.851053
vn -0.497167 0.168920 -0.851053
vn -0.497167 0.168920 -0.851053
vn -0.571553 0.166922 0.803408
vn -0.571553 0.166922 0.803408
vn -0.571553 0.166922 0.803408
vn -0.571553 0.166922 0.803408
vn 0.729754 0.232387 -0.643005
vn 0.729754 0.232387 -0.643005
vn 0.729754 0.232387 -0.643005
vn 0.729754 0.232387 -0.643005
vn -0.864663 0.009713 -0.502258
vn -0.864663 0.009713 -0.502258
vn -0.864663 0.009713 -0.502258
vn -0.864663 0.009713 -0.502258
vn -0.607849 -0.219732 0.763045
vn -0.607849 -0.219732 0.763045
vn -0.607849 -0.219732 0.763045
vn -0.607849 -0.219732 0.763045
vn -0.472443 0.032811 -0.880750
vn -0.472443 0.032811 -0.880750
vn -0.472443 0.032811 -0.880750
vn -0.472443 0.032811 -0.880750
vn 0.637476 -0.056844 0.768370
vn 0.637476 -0.056844 0.768370
vn 0.637476 -0.056844 0.768370
vn 0.637476 -0.056844 0.768370
vn 0.870152 0.103862 0.481714
vn 0.870152 0.103862 0.481714
vn 0.870152 0.103862 0.481714
vn 0.870152 0.103862 0.481714
vn -0.920508 -0.115607 0.373229
vn -0.920508 -0.115607 0.373229
vn -0.920508 -0.115607 0.373229
vn -0.920508 -0.115607 0.373229
vn 0.465957 0.156368 -0.870881
vn 0.465957 0.156368 -0.870881
vn 0.465957 0.156368 -0.870881
vn 0.465957 0.156368 -0.870881
vn 0.842253 -0.221083 -0.491662
vn 0.842253 -0.221083 -0.491662
vn 0.842253 -0.221083 -0.491662
vn 0.842253 -0.221083 -0.491662
vn -0.913833 -0.177550 -0.365220
vn -0.913833 -0.177550 -0.365220
vn -0.913833 -0.177550 -0.365220
vn -0.913833 -0.177550 -0.365220
vn -0.542446 0.019501 0.839864
vn -0.542446 0.019501 0.839864
vn -0.542446 0.019501 0.839864
vn -0.542446 0.019501 0.839864
vn -0.916567 -0.130823 -0.377876
vn -0.916567 -0.130823 -0.377876
vn -0.916567 -0.130823 -0.377876
vn -0.916567 -0.130823 -0.377876
vn 0.846678 -0.148070 -0.511089
vn 0.846678 -0.148070 -0.511089
vn 0.846678 -0.148070 -0.511089
vn 0.846678 -0.148070 -0.511089
vn -0.957789 -0.050038 0.283084
vn -0.957789 -0.050038 0.283084
vn -0.957789 -0.050038 0.283084
vn -0.957789 -0.050038 0.283084
vn 0.594918 -0.168257 -0.785979
vn 0.594918 -0.168257 -0.785979
vn 0.594918 -0.168257 -0.785979
vn 0.594918 -0.168257 -0.785979
vn 0.919289 -0.039880 0.391559
vn 0.919289 -0.039880 0.391559
vn 0.919289 -0.039880 0.391559
vn 0.919289 -0.039880 0.391559
vn 0.925476 0.222328 0.306699
vn 0.925476 0.222328 0.306699
vn 0.925476 0.222328 0.306699
vn 0.925476 0.222328 0.306699
vn 0.564733 -0.401027 -0.721286
vn 0.564733 -0.401027 -0.721286
vn 0.564733 -0.401027 -0.721286
vn 0.564733 -0.401027 -0.721286
vn -0.962261 0.031233 0.270331
vn -0.962261 0.031233 0.270331
vn -0.962261 0.031233 0.270331
vn -0.962261 0.031233 0.270331
vn 0.587351 -0.312700 -0.746483
vn 0.587351 -0.312700 -0.746483
vn 0.587351 -0.312700 -0.746483
vn 0.587351 -0.312700 -0.746483
vn 0.924649 0.062271 0.375695
vn 0.924649 0.062271 0.375695
vn 0.924649 0.062271 0.375695
vn 0.924649 0.062271 0.375695
vn 0.553517 0.184676 0.812104
vn 0.553517 0.184676 0.812104
vn 0.553517 0.184676 0.812104
vn 0.553517 0.184676 0.812104
vn -0.581638 -0.315218 -0.749890
vn -0.581638 -0.315218 -0.749890
vn -0.581638 -0.315218 -0.749890
vn -0.581638 -0.315218 -0.749890
vn -0.547953 0.184531 0.815902
vn -0.547953 0.184531 0.815902
vn -0.547953 0.184531 0.815902
vn -0.547953 0.184531 0.815902
vn 0.000000 -0.992920 0.118789
vn 0.000000 -0.992920 0.118789
vn 0.000000 -0.992920 0.118789
vn 0.000000 -0.992920 0.118789
vn 0.000000 -0.992920 0.118789
vn 0.000000 -0.992920 0.118789
vn 0.000000 -0.992920 0.118789
vn 0.000000 -0.992920 0.118789
vn 0.000000 -0.992920 0.118789
vn 0.000000 -0.992920 0.118789
vn 0.471858 0.589846 0.655310
vn 0.471858 0.589846 0.655310
vn 0.471858 0.589846 0.655310
vn 0.471858 0.589846 0.655310
vn -0.559150 -0.402844 -0.724616
vn -0.559150 -0.402844 -0.724616
vn -0.559150 -0.402844 -0.724616
vn -0.559150 -0.402844 -0.724616
vn -0.466531 0.591685 0.657463
vn -0.466531 0.591685 0.657463
vn -0.466531 0.591685 0.657463
vn -0.466531 0.591685 0.657463
vn -0.907409 -0.204201 -0.367302
vn -0.907409 -0.204201 -0.367302
vn -0.907409 -0.204201 -0.367302
vn -0.907409 -0.204201 -0.367302
vn 0.829352 -0.271450 -0.488355
vn 0.829352 -0.271450 -0.488355
vn 0.829352 -0.271450 -0.488355
vn 0.829352 -0.271450 -0.488355
vn -0.962592 0.159005 0.219396
vn -0.962592 0.159005 0.219396
vn -0.962592 0.159005 0.219396
vn -0.962592 0.159005 0.219396
vn 0.521960 0.129790 -0.843038
vn 0.521960 0.129790 -0.843038
vn 0.521960 0.129790 -0.843038
vn 0.521960 0.129790 -0.843038
vn 0.764920 0.584827 0.269952
vn 0.764920 0.584827 0.269952
vn 0.764920 0.584827 0.269952
vn 0.000000 -0.992920 0.118789
vn 0.000000 -0.992920 0.118789
vn 0.000000 -0.992920 0.118789
vn 0.000000 -0.992920 0.118789
vn 0.000000 -0.992920 0.118789
vn 0.000000 -0.992920 0.118789
vn 0.000000 -0.992920 0.118789
vn 0.000000 -0.992920 0.118789
vn 0.797235 0.575833 0.181195
vn 0.797235 0.575833 0.181195
vn 0.797235 0.575833 0.181195
vn 0.357371 0.909178 0.213732
vn 0.357371 0.909178 0.213732
vn 0.357371 0.909178 0.213732
vn 0.357371 0.909178 0.213732
vn 0.754236 0.257771 0.603890
vn 0.754236 0.257771 0.603890
vn 0.754236 0.257771 0.603890
vn 0.754236 0.257771 0.603890
vn -0.526742 0.051582 -0.848459
vn -0.526742 0.051582 -0.848459
vn -0.526742 0.051582 -0.848459
vn -0.526742 0.051582 -0.848459
vn -0.955205 0.292647 0.044060
vn -0.955205 0.292647 0.044060
vn -0.955205 0.292647 0.044060
vn 0.000000 -0.992920 0.118789
vn 0.000000 -0.992920 0.118789
vn 0.000000 -0.992920 0.118789
vn 0.000000 -0.992920 0.118789
vn 0.000000 -0.992920 0.118789
vn 0.000000 -0.992920 0.118789
vn 0.000000 -0.992920 0.118789
vn 0.000000 -0.992920 0.118789
vn 0.000000 -0.992920 0.118789
vn 0.000000 -0.992920 0.118789
vn -0.931586 0.325475 0.161908
vn -0.931586 0.325475 0.161908
vn -0.931586 0.325475 0.161908
vn -0.250464 0.939301 0.234480
vn -0.250464 0.939301 0.234480
vn -0.250464 0.939301 0.234480
vn -0.250464 0.939301 0.234480
vn -0.547341 0.323487 0.771864
vn -0.547341 0.323487 0.771864
vn -0.547341 0.323487 0.771864
vn -0.547341 0.323487 0.771864
vn -0.373943 0.819811 0.433679
vn -0.373943 0.819811 0.433679
vn -0.373943 0.819811 0.433679
vn -0.373943 0.819811 0.433679
vn 0.421040 0.809040 0.410097
vn 0.421040 0.809040 0.410097
vn 0.421040 0.809040 0.410097
vn 0.421040 0.809040 0.410097
vn -0.997753 -0.022674 0.063045
vn -0.997753 -0.022674 0.063045
vn -0.997753 -0.022674 0.063045
vn -0.520128 -0.177596 -0.835420
vn -0.520128 -0.177596 -0.835420
vn -0.520128 -0.177596 -0.835420
vn -0.520128 -0.177596 -0.835420
vn 0.948295 0.292926 0.122190
vn 0.948295 0.292926 0.122190
vn 0.948295 0.292926 0.122190
vn 0.556662 -0.131966 -0.820190
vn 0.556662 -0.131966 -0.820190
vn 0.556662 -0.131966 -0.820190
vn 0.556662 -0.131966 -0.820190
vn 0.588907 0.791695 0.162501
vn 0.588907 0.791695 0.162501
vn 0.588907 0.791695 0.162501
vn -0.587373 0.771262 0.245250
vn -0.587373 0.771262 0.245250
vn -0.587373 0.771262 0.245250
vn 0.860450 0.238527 -0.450256
vn 0.860450 0.238527 -0.450256
vn 0.860450 0.238527 -0.450256
vn 0.860450 0.238527 -0.450256
vn -0.966848 0.092293 -0.238092
vn -0.966848 0.092293 -0.238092
vn -0.966848 0.092293 -0.238092
vn -0.966848 0.092293 -0.238092
vn 0.889773 0.446591 0.094132
vn 0.889773 0.446591 0.094132
vn 0.889773 0.446591 0.094132
vn -0.992053 0.117106 0.046020
vn -0.992053 0.117106 0.046020
vn -0.992053 0.117106 0.046020
vn -0.908521 0.124281 0.398928
vn -0.908521 0.124281 0.398928
vn -0.908521 0.124281 0.398928
vn -0.995752 -0.022143 0.089371
vn -0.995752 -0.022143 0.089371
vn -0.995752 -0.022143 0.089371
vn 0.924869 -0.005806 -0.380243
vn 0.924869 -0.005806 -0.380243
vn 0.924869 -0.005806 -0.380243
vn 0.967363 -0.118362 -0.224050
vn 0.967363 -0.118362 -0.224050
vn 0.967363 -0.118362 -0.224050
vn -0.986915 0.092042 -0.132390
vn -0.986915 0.092042 -0.132390
vn -0.986915 0.092042 -0.132390
vn -0.997926 -0.030272 0.056807
vn -0.997926 -0.030272 0.056807
vn -0.997926 -0.030272 0.056807
vn 0.942758 0.279424 0.182016
vn 0.942758 0.279424 0.182016
vn 0.942758 0.279424 0.182016
vn 0.942758 0.279424 0.182016
vn -0.963444 0.213866 -0.161358
vn -0.963444 0.213866 -0.161358
vn -0.963444 0.213866 -0.161358
vn -0.959816 0.215394 -0.179884
vn -0.959816 0.215394 -0.179884
vn -0.959816 0.215394 -0.179884
vn -0.946126 0.323199 -0.019729
vn -0.946126 0.323199 -0.019729
vn -0.946126 0.323199 -0.019729
vn -0.707328 0.379913 0.596115
vn -0.707328 0.379913 0.596115
vn -0.707328 0.379913 0.596115
vn 0.454937 0.326811 -0.828388
vn 0.454937 0.326811 -0.828388
vn 0.454937 0.326811 -0.828388
vn 0.454937 0.326811 -0.828388
vn 0.878190 0.406728 0.251706
vn 0.878190 0.406728 0.251706
vn 0.878190 0.406728 0.251706
vn 0.010499 0.649154 0.760585
vn 0.010499 0.649154 0.760585
vn 0.010499 0.649154 0.760585
vn 0.010499 0.649154 0.760585
vn 0.898652 0.316988 0.303221
vn 0.898652 0.316988 0.303221
vn 0.898652 0.316988 0.303221
vn 0.898652 0.316988 0.303221
vn 0.042292 0.982106 0.183521
vn 0.042292 0.982106 0.183521
vn 0.042292 0.982106 0.183521
vn 0.042292 0.982106 0.183521
vn 0.042292 0.982106 0.183521
vn 0.042292 0.982106 0.183521
vn 0.811037 0.199293 -0.550001
vn 0.811037 0.199293 -0.550001
vn 0.811037 0.199293 -0.550001
vn 0.811037 0.199293 -0.550001
vn 0.887874 0.344215 -0.305279
vn 0.887874 0.344215 -0.305279
vn 0.887874 0.344215 -0.305279
vn 0.251366 -0.016761 0.967747
vn 0.251366 -0.016761 0.967747
vn 0.251366 -0.016761 0.967747
vn 0.251366 -0.016761 0.967747
vn 0.190670 0.856978 -0.478783
vn 0.190670 0.856978 -0.478783
vn 0.190670 0.856978 -0.478783
vn 0.100885 0.979405 0.174894
vn 0.100885 0.979405 0.174894
vn 0.100885 0.979405 0.174894
vn 0.248365 0.722376 0.645359
vn 0.248365 0.722376 0.645359
vn 0.248365 0.722376 0.645359
vn 0.248365 0.722376 0.645359
vn 0.434467 0.261909 -0.861767
vn 0.434467 0.261909 -0.861767
vn 0.434467 0.261909 -0.861767
vn 0.577028 -0.648741 -0.496159
vn 0.577028 -0.648741 -0.496159
vn 0.577028 -0.648741 -0.496159
vn 0.251775 0.077141 0.964706
vn 0.251775 0.077141 0.964706
vn 0.251775 0.077141 0.964706
vn 0.251775 0.077141 0.964706
vn 0.865411 0.187361 -0.464714
vn 0.865411 0.187361 -0.464714
vn 0.865411 0.187361 -0.464714
vn 0.865411 0.187361 -0.464714
vn 0.138383 -0.065580 0.988205
vn 0.138383 -0.065580 0.988205
vn 0.138383 -0.065580 0.988205
vn 0.138383 -0.065580 0.988205
vn 0.138383 -0.065580 0.988205
vn 0.913182 0.239214 0.329963
vn 0.913182 0.239214 0.329963
vn 0.913182 0.239214 0.329963
vn 0.913182 0.239214 0.329963
vn 0.390151 -0.036046 -0.920045
vn 0.390151 -0.036046 -0.920045
vn 0.390151 -0.036046 -0.920045
vn 0.390151 -0.036046 -0.920045
vn 0.589719 0.625907 -0.510365
vn 0.589719 0.625907 -0.510365
vn 0.589719 0.625907 -0.510365
vn 0.850356 0.144225 -0.506058
vn 0.850356 0.144225 -0.506058
vn 0.850356 0.144225 -0.506058
vn 0.878076 0.429539 0.210898
vn 0.878076 0.429539 0.210898
vn 0.878076 0.429539 0.210898
vn 0.014698 0.987812 0.154959
vn 0.014698 0.987812 0.154959
vn 0.014698 0.987812 0.154959
vn 0.327355 0.378113 -0.865950
vn 0.327355 0.378113 -0.865950
vn 0.327355 0.378113 -0.865950
vn 0.059093 -0.828056 0.557522
vn 0.059093 -0.828056 0.557522
vn 0.059093 -0.828056 0.557522
vn -0.866181 -0.486984 0.112149
vn -0.866181 -0.486984 0.112149
vn -0.866181 -0.486984 0.112149
vn -0.866181 -0.486984 0.112149
vn -0.795962 -0.587857 0.144461
vn -0.795962 -0.587857 0.144461
vn -0.795962 -0.587857 0.144461
vn -0.944998 -0.326928 -0.009841
vn -0.944998 -0.326928 -0.009841
vn -0.944998 -0.326928 -0.009841
vn -0.944998 -0.326928 -0.009841
vn 0.168473 -0.318747 0.932747
vn 0.168473 -0.318747 0.932747
vn 0.168473 -0.318747 0.932747
vn 0.168473 -0.318747 0.932747
vn 0.354066 -0.484473 -0.799952
vn 0.354066 -0.484473 -0.799952
vn 0.354066 -0.484473 -0.799952
vn 0.354066 -0.484473 -0.799952
vn 0.769724 -0.410039 -0.489278
vn 0.769724 -0.410039 -0.489278
vn 0.769724 -0.410039 -0.489278
vn 0.769724 -0.410039 -0.489278
vn -0.837012 -0.543310 0.065000
vn -0.837012 -0.543310 0.065000
vn -0.837012 -0.543310 0.065000
vn -0.837012 -0.543310 0.065000
vn -0.174770 -0.104636 0.979034
vn -0.174770 -0.104636 0.979034
vn -0.174770 -0.104636 0.979034
vn -0.174770 -0.104636 0.979034
vn -0.164281 -0.391720 -0.905300
vn -0.164281 -0.391720 -0.905300
vn -0.164281 -0.391720 -0.905300
vn -0.164281 -0.391720 -0.905300
vn 0.329451 -0.167859 -0.929131
vn 0.329451 -0.167859 -0.929131
vn 0.329451 -0.167859 -0.929131
vn 0.329451 -0.167859 -0.929131
vn -0.816169 -0.509443 -0.272648
vn -0.816169 -0.509443 -0.272648
vn -0.816169 -0.509443 -0.272648
vn -0.816169 -0.509443 -0.272648
vn -0.892433 -0.363364 -0.267450
vn -0.892433 -0.363364 -0.267450
vn -0.892433 -0.363364 -0.267450
vn -0.892433 -0.363364 -0.267450
vn 0.253963 -0.456994 -0.852443
vn 0.253963 -0.456994 -0.852443
vn 0.253963 -0.456994 -0.852443
vn 0.253963 -0.456994 -0.852443
vn -0.236362 -0.504697 -0.830309
vn -0.236362 -0.504697 -0.830309
vn -0.236362 -0.504697 -0.830309
vn -0.236362 -0.504697 -0.830309
vn -0.864296 -0.334497 0.375639
vn -0.864296 -0.334497 0.375639
vn -0.864296 -0.334497 0.375639
vn -0.094590 0.166373 0.981516
vn -0.094590 0.166373 0.981516
vn -0.094590 0.166373 0.981516
vn -0.094590 0.166373 0.981516
vn -0.937674 -0.310627 0.155815
vn -0.937674 -0.310627 0.155815
vn -0.937674 -0.310627 0.155815
vn -0.937674 -0.310627 0.155815
vn 0.140180 0.246849 0.958861
vn 0.140180 0.246849 0.958861
vn 0.140180 0.246849 0.958861
vn 0.140180 0.246849 0.958861
vn 0.918168 0.008817 -0.396093
vn 0.918168 0.008817 -0.396093
vn 0.918168 0.008817 -0.396093
vn 0.918168 0.008817 -0.396093
vn 0.938578 0.170933 0.299754
vn 0.938578 0.170933 0.299754
vn 0.938578 0.170933 0.299754
vn 0.896393 0.173398 -0.407937
vn 0.896393 0.173398 -0.407937
vn 0.896393 0.173398 -0.407937
vn 0.896393 0.173398 -0.407937
vn 0.896393 0.173398 -0.407937
vn -0.237077 -0.105666 -0.965727
vn -0.237077 -0.105666 -0.965727
vn -0.237077 -0.105666 -0.965727
vn -0.237077 -0.105666 -0.965727
vn -0.237077 -0.105666 -0.965727
vn 0.224873 0.141897 -0.964001
vn 0.224873 0.141897 -0.964001
vn 0.224873 0.141897 -0.964001
vn 0.224873 0.141897 -0.964001
vn -0.911476 -0.400853 -0.092353
vn -0.911476 -0.400853 -0.092353
vn -0.911476 -0.400853 -0.092353
vn -0.911476 -0.400853 -0.092353
vn -0.911476 -0.400853 -0.092353
vn 0.030997 -0.274223 -0.961166
vn 0.030997 -0.274223 -0.961166
vn 0.030997 -0.274223 -0.961166
vn -0.009199 -0.265703 -0.964011
vn -0.009199 -0.265703 -0.964011
vn -0.009199 -0.265703 -0.964011
vn 0.900387 0.262596 0.346910
vn 0.900387 0.262596 0.346910
vn 0.900387 0.262596 0.346910
vn 0.900387 0.262596 0.346910
vn 0.266160 0.963165 0.038356
vn 0.266160 0.963165 0.038356
vn 0.266160 0.963165 0.038356
vn 0.332154 0.924830 -0.185372
vn 0.332154 0.924830 -0.185372
vn 0.332154 0.924830 -0.185372
vn -0.904542 -0.368827 0.213940
vn -0.904542 -0.368827 0.213940
vn -0.904542 -0.368827 0.213940
vn -0.904542 -0.368827 0.213940
vn -0.904542 -0.368827 0.213940
vn -0.020298 -0.077853 -0.996758
vn -0.020298 -0.077853 -0.996758
vn -0.020298 -0.077853 -0.996758
vn -0.020298 -0.077853 -0.996758
vn 0.195574 -0.029451 -0.980247
vn 0.195574 -0.029451 -0.980247
vn 0.195574 -0.029451 -0.980247
vn 0.195574 -0.029451 -0.980247
vn 0.201161 0.159302 -0.966518
vn 0.201161 0.159302 -0.966518
vn 0.201161 0.159302 -0.966518
vn -0.949278 -0.312222 0.037252
vn -0.949278 -0.312222 0.037252
vn -0.949278 -0.312222 0.037252
vn -0.949278 -0.312222 0.037252
vn -0.532961 -0.845769 0.025040
vn -0.532961 -0.845769 0.025040
vn -0.532961 -0.845769 0.025040
vn -0.532961 -0.845769 0.025040
vn -0.708648 -0.129955 0.693492
vn -0.708648 -0.129955 0.693492
vn -0.708648 -0.129955 0.693492
vn -0.845078 -0.147941 0.513767
vn -0.845078 -0.147941 0.513767
vn -0.845078 -0.147941 0.513767
vn -0.765108 -0.087135 0.637980
vn -0.765108 -0.087135 0.637980
vn -0.765108 -0.087135 0.637980
vn -0.799981 -0.563151 -0.207102
vn -0.799981 -0.563151 -0.207102
vn -0.799981 -0.563151 -0.207102
vn -0.799981 -0.563151 -0.207102
vn -0.284749 -0.601502 -0.746400
vn -0.284749 -0.601502 -0.746400
vn -0.284749 -0.601502 -0.746400
vn -0.284749 -0.601502 -0.746400
vn -0.080690 -0.369033 0.925907
vn -0.080690 -0.369033 0.925907
vn -0.080690 -0.369033 0.925907
vn -0.080690 -0.369033 0.925907
vn 0.856376 -0.291142 0.426447
vn 0.856376 -0.291142 0.426447
vn 0.856376 -0.291142 0.426447
vn 0.856376 -0.291142 0.426447
vn 0.742743 0.362740 -0.562807
vn 0.742743 0.362740 -0.562807
vn 0.742743 0.362740 -0.562807
vn 0.742743 0.362740 -0.562807
vn -0.960915 0.274883 -0.032886
vn -0.960915 0.274883 -0.032886
vn -0.960915 0.274883 -0.032886
vn -0.960915 0.274883 -0.032886
vn 0.172284 0.485848 0.856896
vn 0.172284 0.485848 0.856896
vn 0.172284 0.485848 0.856896
vn 0.172284 0.485848 0.856896
vn -0.308556 0.252237 -0.917153
vn -0.308556 0.252237 -0.917153
vn -0.308556 0.252237 -0.917153
vn -0.308556 0.252237 -0.917153
vn 0.343668 0.273956 -0.898243
vn 0.343668 0.273956 -0.898243
vn 0.343668 0.273956 -0.898243
vn 0.343668 0.273956 -0.898243
vn -0.910720 0.233859 -0.340440
vn -0.910720 0.233859 -0.340440
vn -0.910720 0.233859 -0.340440
vn -0.910720 0.233859 -0.340440
vn 0.819870 0.476095 0.318035
vn 0.819870 0.476095 0.318035
vn 0.819870 0.476095 0.318035
vn 0.819870 0.476095 0.318035
vn -0.100188 0.481071 0.870938
vn -0.100188 0.481071 0.870938
vn -0.100188 0.481071 0.870938
vn -0.100188 0.481071 0.870938
vn 0.803859 0.509678 0.306659
vn 0.803859 0.509678 0.306659
vn 0.803859 0.509678 0.306659
vn 0.803859 0.509678 0.306659
vn 0.733640 0.386027 -0.559245
vn 0.733640 0.386027 -0.559245
vn 0.733640 0.386027 -0.559245
vn 0.733640 0.386027 -0.559245
vn -0.325860 0.057716 -0.943655
vn -0.325860 0.057716 -0.943655
vn -0.325860 0.057716 -0.943655
vn -0.325860 0.057716 -0.943655
vn -0.998703 -0.050547 0.006047
vn -0.998703 -0.050547 0.006047
vn -0.998703 -0.050547 0.006047
vn -0.998703 -0.050547 0.006047
vn 0.350668 0.228448 -0.908209
vn 0.350668 0.228448 -0.908209
vn 0.350668 0.228448 -0.908209
vn 0.350668 0.228448 -0.908209
vn 0.177872 0.407195 0.895854
vn 0.177872 0.407195 0.895854
vn 0.177872 0.407195 0.895854
vn 0.177872 0.407195 0.895854
vn -0.102287 0.344109 0.933341
vn -0.102287 0.344109 0.933341
vn -0.102287 0.344109 0.933341
vn -0.102287 0.344109 0.933341
vn -0.945760 -0.079289 -0.315043
vn -0.945760 -0.079289 -0.315043
vn -0.945760 -0.079289 -0.315043
vn -0.945760 -0.079289 -0.315043
vn -0.864448 0.183795 0.467919
vn -0.864448 0.183795 0.467919
vn -0.864448 0.183795 0.467919
vn -0.274249 -0.014428 -0.961550
vn -0.274249 -0.014428 -0.961550
vn -0.274249 -0.014428 -0.961550
vn -0.339265 0.094746 0.935907
vn -0.339265 0.094746 0.935907
vn -0.339265 0.094746 0.935907
vn -0.339265 0.094746 0.935907
vn -0.339265 0.094746 0.935907
vn -0.304268 -0.010529 0.952528
vn -0.304268 -0.010529 0.952528
vn -0.304268 -0.010529 0.952528
vn -0.304268 -0.010529 0.952528
vn -0.197677 -0.580085 -0.790206
vn -0.197677 -0.580085 -0.790206
vn -0.197677 -0.580085 -0.790206
vn -0.858090 -0.334877 0.389280
vn -0.858090 -0.334877 0.389280
vn -0.858090 -0.334877 0.389280
vn -0.106580 0.377584 -0.919821
vn -0.106580 0.377584 -0.919821
vn -0.106580 0.377584 -0.919821
vn -0.106580 0.377584 -0.919821
vn -0.106580 0.377584 -0.919821
vn -0.975591 0.202225 0.085598
vn -0.975591 0.202225 0.085598
vn -0.975591 0.202225 0.085598
vn -0.975591 0.202225 0.085598
vn -0.975591 0.202225 0.085598
vn -0.975591 0.202225 0.085598
vn -0.948377 -0.292471 -0.122644
vn -0.948377 -0.292471 -0.122644
vn -0.948377 -0.292471 -0.122644
vn -0.948377 -0.292471 -0.122644
vn -0.948377 -0.292471 -0.122644
vn -0.035496 -0.427157 -0.903481
vn -0.035496 -0.427157 -0.903481
vn -0.035496 -0.427157 -0.903481
vn -0.035496 -0.427157 -0.903481
vn -0.221561 0.560724 0.797809
vn -0.221561 0.560724 0.797809
vn -0.221561 0.560724 0.797809
vn -0.221561 0.560724 0.797809
vn -0.221561 0.560724 0.797809
vn -0.221561 0.560724 0.797809
vn -0.360838 -0.141593 0.921817
vn -0.360838 -0.141593 0.921817
vn -0.360838 -0.141593 0.921817
vn -0.360838 -0.141593 0.921817
vn -0.900613 -0.109253 -0.420667
vn -0.900613 -0.109253 -0.420667
vn -0.900613 -0.109253 -0.420667
vn -0.900613 -0.109253 -0.420667
vn -0.900613 -0.109253 -0.420667
vn -0.900613 -0.109253 -0.420667
vn -0.908944 -0.261722 -0.324536
vn -0.908944 -0.261722 -0.324536
vn -0.908944 -0.261722 -0.324536
vn -0.908944 -0.261722 -0.324536
vn -0.908944 -0.261722 -0.324536
vn -0.908944 -0.261722 -0.324536
vn -0.908944 -0.261722 -0.324536
vn 0.002999 0.950274 0.311401
vn 0.002999 0.950274 0.311401
vn 0.002999 0.950274 0.311401
vn 0.002999 0.950274 0.311401
vn -0.967328 0.195930 0.160896
vn -0.967328 0.195930 0.160896
vn -0.967328 0.195930 0.160896
vn -0.967328 0.195930 0.160896
vn -0.183670 0.920933 0.343727
vn -0.183670 0.920933 0.343727
vn -0.183670 0.920933 0.343727
vn -0.183670 0.920933 0.343727
vn -0.346947 -0.921221 -0.176012
vn -0.346947 -0.921221 -0.176012
vn -0.346947 -0.921221 -0.176012
vn -0.346947 -0.921221 -0.176012
vn -0.796627 0.603076 0.041057
vn -0.796627 0.603076 0.041057
vn -0.796627 0.603076 0.041057
vn -0.796627 0.603076 0.041057
vn -0.261471 0.706621 -0.657511
vn -0.261471 0.706621 -0.657511
vn -0.261471 0.706621 -0.657511
vn -0.261471 0.706621 -0.657511
vn -0.243976 0.710021 0.660565
vn -0.243976 0.710021 0.660565
vn -0.243976 0.710021 0.660565
vn -0.377865 0.923949 0.059474
vn -0.377865 0.923949 0.059474
vn -0.377865 0.923949 0.059474
vn -0.377865 0.923949 0.059474
vn -0.543649 -0.521723 0.657458
vn -0.543649 -0.521723 0.657458
vn -0.543649 -0.521723 0.657458
vn -0.888590 -0.450129 -0.088273
vn -0.888590 -0.450129 -0.088273
vn -0.888590 -0.450129 -0.088273
vn -0.504746 0.121747 -0.854640
vn -0.504746 0.121747 -0.854640
vn -0.504746 0.121747 -0.854640
vn -0.504746 0.121747 -0.854640
vn -0.648144 0.371133 0.664959
vn -0.648144 0.371133 0.664959
vn -0.648144 0.371133 0.664959
vn -0.535131 -0.128326 0.834965
vn -0.535131 -0.128326 0.834965
vn -0.535131 -0.128326 0.834965
vn -0.480636 0.118254 0.868910
vn -0.480636 0.118254 0.868910
vn -0.480636 0.118254 0.868910
vn -0.480636 0.118254 0.868910
vn -0.486865 -0.428665 0.761057
vn -0.486865 -0.428665 0.761057
vn -0.486865 -0.428665 0.761057
vn -0.844825 -0.504701 0.177616
vn -0.844825 -0.504701 0.177616
vn -0.844825 -0.504701 0.177616
vn -0.979631 -0.055481 0.192989
vn -0.979631 -0.055481 0.192989
vn -0.979631 -0.055481 0.192989
vn -0.979631 -0.055481 0.192989
vn -0.979573 -0.127396 -0.155587
vn -0.979573 -0.127396 -0.155587
vn -0.979573 -0.127396 -0.155587
vn -0.979573 -0.127396 -0.155587
vn -0.803643 0.405115 -0.435936
vn -0.803643 0.405115 -0.435936
vn -0.803643 0.405115 -0.435936
vn -0.803643 0.405115 -0.435936
vn -0.589230 0.364635 0.721006
vn -0.589230 0.364635 0.721006
vn -0.589230 0.364635 0.721006
vn -0.412962 0.500732 0.760743
vn -0.412962 0.500732 0.760743
vn -0.412962 0.500732 0.760743
vn -0.412962 0.500732 0.760743
vn -0.289244 -0.905386 -0.310828
vn -0.289244 -0.905386 -0.310828
vn -0.289244 -0.905386 -0.310828
vn -0.883745 -0.457088 -0.100325
vn -0.883745 -0.457088 -0.100325
vn -0.883745 -0.457088 -0.100325
vn -0.883745 -0.457088 -0.100325
vn -0.988683 -0.147387 -0.027996
vn -0.988683 -0.147387 -0.027996
vn -0.988683 -0.147387 -0.027996
vn -0.988683 -0.147387 -0.027996
vn -0.316652 0.948145 -0.027424
vn -0.316652 0.948145 -0.027424
vn -0.316652 0.948145 -0.027424
vn -0.316652 0.948145 -0.027424
vn -0.824382 0.565581 -0.022640
vn -0.824382 0.565581 -0.022640
vn -0.824382 0.565581 -0.022640
vn -0.824382 0.565581 -0.022640
vn -0.852188 -0.500476 0.152643
vn -0.852188 -0.500476 0.152643
vn -0.852188 -0.500476 0.152643
vn -0.852188 -0.500476 0.152643
vn -0.604368 -0.126988 0.786520
vn -0.604368 -0.126988 0.786520
vn -0.604368 -0.126988 0.786520
vn -0.604368 -0.126988 0.786520
vn -0.496156 -0.152252 0.854780
vn -0.496156 -0.152252 0.854780
vn -0.496156 -0.152252 0.854780
vn -0.496156 -0.152252 0.854780
vn -0.285562 0.264973 -0.921002
vn -0.285562 0.264973 -0.921002
vn -0.285562 0.264973 -0.921002
vn -0.285562 0.264973 -0.921002
vn -0.927886 0.093086 -0.361057
vn -0.927886 0.093086 -0.361057
vn -0.927886 0.093086 -0.361057
vn -0.927886 0.093086 -0.361057
vn -0.927113 -0.101275 0.360839
vn -0.927113 -0.101275 0.360839
vn -0.927113 -0.101275 0.360839
vn -0.927113 -0.101275 0.360839
vn -0.414370 -0.270829 0.868878
vn -0.414370 -0.270829 0.868878
vn -0.414370 -0.270829 0.868878
vn -0.414370 -0.270829 0.868878
vn -0.134979 0.986448 0.093278
vn -0.134979 0.986448 0.093278
vn -0.134979 0.986448 0.093278
vn -0.134979 0.986448 0.093278
vn -0.481438 -0.255602 -0.838382
vn -0.481438 -0.255602 -0.838382
vn -0.481438 -0.255602 -0.838382
vn -0.481438 -0.255602 -0.838382
vn -0.481438 -0.255602 -0.838382
vn -0.338481 -0.790408 -0.510574
vn -0.338481 -0.790408 -0.510574
vn -0.338481 -0.790408 -0.510574
vn -0.338481 -0.790408 -0.510574
vn -0.260865 -0.833385 -0.487256
vn -0.260865 -0.833385 -0.487256
vn -0.260865 -0.833385 -0.487256
vn -0.260865 -0.833385 -0.487256
vn -0.456362 -0.777538 -0.432630
vn -0.456362 -0.777538 -0.432630
vn -0.456362 -0.777538 -0.432630
vn -0.456362 -0.777538 -0.432630
vn -0.301370 -0.807485 -0.507094
vn -0.301370 -0.807485 -0.507094
vn -0.301370 -0.807485 -0.507094
vn -0.965505 -0.011279 -0.260140
vn -0.965505 -0.011279 -0.260140
vn -0.965505 -0.011279 -0.260140
vn -0.965505 -0.011279 -0.260140
vn -0.987511 0.025211 -0.155519
vn -0.987511 0.025211 -0.155519
vn -0.987511 0.025211 -0.155519
vn -0.294970 0.943874 0.148640
vn -0.294970 0.943874 0.148640
vn -0.294970 0.943874 0.148640
vn -0.294970 0.943874 0.148640
vn -0.317559 0.924963 0.208806
vn -0.317559 0.924963 0.208806
vn -0.317559 0.924963 0.208806
vn -0.317559 0.924963 0.208806
vn -0.963355 0.202569 -0.175822
vn -0.963355 0.202569 -0.175822
vn -0.963355 0.202569 -0.175822
vn 0.013398 -0.430843 -0.902327
vn 0.013398 -0.430843 -0.902327
vn 0.013398 -0.430843 -0.902327
vn -0.871705 0.296060 -0.390485
vn -0.871705 0.296060 -0.390485
vn -0.871705 0.296060 -0.390485
vn -0.922258 0.023800 0.385841
vn -0.922258 0.023800 0.385841
vn -0.922258 0.023800 0.385841
vn -0.089190 -0.222210 -0.970911
vn -0.089190 -0.222210 -0.970911
vn -0.089190 -0.222210 -0.970911
vn -0.089190 -0.222210 -0.970911
vn -0.427548 0.467078 -0.773977
vn -0.427548 0.467078 -0.773977
vn -0.427548 0.467078 -0.773977
vn -0.861534 0.331722 0.384343
vn -0.861534 0.331722 0.384343
vn -0.861534 0.331722 0.384343
vn -0.861534 0.331722 0.384343
vn -0.203674 0.175459 0.963188
vn -0.203674 0.175459 0.963188
vn -0.203674 0.175459 0.963188
vn -0.203674 0.175459 0.963188
vn -0.904703 0.351921 -0.240133
vn -0.904703 0.351921 -0.240133
vn -0.904703 0.351921 -0.240133
vn -0.904703 0.351921 -0.240133
vn -0.904703 0.351921 -0.240133
vn -0.904703 0.351921 -0.240133
vn -0.103683 0.514189 -0.851387
vn -0.103683 0.514189 -0.851387
vn -0.103683 0.514189 -0.851387
vn -0.103683 0.514189 -0.851387
vn -0.375263 -0.278888 -0.883968
vn -0.375263 -0.278888 -0.883968
vn -0.375263 -0.278888 -0.883968
vn 0.879423 0.027444 -0.475249
vn 0.879423 0.027444 -0.475249
vn 0.879423 0.027444 -0.475249
vn 0.819080 0.083384 -0.567587
vn 0.819080 0.083384 -0.567587
vn 0.819080 0.083384 -0.567587
vn 0.819080 0.083384 -0.567587
vn -0.084489 0.148000 -0.985372
vn -0.084489 0.148000 -0.985372
vn -0.084489 0.148000 -0.985372
vn -0.084489 0.148000 -0.985372
vn 0.759364 0.115573 -0.640320
vn 0.759364 0.115573 -0.640320
vn 0.759364 0.115573 -0.640320
vn -0.665036 0.292884 -0.686984
vn -0.665036 0.292884 -0.686984
vn -0.665036 0.292884 -0.686984
vn -0.665036 0.292884 -0.686984
vn -0.138081 -0.389624 -0.910564
vn -0.138081 -0.389624 -0.910564
vn -0.138081 -0.389624 -0.910564
vn -0.774062 0.270126 -0.572591
vn -0.774062 0.270126 -0.572591
vn -0.774062 0.270126 -0.572591
vn -0.258666 0.208332 -0.943234
vn -0.258666 0.208332 -0.943234
vn -0.258666 0.208332 -0.943234
vn -0.258666 0.208332 -0.943234
vn -0.276162 0.603744 -0.747815
vn -0.276162 0.603744 -0.747815
vn -0.276162 0.603744 -0.747815
vn -0.186277 0.547477 -0.815824
vn -0.186277 0.547477 -0.815824
vn -0.186277 0.547477 -0.815824
vn -0.118587 -0.364696 -0.923544
vn -0.118587 -0.364696 -0.923544
vn -0.118587 -0.364696 -0.923544
vn -0.350468 -0.274326 -0.895498
vn -0.350468 -0.274326 -0.895498
vn -0.350468 -0.274326 -0.895498
vn -0.223176 -0.068690 -0.972355
vn -0.223176 -0.068690 -0.972355
vn -0.223176 -0.068690 -0.972355
vn -0.279476 -0.100142 -0.954916
vn -0.279476 -0.100142 -0.954916
vn -0.279476 -0.100142 -0.954916
vn -0.348852 0.229267 0.908702
vn -0.348852 0.229267 0.908702
vn -0.348852 0.229267 0.908702
vn -0.348852 0.229267 0.908702
vn 0.947646 -0.291898 -0.129473
vn 0.947646 -0.291898 -0.129473
vn 0.947646 -0.291898 -0.129473
vn 0.947646 -0.291898 -0.129473
vn -0.424872 -0.187044 -0.885719
vn -0.424872 -0.187044 -0.885719
vn -0.424872 -0.187044 -0.885719
vn -0.424872 -0.187044 -0.885719
vn -0.910990 0.013055 0.412221
vn -0.910990 0.013055 0.412221
vn -0.910990 0.013055 0.412221
vn -0.910990 0.013055 0.412221
vn 0.193973 -0.168389 0.966447
vn 0.193973 -0.168389 0.966447
vn 0.193973 -0.168389 0.966447
vn 0.193973 -0.168389 0.966447
vn 0.601935 -0.398861 0.691798
vn 0.601935 -0.398861 0.691798
vn 0.601935 -0.398861 0.691798
vn 0.601935 -0.398861 0.691798
vn -0.886686 -0.084413 0.454601
vn -0.886686 -0.084413 0.454601
vn -0.886686 -0.084413 0.454601
vn -0.886686 -0.084413 0.454601
vn -0.923541 -0.080419 -0.374973
vn -0.923541 -0.080419 -0.374973
vn -0.923541 -0.080419 -0.374973
vn -0.923541 -0.080419 -0.374973
vn 0.943587 -0.291558 0.156961
vn 0.943587 -0.291558 0.156961
vn 0.943587 -0.291558 0.156961
vn 0.943587 -0.291558 0.156961
vn 0.095884 -0.300255 -0.949027
vn 0.095884 -0.300255 -0.949027
vn 0.095884 -0.300255 -0.949027
vn 0.095884 -0.300255 -0.949027
vn -0.543543 0.034467 0.838673
vn -0.543543 0.034467 0.838673
vn -0.543543 0.034467 0.838673
vn -0.543543 0.034467 0.838673
vn -0.429542 0.208090 -0.878745
vn -0.429542 0.208090 -0.878745
vn -0.429542 0.208090 -0.878745
vn -0.429542 0.208090 -0.878745
vn 0.886878 -0.225423 0.403276
vn 0.886878 -0.225423 0.403276
vn 0.886878 -0.225423 0.403276
vn 0.886878 -0.225423 0.403276
vn 0.888200 -0.139890 -0.437644
vn 0.888200 -0.139890 -0.437644
vn 0.888200 -0.139890 -0.437644
vn 0.888200 -0.139890 -0.437644
vn -0.656042 -0.228802 0.719207
vn -0.656042 -0.228802 0.719207
vn -0.656042 -0.228802 0.719207
vn -0.656042 -0.228802 0.719207
vn 0.522552 -0.035340 -0.851875
vn 0.522552 -0.035340 -0.851875
vn 0.522552 -0.035340 -0.851875
vn 0.522552 -0.035340 -0.851875
vn 0.887408 -0.308326 0.342698
vn 0.887408 -0.308326 0.342698
vn 0.887408 -0.308326 0.342698
vn 0.887408 -0.308326 0.342698
vn -0.516057 0.122681 -0.847723
vn -0.516057 0.122681 -0.847723
vn -0.516057 0.122681 -0.847723
vn -0.516057 0.122681 -0.847723
vn -0.785867 0.142239 -0.601814
vn -0.785867 0.142239 -0.601814
vn -0.785867 0.142239 -0.601814
vn -0.785867 0.142239 -0.601814
vn -0.796123 0.005865 -0.605107
vn -0.796123 0.005865 -0.605107
vn -0.796123 0.005865 -0.605107
vn -0.796123 0.005865 -0.605107
vn 0.886821 -0.007035 -0.462059
vn 0.886821 -0.007035 -0.462059
vn 0.886821 -0.007035 -0.462059
vn 0.886821 -0.007035 -0.462059
vn -0.850107 -0.014381 0.526413
vn -0.850107 -0.014381 0.526413
vn -0.850107 -0.014381 0.526413
vn -0.850107 -0.014381 0.526413
vn -0.600955 -0.102680 0.792660
vn -0.600955 -0.102680 0.792660
vn -0.600955 -0.102680 0.792660
vn -0.600955 -0.102680 0.792660
vn 0.437964 0.091830 -0.894290
vn 0.437964 0.091830 -0.894290
vn 0.437964 0.091830 -0.894290
vn 0.437964 0.091830 -0.894290
vn 0.568872 -0.259043 0.780565
vn 0.568872 -0.259043 0.780565
vn 0.568872 -0.259043 0.780565
vn 0.568872 -0.259043 0.780565
vn 0.847488 -0.036960 -0.529526
vn 0.847488 -0.036960 -0.529526
vn 0.847488 -0.036960 -0.529526
vn 0.847488 -0.036960 -0.529526
vn -0.709255 0.205263 -0.674407
vn -0.709255 0.205263 -0.674407
vn -0.709255 0.205263 -0.674407
vn -0.709255 0.205263 -0.674407
vn 0.943537 0.003869 0.331245
vn 0.943537 0.003869 0.331245
vn 0.943537 0.003869 0.331245
vn 0.943537 0.003869 0.331245
vn -0.502521 0.169074 -0.847872
vn -0.502521 0.169074 -0.847872
vn -0.502521 0.169074 -0.847872
vn -0.502521 0.169074 -0.847872
vn -0.891172 0.022180 0.453123
vn -0.891172 0.022180 0.453123
vn -0.891172 0.022180 0.453123
vn -0.891172 0.022180 0.453123
vn -0.577046 0.166953 0.799465
vn -0.577046 0.166953 0.799465
vn -0.577046 0.166953 0.799465
vn -0.577046 0.166953 0.799465
vn 0.497167 0.168920 -0.851053
vn 0.497167 0.168920 -0.851053
vn 0.497167 0.168920 -0.851053
vn 0.497167 0.168920 -0.851053
vn 0.571553 0.166922 0.803408
vn 0.571553 0.166922 0.803408
vn 0.571553 0.166922 0.803408
vn 0.571553 0.166922 0.803408
vn -0.729754 0.232387 -0.643005
vn -0.729754 0.232387 -0.643005
vn -0.729754 0.232387 -0.643005
vn -0.729754 0.232387 -0.643005
vn 0.864663 0.009713 -0.502258
vn 0.864663 0.009713 -0.502258
vn 0.864663 0.009713 -0.502258
vn 0.864663 0.009713 -0.502258
vn 0.607849 -0.219732 0.763045
vn 0.607849 -0.219732 0.763045
vn 0.607849 -0.219732 0.763045
vn 0.607849 -0.219732 0.763045
vn 0.472443 0.032811 -0.880750
vn 0.472443 0.032811 -0.880750
vn 0.472443 0.032811 -0.880750
vn 0.472443 0.032811 -0.880750
vn -0.637476 -0.056844 0.768370
vn -0.637476 -0.056844 0.768370
vn -0.637476 -0.056844 0.768370
vn -0.637476 -0.056844 0.768370
vn -0.870152 0.103862 0.481714
vn -0.870152 0.103862 0.481714
vn -0.870152 0.103862 0.481714
vn -0.870152 0.103862 0.481714
vn 0.920508 -0.115607 0.373229
vn 0.920508 -0.115607 0.373229
vn 0.920508 -0.115607 0.373229
vn 0.920508 -0.115607 0.373229
vn -0.465957 0.156368 -0.870881
vn -0.465957 0.156368 -0.870881
vn -0.465957 0.156368 -0.870881
vn -0.465957 0.156368 -0.870881
vn -0.454937 0.326811 -0.828388
vn -0.454937 0.326811 -0.828388
vn -0.454937 0.326811 -0.828388
vn -0.454937 0.326811 -0.828388
vn -0.878190 0.406728 0.251706
vn -0.878190 0.406728 0.251706
vn -0.878190 0.406728 0.251706
vn -0.010499 0.649154 0.760585
vn -0.010499 0.649154 0.760585
vn -0.010499 0.649154 0.760585
vn -0.010499 0.649154 0.760585
vn -0.898652 0.316988 0.303221
vn -0.898652 0.316988 0.303221
vn -0.898652 0.316988 0.303221
vn -0.898652 0.316988 0.303221
vn -0.042292 0.982106 0.183521
vn -0.042292 0.982106 0.183521
vn -0.042292 0.982106 0.183521
vn -0.042292 0.982106 0.183521
vn -0.042292 0.982106 0.183521
vn -0.042292 0.982106 0.183521
vn -0.811037 0.199293 -0.550001
vn -0.811037 0.199293 -0.550001
vn -0.811037 0.199293 -0.550001
vn -0.811037 0.199293 -0.550001
vn -0.887874 0.344215 -0.305279
vn -0.887874 0.344215 -0.305279
vn -0.887874 0.344215 -0.305279
vn -0.251366 -0.016761 0.967747
vn -0.251366 -0.016761 0.967747
vn -0.251366 -0.016761 0.967747
vn -0.251366 -0.016761 0.967747
vn -0.190670 0.856978 -0.478783
vn -0.190670 0.856978 -0.478783
vn -0.190670 0.856978 -0.478783
vn -0.100885 0.979405 0.174894
vn -0.100885 0.979405 0.174894
vn -0.100885 0.979405 0.174894
vn -0.248365 0.722376 0.645359
vn -0.248365 0.722376 0.645359
vn -0.248365 0.722376 0.645359
vn -0.248365 0.722376 0.645359
vn -0.434467 0.261909 -0.861767
vn -0.434467 0.261909 -0.861767
vn -0.434467 0.261909 -0.861767
vn -0.577028 -0.648741 -0.496159
vn -0.577028 -0.648741 -0.496159
vn -0.577028 -0.648741 -0.496159
vn -0.251775 0.077141 0.964706
vn -0.251775 0.077141 0.964706
vn -0.251775 0.077141 0.964706
vn -0.251775 0.077141 0.964706
vn -0.865411 0.187361 -0.464714
vn -0.865411 0.187361 -0.464714
vn -0.865411 0.187361 -0.464714
vn -0.865411 0.187361 -0.464714
vn -0.138383 -0.065580 0.988205
vn -0.138383 -0.065580 0.988205
vn -0.138383 -0.065580 0.988205
vn -0.138383 -0.065580 0.988205
vn -0.138383 -0.065580 0.988205
vn -0.913215 0.239210 0.329875
vn -0.913215 0.239210 0.329875
vn -0.913215 0.239210 0.329875
vn -0.913215 0.239210 0.329875
vn -0.390151 -0.036046 -0.920045
vn -0.390151 -0.036046 -0.920045
vn -0.390151 -0.036046 -0.920045
vn -0.390151 -0.036046 -0.920045
vn -0.589719 0.625907 -0.510365
vn -0.589719 0.625907 -0.510365
vn -0.589719 0.625907 -0.510365
vn -0.850356 0.144225 -0.506058
vn -0.850356 0.144225 -0.506058
vn -0.850356 0.144225 -0.506058
vn -0.878076 0.429539 0.210898
vn -0.878076 0.429539 0.210898
vn -0.878076 0.429539 0.210898
vn -0.014698 0.987812 0.154959
vn -0.014698 0.987812 0.154959
vn -0.014698 0.987812 0.154959
vn -0.327355 0.378113 -0.865950
vn -0.327355 0.378113 -0.865950
vn -0.327355 0.378113 -0.865950
vn -0.059093 -0.828056 0.557522
vn -0.059093 -0.828056 0.557522
vn -0.059093 -0.828056 0.557522
vn 0.866181 -0.486984 0.112149
vn 0.866181 -0.486984 0.112149
vn 0.866181 -0.486984 0.112149
vn 0.866181 -0.486984 0.112149
vn 0.795962 -0.587857 0.144461
vn 0.795962 -0.587857 0.144461
vn 0.795962 -0.587857 0.144461
vn 0.944998 -0.326928 -0.009841
vn 0.944998 -0.326928 -0.009841
vn 0.944998 -0.326928 -0.009841
vn 0.944998 -0.326928 -0.009841
vn -0.168473 -0.318747 0.932747
vn -0.168473 -0.318747 0.932747
vn -0.168473 -0.318747 0.932747
vn -0.168473 -0.318747 0.932747
vn -0.354066 -0.484473 -0.799952
vn -0.354066 -0.484473 -0.799952
vn -0.354066 -0.484473 -0.799952
vn -0.354066 -0.484473 -0.799952
vn -0.769724 -0.410039 -0.489278
vn -0.769724 -0.410039 -0.489278
vn -0.769724 -0.410039 -0.489278
vn -0.769724 -0.410039 -0.489278
vn 0.837012 -0.543310 0.065000
vn 0.837012 -0.543310 0.065000
vn 0.837012 -0.543310 0.065000
vn 0.837012 -0.543310 0.065000
vn 0.174770 -0.104636 0.979034
vn 0.174770 -0.104636 0.979034
vn 0.174770 -0.104636 0.979034
vn 0.174770 -0.104636 0.979034
vn 0.164281 -0.391720 -0.905300
vn 0.164281 -0.391720 -0.905300
vn 0.164281 -0.391720 -0.905300
vn 0.164281 -0.391720 -0.905300
vn -0.329451 -0.167859 -0.929131
vn -0.329451 -0.167859 -0.929131
vn -0.329451 -0.167859 -0.929131
vn -0.329451 -0.167859 -0.929131
vn 0.816169 -0.509443 -0.272648
vn 0.816169 -0.509443 -0.272648
vn 0.816169 -0.509443 -0.272648
vn 0.816169 -0.509443 -0.272648
vn 0.892433 -0.363364 -0.267450
vn 0.892433 -0.363364 -0.267450
vn 0.892433 -0.363364 -0.267450
vn 0.892433 -0.363364 -0.267450
vn -0.253963 -0.456994 -0.852443
vn -0.253963 -0.456994 -0.852443
vn -0.253963 -0.456994 -0.852443
vn -0.253963 -0.456994 -0.852443
vn 0.236362 -0.504697 -0.830309
vn 0.236362 -0.504697 -0.830309
vn 0.236362 -0.504697 -0.830309
vn 0.236362 -0.504697 -0.830309
vn 0.864296 -0.334497 0.375639
vn 0.864296 -0.334497 0.375639
vn 0.864296 -0.334497 0.375639
vn 0.094590 0.166373 0.981516
vn 0.094590 0.166373 0.981516
vn 0.094590 0.166373 0.981516
vn 0.094590 0.166373 0.981516
vn 0.937674 -0.310627 0.155815
vn 0.937674 -0.310627 0.155815
vn 0.937674 -0.310627 0.155815
vn 0.937674 -0.310627 0.155815
vn -0.140180 0.246849 0.958861
vn -0.140180 0.246849 0.958861
vn -0.140180 0.246849 0.958861
vn -0.140180 0.246849 0.958861
vn -0.918168 0.008817 -0.396093
vn -0.918168 0.008817 -0.396093
vn -0.918168 0.008817 -0.396093
vn -0.918168 0.008817 -0.396093
vn -0.938578 0.170933 0.299754
vn -0.938578 0.170933 0.299754
vn -0.938578 0.170933 0.299754
vn -0.896393 0.173398 -0.407937
vn -0.896393 0.173398 -0.407937
vn -0.896393 0.173398 -0.407937
vn -0.896393 0.173398 -0.407937
vn -0.896393 0.173398 -0.407937
vn 0.237077 -0.105666 -0.965727
vn 0.237077 -0.105666 -0.965727
vn 0.237077 -0.105666 -0.965727
vn 0.237077 -0.105666 -0.965727
vn 0.237077 -0.105666 -0.965727
vn -0.224873 0.141897 -0.964001
vn -0.224873 0.141897 -0.964001
vn -0.224873 0.141897 -0.964001
vn -0.224873 0.141897 -0.964001
vn 0.911476 -0.400853 -0.092353
vn 0.911476 -0.400853 -0.092353
vn 0.911476 -0.400853 -0.092353
vn 0.911476 -0.400853 -0.092353
vn 0.911476 -0.400853 -0.092353
vn -0.030997 -0.274223 -0.961166
vn -0.030997 -0.274223 -0.961166
vn -0.030997 -0.274223 -0.961166
vn 0.009199 -0.265703 -0.964011
vn 0.009199 -0.265703 -0.964011
vn 0.009199 -0.265703 -0.964011
vn -0.900387 0.262596 0.346910
vn -0.900387 0.262596 0.346910
vn -0.900387 0.262596 0.346910
vn -0.900387 0.262596 0.346910
vn -0.266160 0.963165 0.038356
vn -0.266160 0.963165 0.038356
vn -0.266160 0.963165 0.038356
vn -0.332154 0.924830 -0.185372
vn -0.332154 0.924830 -0.185372
vn -0.332154 0.924830 -0.185372
vn 0.904542 -0.368827 0.213940
vn 0.904542 -0.368827 0.213940
vn 0.904542 -0.368827 0.213940
vn 0.904542 -0.368827 0.213940
vn 0.904542 -0.368827 0.213940
vn 0.020298 -0.077853 -0.996758
vn 0.020298 -0.077853 -0.996758
vn 0.020298 -0.077853 -0.996758
vn 0.020298 -0.077853 -0.996758
vn -0.195574 -0.029451 -0.980247
vn -0.195574 -0.029451 -0.980247
vn -0.195574 -0.029451 -0.980247
vn -0.195574 -0.029451 -0.980247
vn -0.201161 0.159302 -0.966518
vn -0.201161 0.159302 -0.966518
vn -0.201161 0.159302 -0.966518
vn 0.949278 -0.312222 0.037252
vn 0.949278 -0.312222 0.037252
vn 0.949278 -0.312222 0.037252
vn 0.949278 -0.312222 0.037252
vn 0.532961 -0.845769 0.025040
vn 0.532961 -0.845769 0.025040
vn 0.532961 -0.845769 0.025040
vn 0.532961 -0.845769 0.025040
vn 0.708648 -0.129955 0.693492
vn 0.708648 -0.129955 0.693492
vn 0.708648 -0.129955 0.693492
vn 0.845078 -0.147941 0.513767
vn 0.845078 -0.147941 0.513767
vn 0.845078 -0.147941 0.513767
vn 0.765108 -0.087135 0.637980
vn 0.765108 -0.087135 0.637980
vn 0.765108 -0.087135 0.637980
vn 0.799981 -0.563151 -0.207102
vn 0.799981 -0.563151 -0.207102
vn 0.799981 -0.563151 -0.207102
vn 0.799981 -0.563151 -0.207102
vn 0.284749 -0.601502 -0.746400
vn 0.284749 -0.601502 -0.746400
vn 0.284749 -0.601502 -0.746400
vn 0.284749 -0.601502 -0.746400
vn 0.080690 -0.369033 0.925907
vn 0.080690 -0.369033 0.925907
vn 0.080690 -0.369033 0.925907
vn 0.080690 -0.369033 0.925907
vn -0.856376 -0.291142 0.426447
vn -0.856376 -0.291142 0.426447
vn -0.856376 -0.291142 0.426447
vn -0.856376 -0.291142 0.426447
vn -0.742743 0.362740 -0.562807
vn -0.742743 0.362740 -0.562807
vn -0.742743 0.362740 -0.562807
vn -0.742743 0.362740 -0.562807
vn 0.960915 0.274883 -0.032886
vn 0.960915 0.274883 -0.032886
vn 0.960915 0.274883 -0.032886
vn 0.960915 0.274883 -0.032886
vn -0.172284 0.485848 0.856896
vn -0.172284 0.485848 0.856896
vn -0.172284 0.485848 0.856896
vn -0.172284 0.485848 0.856896
vn 0.308556 0.252237 -0.917153
vn 0.308556 0.252237 -0.917153
vn 0.308556 0.252237 -0.917153
vn 0.308556 0.252237 -0.917153
vn -0.343668 0.273956 -0.898243
vn -0.343668 0.273956 -0.898243
vn -0.343668 0.273956 -0.898243
vn -0.343668 0.273956 -0.898243
vn 0.910720 0.233859 -0.340440
vn 0.910720 0.233859 -0.340440
vn 0.910720 0.233859 -0.340440
vn 0.910720 0.233859 -0.340440
vn -0.819870 0.476095 0.318035
vn -0.819870 0.476095 0.318035
vn -0.819870 0.476095 0.318035
vn -0.819870 0.476095 0.318035
vn 0.100188 0.481071 0.870938
vn 0.100188 0.481071 0.870938
vn 0.100188 0.481071 0.870938
vn 0.100188 0.481071 0.870938
vn 0.866547 -0.443145 -0.229607
vn 0.866547 -0.443145 -0.229607
vn 0.866547 -0.443145 -0.229607
vn 0.866547 -0.443145 -0.229607
vn 0.210681 -0.128506 0.969072
vn 0.210681 -0.128506 0.969072
vn 0.210681 -0.128506 0.969072
vn 0.210681 -0.128506 0.969072
vn -0.209878 0.019555 0.977532
vn -0.209878 0.019555 0.977532
vn -0.209878 0.019555 0.977532
vn -0.209878 0.019555 0.977532
vn -0.421062 -0.140047 -0.896155
vn -0.421062 -0.140047 -0.896155
vn -0.421062 -0.140047 -0.896155
vn -0.421062 -0.140047 -0.896155
vn 0.902259 -0.427268 0.058067
vn 0.902259 -0.427268 0.058067
vn 0.902259 -0.427268 0.058067
vn 0.902259 -0.427268 0.058067
vn 0.460932 -0.402309 -0.791005
vn 0.460932 -0.402309 -0.791005
vn 0.460932 -0.402309 -0.791005
vn 0.460932 -0.402309 -0.791005
vn -0.852580 -0.014954 -0.522383
vn -0.852580 -0.014954 -0.522383
vn -0.852580 -0.014954 -0.522383
vn -0.852580 -0.014954 -0.522383
vn -0.926759 0.108788 0.359558
vn -0.926759 0.108788 0.359558
vn -0.926759 0.108788 0.359558
vn -0.926759 0.108788 0.359558
vn -0.803859 0.509678 0.306659
vn -0.803859 0.509678 0.306659
vn -0.803859 0.509678 0.306659
vn -0.803859 0.509678 0.306659
vn -0.733640 0.386027 -0.559245
vn -0.733640 0.386027 -0.559245
vn -0.733640 0.386027 -0.559245
vn -0.733640 0.386027 -0.559245
vn 0.325860 0.057716 -0.943655
vn 0.325860 0.057716 -0.943655
vn 0.325860 0.057716 -0.943655
vn 0.325860 0.057716 -0.943655
vn 0.998703 -0.050547 0.006047
vn 0.998703 -0.050547 0.006047
vn 0.998703 -0.050547 0.006047
vn 0.998703 -0.050547 0.006047
vn -0.350668 0.228448 -0.908209
vn -0.350668 0.228448 -0.908209
vn -0.350668 0.228448 -0.908209
vn -0.350668 0.228448 -0.908209
vn -0.177872 0.407195 0.895854
vn -0.177872 0.407195 0.895854
vn -0.177872 0.407195 0.895854
vn -0.177872 0.407195 0.895854
vn 0.102287 0.344109 0.933341
vn 0.102287 0.344109 0.933341
vn 0.102287 0.344109 0.933341
vn 0.102287 0.344109 0.933341
vn 0.945760 -0.079289 -0.315043
vn 0.945760 -0.079289 -0.315043
vn 0.945760 -0.079289 -0.315043
vn 0.945760 -0.079289 -0.315043
vn 0.976557 0.165193 -0.138012
vn 0.976557 0.165193 -0.138012
vn 0.976557 0.165193 -0.138012
vn 0.976557 0.165193 -0.138012
vn -0.477548 0.303307 -0.824592
vn -0.477548 0.303307 -0.824592
vn -0.477548 0.303307 -0.824592
vn -0.477548 0.303307 -0.824592
vn -0.832465 0.528031 0.167887
vn -0.832465 0.528031 0.167887
vn -0.832465 0.528031 0.167887
vn -0.832465 0.528031 0.167887
vn 0.636456 -0.064770 0.768589
vn 0.636456 -0.064770 0.768589
vn 0.636456 -0.064770 0.768589
vn -0.204175 -0.047489 0.977782
vn -0.204175 -0.047489 0.977782
vn -0.204175 -0.047489 0.977782
vn -0.227959 0.669407 0.707057
vn -0.227959 0.669407 0.707057
vn -0.227959 0.669407 0.707057
vn -0.227959 0.669407 0.707057
vn 0.586918 0.408018 -0.699320
vn 0.586918 0.408018 -0.699320
vn 0.586918 0.408018 -0.699320
vn 0.586918 0.408018 -0.699320
vn 0.994219 0.104353 -0.025277
vn 0.994219 0.104353 -0.025277
vn 0.994219 0.104353 -0.025277
vn 0.994219 0.104353 -0.025277
vn -0.832158 0.396952 -0.387225
vn -0.832158 0.396952 -0.387225
vn -0.832158 0.396952 -0.387225
vn -0.832158 0.396952 -0.387225
vn 0.971960 -0.234403 -0.018692
vn 0.971960 -0.234403 -0.018692
vn 0.971960 -0.234403 -0.018692
vn 0.971960 -0.234403 -0.018692
vn 0.974163 -0.185415 0.128949
vn 0.974163 -0.185415 0.128949
vn 0.974163 -0.185415 0.128949
vn 0.974163 -0.185415 0.128949
vn 0.995965 -0.073757 0.051128
vn 0.995965 -0.073757 0.051128
vn 0.995965 -0.073757 0.051128
vn 0.995965 -0.073757 0.051128
vn 0.999904 -0.013332 0.003912
vn 0.999904 -0.013332 0.003912
vn 0.999904 -0.013332 0.003912
vn 0.999904 -0.013332 0.003912
vn 0.189080 0.645765 0.739754
vn 0.189080 0.645765 0.739754
vn 0.189080 0.645765 0.739754
vn 0.225167 0.254270 -0.940557
vn 0.225167 0.254270 -0.940557
vn 0.225167 0.254270 -0.940557
vn 0.666381 -0.236101 -0.707243
vn 0.666381 -0.236101 -0.707243
vn 0.666381 -0.236101 -0.707243
vn 0.485658 0.060117 0.872079
vn 0.485658 0.060117 0.872079
vn 0.485658 0.060117 0.872079
vn 0.485658 0.060117 0.872079
vn 0.522874 -0.076000 0.849015
vn 0.522874 -0.076000 0.849015
vn 0.522874 -0.076000 0.849015
vn 0.439148 -0.049494 0.897050
vn 0.439148 -0.049494 0.897050
vn 0.439148 -0.049494 0.897050
vn 0.439148 -0.049494 0.897050
vn 0.581061 -0.278236 -0.764822
vn 0.581061 -0.278236 -0.764822
vn 0.581061 -0.278236 -0.764822
vn 0.593147 -0.257737 -0.762724
vn 0.593147 -0.257737 -0.762724
vn 0.593147 -0.257737 -0.762724
vn 0.593147 -0.257737 -0.762724
vn -0.437467 -0.184852 -0.880030
vn -0.437467 -0.184852 -0.880030
vn -0.437467 -0.184852 -0.880030
vn -0.498838 -0.002167 -0.866693
vn -0.498838 -0.002167 -0.866693
vn -0.498838 -0.002167 -0.866693
vn -0.498838 -0.002167 -0.866693
vn 0.142474 -0.134043 -0.980680
vn 0.142474 -0.134043 -0.980680
vn 0.142474 -0.134043 -0.980680
vn -0.666971 0.530544 0.523137
vn -0.666971 0.530544 0.523137
vn -0.666971 0.530544 0.523137
vn 0.259480 0.071210 0.963120
vn 0.259480 0.071210 0.963120
vn 0.259480 0.071210 0.963120
vn -0.149180 -0.080400 0.985536
vn -0.149180 -0.080400 0.985536
vn -0.149180 -0.080400 0.985536
vn -0.972263 0.131238 0.193602
vn -0.972263 0.131238 0.193602
vn -0.972263 0.131238 0.193602
vn -0.972263 0.131238 0.193602
vn -0.957238 0.068297 -0.281124
vn -0.957238 0.068297 -0.281124
vn -0.957238 0.068297 -0.281124
vn -0.957238 0.068297 -0.281124
vn -0.967565 0.045512 -0.248491
vn -0.967565 0.045512 -0.248491
vn -0.967565 0.045512 -0.248491
vn -0.979639 0.049762 0.194502
vn -0.979639 0.049762 0.194502
vn -0.979639 0.049762 0.194502
vn -0.981907 0.031900 0.186660
vn -0.981907 0.031900 0.186660
vn -0.981907 0.031900 0.186660
vn -0.981907 -0.031900 -0.186660
vn -0.981907 -0.031900 -0.186660
vn -0.981907 -0.031900 -0.186660
vn -0.201378 -0.115685 0.972658
vn -0.201378 -0.115685 0.972658
vn -0.201378 -0.115685 0.972658
vn -0.423951 -0.170865 -0.889422
vn -0.423951 -0.170865 -0.889422
vn -0.423951 -0.170865 -0.889422
vn 0.084884 0.674560 0.733324
vn 0.084884 0.674560 0.733324
vn 0.084884 0.674560 0.733324
vn 0.084884 0.674560 0.733324
vn 0.090586 -0.867692 -0.488779
vn 0.090586 -0.867692 -0.488779
vn 0.090586 -0.867692 -0.488779
vn 0.090586 -0.867692 -0.488779
vn 0.090586 -0.867692 -0.488779
vn -0.051692 0.722498 0.689438
vn -0.051692 0.722498 0.689438
vn -0.051692 0.722498 0.689438
vn 0.982585 -0.160165 0.094202
vn 0.982585 -0.160165 0.094202
vn 0.982585 -0.160165 0.094202
vn 0.982585 -0.160165 0.094202
vn 0.081089 0.374571 0.923645
vn 0.081089 0.374571 0.923645
vn 0.081089 0.374571 0.923645
vn 0.081089 0.374571 0.923645
vn 0.908415 -0.021162 0.417534
vn 0.908415 -0.021162 0.417534
vn 0.908415 -0.021162 0.417534
vn 0.908415 -0.021162 0.417534
vn 0.207277 0.050010 0.977003
vn 0.207277 0.050010 0.977003
vn 0.207277 0.050010 0.977003
vn 0.207277 0.050010 0.977003
vn -0.901795 0.432093 -0.007777
vn -0.901795 0.432093 -0.007777
vn -0.901795 0.432093 -0.007777
vn -0.901795 0.432093 -0.007777
vn -0.425845 -0.821337 0.379556
vn -0.425845 -0.821337 0.379556
vn -0.425845 -0.821337 0.379556
vn -0.425845 -0.821337 0.379556
vn 0.161278 -0.249688 -0.954801
vn 0.161278 -0.249688 -0.954801
vn 0.161278 -0.249688 -0.954801
vn 0.161278 -0.249688 -0.954801
vn 0.959612 -0.080151 0.269670
vn 0.959612 -0.080151 0.269670
vn 0.959612 -0.080151 0.269670
vn 0.959612 -0.080151 0.269670
vn -0.991497 -0.121739 -0.045972
vn -0.991497 -0.121739 -0.045972
vn -0.991497 -0.121739 -0.045972
vn -0.991497 -0.121739 -0.045972
vn 0.274373 0.943432 0.186161
vn 0.274373 0.943432 0.186161
vn 0.274373 0.943432 0.186161
vn 0.274373 0.943432 0.186161
vn 0.090287 0.388768 0.916901
vn 0.090287 0.388768 0.916901
vn 0.090287 0.388768 0.916901
vn 0.090287 0.388768 0.916901
vn -0.995683 -0.048358 -0.079227
vn -0.995683 -0.048358 -0.079227
vn -0.995683 -0.048358 -0.079227
vn -0.995683 -0.048358 -0.079227
vn 0.964836 -0.017574 0.262264
vn 0.964836 -0.017574 0.262264
vn 0.964836 -0.017574 0.262264
vn 0.964836 -0.017574 0.262264
vn 0.156873 -0.146853 -0.976640
vn 0.156873 -0.146853 -0.976640
vn 0.156873 -0.146853 -0.976640
vn 0.156873 -0.146853 -0.976640
vn 0.137087 0.149381 0.979231
vn 0.137087 0.149381 0.979231
vn 0.137087 0.149381 0.979231
vn 0.137087 0.149381 0.979231
vn -0.541143 0.029037 0.840429
vn -0.541143 0.029037 0.840429
vn -0.541143 0.029037 0.840429
vn -0.541143 0.029037 0.840429
vn -0.466257 0.128186 0.875313
vn -0.466257 0.128186 0.875313
vn -0.466257 0.128186 0.875313
vn -0.466257 0.128186 0.875313
vn -0.418548 0.434895 0.797298
vn -0.418548 0.434895 0.797298
vn -0.418548 0.434895 0.797298
vn -0.418548 0.434895 0.797298
vn -0.479768 0.450362 0.752992
vn -0.479768 0.450362 0.752992
vn -0.479768 0.450362 0.752992
vn -0.479768 0.450362 0.752992
vn -0.460256 0.679684 0.571134
vn -0.460256 0.679684 0.571134
vn -0.460256 0.679684 0.571134
vn -0.460256 0.679684 0.571134
vn -0.382755 0.923515 0.024876
vn -0.382755 0.923515 0.024876
vn -0.382755 0.923515 0.024876
vn -0.382755 0.923515 0.024876
vn -0.115185 0.914780 0.387181
vn -0.115185 0.914780 0.387181
vn -0.115185 0.914780 0.387181
vn -0.334153 0.686477 0.645826
vn -0.334153 0.686477 0.645826
vn -0.334153 0.686477 0.645826
vn -0.115284 0.914770 0.387177
vn -0.115284 0.914770 0.387177
vn -0.115284 0.914770 0.387177
vn -0.991078 0.078277 0.107879
vn -0.991078 0.078277 0.107879
vn -0.991078 0.078277 0.107879
vn -0.991078 0.078277 0.107879
vn -0.883752 0.380139 0.272903
vn -0.883752 0.380139 0.272903
vn -0.883752 0.380139 0.272903
vn -0.869023 -0.000474 -0.494772
vn -0.869023 -0.000474 -0.494772
vn -0.869023 -0.000474 -0.494772
vn -0.869023 -0.000474 -0.494772
vn 0.783281 0.102960 0.613082
vn 0.783281 0.102960 0.613082
vn 0.783281 0.102960 0.613082
vn 0.896528 0.187812 0.401203
vn 0.896528 0.187812 0.401203
vn 0.896528 0.187812 0.401203
vn 0.896528 0.187812 0.401203
vn 0.535617 0.296233 0.790798
vn 0.535617 0.296233 0.790798
vn 0.535617 0.296233 0.790798
vn 0.183175 -0.155510 -0.970703
vn 0.183175 -0.155510 -0.970703
vn 0.183175 -0.155510 -0.970703
vn 0.183175 -0.155510 -0.970703
vn 0.226660 -0.252133 -0.940773
vn 0.226660 -0.252133 -0.940773
vn 0.226660 -0.252133 -0.940773
vn 0.226660 -0.252133 -0.940773
vn 0.298254 -0.818569 0.490907
vn 0.298254 -0.818569 0.490907
vn 0.298254 -0.818569 0.490907
vn 0.298254 -0.818569 0.490907
vn 0.426362 0.679825 0.596702
vn 0.426362 0.679825 0.596702
vn 0.426362 0.679825 0.596702
vn 0.426362 0.679825 0.596702
vn 0.186273 0.036731 -0.981811
vn 0.186273 0.036731 -0.981811
vn 0.186273 0.036731 -0.981811
vn 0.186273 0.036731 -0.981811
vn 0.250979 0.215140 0.943782
vn 0.250979 0.215140 0.943782
vn 0.250979 0.215140 0.943782
vn 0.250979 0.215140 0.943782
vn -0.933352 0.093193 -0.346654
vn -0.933352 0.093193 -0.346654
vn -0.933352 0.093193 -0.346654
vn -0.933352 0.093193 -0.346654
vn 0.938593 -0.345023 0.001390
vn 0.938593 -0.345023 0.001390
vn 0.938593 -0.345023 0.001390
vn 0.938593 -0.345023 0.001390
vn 0.583942 -0.047902 -0.810381
vn 0.583942 -0.047902 -0.810381
vn 0.583942 -0.047902 -0.810381
vn 0.583942 -0.047902 -0.810381
vn -0.240173 0.336260 0.910630
vn -0.240173 0.336260 0.910630
vn -0.240173 0.336260 0.910630
vn -0.240173 0.336260 0.910630
vn -0.240173 0.336260 0.910630
vn -0.953780 0.200163 0.224139
vn -0.953780 0.200163 0.224139
vn -0.953780 0.200163 0.224139
vn -0.953780 0.200163 0.224139
vn -0.517037 0.126231 -0.846604
vn -0.517037 0.126231 -0.846604
vn -0.517037 0.126231 -0.846604
vn -0.517037 0.126231 -0.846604
vn 0.971619 -0.230201 0.054435
vn 0.971619 -0.230201 0.054435
vn 0.971619 -0.230201 0.054435
vn 0.971619 -0.230201 0.054435
vn -0.837747 -0.253748 -0.483520
vn -0.837747 -0.253748 -0.483520
vn -0.837747 -0.253748 -0.483520
vn 0.364055 -0.301904 -0.881089
vn 0.364055 -0.301904 -0.881089
vn 0.364055 -0.301904 -0.881089
vn -0.854018 -0.053947 -0.517439
vn -0.854018 -0.053947 -0.517439
vn -0.854018 -0.053947 -0.517439
vn -0.854018 -0.053947 -0.517439
vn 0.846071 -0.532515 -0.024324
vn 0.846071 -0.532515 -0.024324
vn 0.846071 -0.532515 -0.024324
vn 0.846071 -0.532515 -0.024324
vn 0.825668 -0.560162 0.067016
vn 0.825668 -0.560162 0.067016
vn 0.825668 -0.560162 0.067016
vn -0.807953 -0.585075 0.069996
vn -0.807953 -0.585075 0.069996
vn -0.807953 -0.585075 0.069996
vn 0.955149 -0.035176 -0.294029
vn 0.955149 -0.035176 -0.294029
vn 0.955149 -0.035176 -0.294029
vn 0.955149 -0.035176 -0.294029
vn -0.475336 -0.104511 -0.873575
vn -0.475336 -0.104511 -0.873575
vn -0.475336 -0.104511 -0.873575
vn -0.475336 -0.104511 -0.873575
vn -0.790478 0.097819 0.604629
vn -0.790478 0.097819 0.604629
vn -0.790478 0.097819 0.604629
vn -0.790478 0.097819 0.604629
vn 0.829747 -0.461275 0.314239
vn 0.829747 -0.461275 0.314239
vn 0.829747 -0.461275 0.314239
vn 0.396348 0.157262 0.904531
vn 0.396348 0.157262 0.904531
vn 0.396348 0.157262 0.904531
vn 0.396348 0.157262 0.904531
vn -0.931204 -0.172940 0.320858
vn -0.931204 -0.172940 0.320858
vn -0.931204 -0.172940 0.320858
vn -0.931204 -0.172940 0.320858
vn -0.439538 -0.160124 -0.883836
vn -0.439538 -0.160124 -0.883836
vn -0.439538 -0.160124 -0.883836
vn -0.439538 -0.160124 -0.883836
vn 0.923465 0.069068 -0.377414
vn 0.923465 0.069068 -0.377414
vn 0.923465 0.069068 -0.377414
vn 0.923465 0.069068 -0.377414
vn -0.881170 -0.052773 0.469844
vn -0.881170 -0.052773 0.469844
vn -0.881170 -0.052773 0.469844
vn -0.881170 -0.052773 0.469844
vn -0.299251 -0.939275 0.167963
vn -0.299251 -0.939275 0.167963
vn -0.299251 -0.939275 0.167963
vn 0.853755 0.036163 -0.519418
vn 0.853755 0.036163 -0.519418
vn 0.853755 0.036163 -0.519418
vn 0.853755 0.036163 -0.519418
vn 0.470747 0.135520 0.871798
vn 0.470747 0.135520 0.871798
vn 0.470747 0.135520 0.871798
vn 0.470747 0.135520 0.871798
vn -0.371531 -0.222933 -0.901258
vn -0.371531 -0.222933 -0.901258
vn -0.371531 -0.222933 -0.901258
vn -0.371531 -0.222933 -0.901258
vn 0.470747 -0.073958 -0.879163
vn 0.470747 -0.073958 -0.879163
vn 0.470747 -0.073958 -0.879163
vn 0.470747 -0.073958 -0.879163
vn -0.371531 -0.004038 0.928412
vn -0.371531 -0.004038 0.928412
vn -0.371531 -0.004038 0.928412
vn -0.371531 -0.004038 0.928412
vn 0.190969 -0.891764 0.410230
vn 0.190969 -0.891764 0.410230
vn 0.190969 -0.891764 0.410230
vn 0.396348 -0.060551 -0.916101
vn 0.396348 -0.060551 -0.916101
vn 0.396348 -0.060551 -0.916101
vn 0.396348 -0.060551 -0.916101
vn -0.439538 0.052889 0.896666
vn -0.439538 0.052889 0.896666
vn -0.439538 0.052889 0.896666
vn -0.439538 0.052889 0.896666
vn 0.837295 -0.168009 -0.520298
vn 0.837295 -0.168009 -0.520298
vn 0.837295 -0.168009 -0.520298
vn 0.837295 -0.168009 -0.520298
vn 0.371139 -0.110305 -0.922003
vn 0.371139 -0.110305 -0.922003
vn 0.371139 -0.110305 -0.922003
vn 0.371139 -0.110305 -0.922003
vn 0.190969 -0.963368 -0.188289
vn 0.190969 -0.963368 -0.188289
vn 0.190969 -0.963368 -0.188289
vn 0.853755 0.157671 0.496228
vn 0.853755 0.157671 0.496228
vn 0.853755 0.157671 0.496228
vn 0.853755 0.157671 0.496228
vn -0.299251 -0.952389 0.058348
vn -0.299251 -0.952389 0.058348
vn -0.299251 -0.952389 0.058348
vn -0.881170 -0.162118 -0.444136
vn -0.881170 -0.162118 -0.444136
vn -0.881170 -0.162118 -0.444136
vn -0.881170 -0.162118 -0.444136
vn 0.923465 0.156149 0.350470
vn 0.923465 0.156149 0.350470
vn 0.923465 0.156149 0.350470
vn 0.923465 0.156149 0.350470
vn -0.931204 -0.243749 -0.271007
vn -0.931204 -0.243749 -0.271007
vn -0.931204 -0.243749 -0.271007
vn -0.931204 -0.243749 -0.271007
vn -0.854027 -0.061797 -0.516545
vn -0.854027 -0.061797 -0.516545
vn -0.854027 -0.061797 -0.516545
vn -0.854027 -0.061797 -0.516545
vn 0.955149 0.035176 0.294029
vn 0.955149 0.035176 0.294029
vn 0.955149 0.035176 0.294029
vn 0.955149 0.035176 0.294029
vn 0.301064 -0.894785 0.329729
vn 0.301064 -0.894785 0.329729
vn 0.301064 -0.894785 0.329729
vn -0.108386 -0.905067 0.411226
vn -0.108386 -0.905067 0.411226
vn -0.108386 -0.905067 0.411226
vn -0.108386 -0.976531 -0.186119
vn -0.108386 -0.976531 -0.186119
vn -0.108386 -0.976531 -0.186119
vn 0.301064 -0.947314 -0.109348
vn 0.301064 -0.947314 -0.109348
vn 0.301064 -0.947314 -0.109348
vn 0.955149 -0.035176 -0.294029
vn 0.955149 -0.035176 -0.294029
vn 0.955149 -0.035176 -0.294029
vn 0.955149 -0.035176 -0.294029
vn -0.475336 -0.104511 -0.873575
vn -0.475336 -0.104511 -0.873575
vn -0.475336 -0.104511 -0.873575
vn -0.475336 -0.104511 -0.873575
vn -0.854027 0.061797 0.516545
vn -0.854027 0.061797 0.516545
vn -0.854027 0.061797 0.516545
vn -0.854027 0.061797 0.516545
vn 0.371139 0.110305 0.922003
vn 0.371139 0.110305 0.922003
vn 0.371139 0.110305 0.922003
vn 0.371139 0.110305 0.922003
vn 0.396463 0.151632 0.905442
vn 0.396463 0.151632 0.905442
vn 0.396463 0.151632 0.905442
vn 0.396463 0.151632 0.905442
vn -0.939511 -0.127039 0.318089
vn -0.939511 -0.127039 0.318089
vn -0.939511 -0.127039 0.318089
vn -0.939511 -0.127039 0.318089
vn -0.439644 -0.153807 -0.884905
vn -0.439644 -0.153807 -0.884905
vn -0.439644 -0.153807 -0.884905
vn -0.439644 -0.153807 -0.884905
vn 0.924789 0.055902 -0.376352
vn 0.924789 0.055902 -0.376352
vn 0.924789 0.055902 -0.376352
vn 0.924789 0.055902 -0.376352
vn -0.882304 -0.040191 0.468961
vn -0.882304 -0.040191 0.468961
vn -0.882304 -0.040191 0.468961
vn -0.882304 -0.040191 0.468961
vn -0.299251 -0.939275 0.167963
vn -0.299251 -0.939275 0.167963
vn -0.299251 -0.939275 0.167963
vn 0.855371 0.014298 -0.517819
vn 0.855371 0.014298 -0.517819
vn 0.855371 0.014298 -0.517819
vn 0.855371 0.014298 -0.517819
vn 0.470832 0.128590 0.872801
vn 0.470832 0.128590 0.872801
vn 0.470832 0.128590 0.872801
vn 0.470832 0.128590 0.872801
vn -0.372450 -0.197810 -0.906726
vn -0.372450 -0.197810 -0.906726
vn -0.372450 -0.197810 -0.906726
vn -0.372450 -0.197810 -0.906726
vn 0.470832 -0.080930 -0.878503
vn 0.470832 -0.080930 -0.878503
vn 0.470832 -0.080930 -0.878503
vn 0.470832 -0.080930 -0.878503
vn -0.372450 0.021665 0.927800
vn -0.372450 0.021665 0.927800
vn -0.372450 0.021665 0.927800
vn -0.372450 0.021665 0.927800
vn 0.190969 -0.891764 0.410230
vn 0.190969 -0.891764 0.410230
vn 0.190969 -0.891764 0.410230
vn 0.396463 -0.066237 -0.915658
vn 0.396463 -0.066237 -0.915658
vn 0.396463 -0.066237 -0.915658
vn 0.396463 -0.066237 -0.915658
vn -0.439644 0.059280 0.896214
vn -0.439644 0.059280 0.896214
vn -0.439644 0.059280 0.896214
vn -0.439644 0.059280 0.896214
vn -0.475336 0.104511 0.873575
vn -0.475336 0.104511 0.873575
vn -0.475336 0.104511 0.873575
vn -0.475336 0.104511 0.873575
vn 0.371139 -0.110305 -0.922003
vn 0.371139 -0.110305 -0.922003
vn 0.371139 -0.110305 -0.922003
vn 0.371139 -0.110305 -0.922003
vn 0.190969 -0.963368 -0.188289
vn 0.190969 -0.963368 -0.188289
vn 0.190969 -0.963368 -0.188289
vn 0.855371 0.136046 0.499832
vn 0.855371 0.136046 0.499832
vn 0.855371 0.136046 0.499832
vn 0.855371 0.136046 0.499832
vn -0.299251 -0.952389 0.058348
vn -0.299251 -0.952389 0.058348
vn -0.299251 -0.952389 0.058348
vn -0.882304 -0.149683 -0.446245
vn -0.882304 -0.149683 -0.446245
vn -0.882304 -0.149683 -0.446245
vn -0.882304 -0.149683 -0.446245
vn 0.924789 0.143104 0.352544
vn 0.924789 0.143104 0.352544
vn 0.924789 0.143104 0.352544
vn 0.924789 0.143104 0.352544
vn -0.939511 -0.198489 -0.279144
vn -0.939511 -0.198489 -0.279144
vn -0.939511 -0.198489 -0.279144
vn -0.939511 -0.198489 -0.279144
vn -0.854027 -0.061797 -0.516545
vn -0.854027 -0.061797 -0.516545
vn -0.854027 -0.061797 -0.516545
vn -0.854027 -0.061797 -0.516545
vn 0.955149 0.035176 0.294029
vn 0.955149 0.035176 0.294029
vn 0.955149 0.035176 0.294029
vn 0.955149 0.035176 0.294029
vn 0.301064 -0.894785 0.329729
vn 0.301064 -0.894785 0.329729
vn 0.301064 -0.894785 0.329729
vn -0.108386 -0.905067 0.411226
vn -0.108386 -0.905067 0.411226
vn -0.108386 -0.905067 0.411226
vn -0.108386 -0.976531 -0.186119
vn -0.108386 -0.976531 -0.186119
vn -0.108386 -0.976531 -0.186119
vn 0.301064 -0.947314 -0.109348
vn 0.301064 -0.947314 -0.109348
vn 0.301064 -0.947314 -0.109348
vn 0.955149 -0.035176 -0.294029
vn 0.955149 -0.035176 -0.294029
vn 0.955149 -0.035176 -0.294029
vn 0.955149 -0.035176 -0.294029
vn -0.475336 -0.104511 -0.873575
vn -0.475336 -0.104511 -0.873575
vn -0.475336 -0.104511 -0.873575
vn -0.475336 -0.104511 -0.873575
vn -0.854027 0.061797 0.516545
vn -0.854027 0.061797 0.516545
vn -0.854027 0.061797 0.516545
vn -0.854027 0.061797 0.516545
vn 0.371139 0.110305 0.922003
vn 0.371139 0.110305 0.922003
vn 0.371139 0.110305 0.922003
vn 0.371139 0.110305 0.922003
vn 0.396363 0.156474 0.904661
vn 0.396363 0.156474 0.904661
vn 0.396363 0.156474 0.904661
vn 0.396363 0.156474 0.904661
vn -0.930714 -0.175238 0.321035
vn -0.930714 -0.175238 0.321035
vn -0.930714 -0.175238 0.321035
vn -0.930714 -0.175238 0.321035
vn -0.439559 -0.159238 -0.883986
vn -0.439559 -0.159238 -0.883986
vn -0.439559 -0.159238 -0.883986
vn -0.439559 -0.159238 -0.883986
vn 0.923682 0.067282 -0.377207
vn 0.923682 0.067282 -0.377207
vn 0.923682 0.067282 -0.377207
vn 0.923682 0.067282 -0.377207
vn -0.881335 -0.051071 0.469723
vn -0.881335 -0.051071 0.469723
vn -0.881335 -0.051071 0.469723
vn -0.881335 -0.051071 0.469723
vn -0.299251 -0.939275 0.167963
vn -0.299251 -0.939275 0.167963
vn -0.299251 -0.939275 0.167963
vn 0.853636 0.037255 -0.519537
vn 0.853636 0.037255 -0.519537
vn 0.853636 0.037255 -0.519537
vn 0.853636 0.037255 -0.519537
vn 0.470741 0.135916 0.871740
vn 0.470741 0.135916 0.871740
vn 0.470741 0.135916 0.871740
vn 0.470741 0.135916 0.871740
vn -0.371462 -0.224119 -0.900992
vn -0.371462 -0.224119 -0.900992
vn -0.371462 -0.224119 -0.900992
vn -0.371462 -0.224119 -0.900992
vn 0.470741 -0.073560 -0.879200
vn 0.470741 -0.073560 -0.879200
vn 0.470741 -0.073560 -0.879200
vn 0.470741 -0.073560 -0.879200
vn -0.371462 -0.005254 0.928433
vn -0.371462 -0.005254 0.928433
vn -0.371462 -0.005254 0.928433
vn -0.371462 -0.005254 0.928433
vn 0.190969 -0.891764 0.410230
vn 0.190969 -0.891764 0.410230
vn 0.190969 -0.891764 0.410230
vn 0.396363 -0.061348 -0.916042
vn 0.396363 -0.061348 -0.916042
vn 0.396363 -0.061348 -0.916042
vn 0.396363 -0.061348 -0.916042
vn -0.439559 0.053785 0.896602
vn -0.439559 0.053785 0.896602
vn -0.439559 0.053785 0.896602
vn -0.439559 0.053785 0.896602
vn -0.475336 0.104511 0.873575
vn -0.475336 0.104511 0.873575
vn -0.475336 0.104511 0.873575
vn -0.475336 0.104511 0.873575
vn 0.371139 -0.110305 -0.922003
vn 0.371139 -0.110305 -0.922003
vn 0.371139 -0.110305 -0.922003
vn 0.371139 -0.110305 -0.922003
vn 0.190969 -0.963368 -0.188289
vn 0.190969 -0.963368 -0.188289
vn 0.190969 -0.963368 -0.188289
vn 0.853636 0.158760 0.496086
vn 0.853636 0.158760 0.496086
vn 0.853636 0.158760 0.496086
vn 0.853636 0.158760 0.496086
vn -0.299251 -0.952389 0.058348
vn -0.299251 -0.952389 0.058348
vn -0.299251 -0.952389 0.058348
vn -0.881335 -0.160435 -0.444419
vn -0.881335 -0.160435 -0.444419
vn -0.881335 -0.160435 -0.444419
vn -0.881335 -0.160435 -0.444419
vn 0.923682 0.154365 0.350690
vn 0.923682 0.154365 0.350690
vn 0.923682 0.154365 0.350690
vn 0.923682 0.154365 0.350690
vn -0.930714 -0.246023 -0.270637
vn -0.930714 -0.246023 -0.270637
vn -0.930714 -0.246023 -0.270637
vn -0.930714 -0.246023 -0.270637
vn -0.854027 -0.061797 -0.516545
vn -0.854027 -0.061797 -0.516545
vn -0.854027 -0.061797 -0.516545
vn -0.854027 -0.061797 -0.516545
vn 0.955149 0.035176 0.294029
vn 0.955149 0.035176 0.294029
vn 0.955149 0.035176 0.294029
vn 0.955149 0.035176 0.294029
vn 0.301064 -0.894785 0.329729
vn 0.301064 -0.894785 0.329729
vn 0.301064 -0.894785 0.329729
vn -0.108386 -0.905067 0.411226
vn -0.108386 -0.905067 0.411226
vn -0.108386 -0.905067 0.411226
vn -0.108386 -0.976531 -0.186119
vn -0.108386 -0.976531 -0.186119
vn -0.108386 -0.976531 -0.186119
vn 0.301064 -0.947314 -0.109348
vn 0.301064 -0.947314 -0.109348
vn 0.301064 -0.947314 -0.109348
vn 0.955149 -0.035176 -0.294029
vn 0.955149 -0.035176 -0.294029
vn 0.955149 -0.035176 -0.294029
vn 0.955149 -0.035176 -0.294029
vn -0.475336 -0.104511 -0.873575
vn -0.475336 -0.104511 -0.873575
vn -0.475336 -0.104511 -0.873575
vn -0.475336 -0.104511 -0.873575
vn -0.854027 0.061797 0.516545
vn -0.854027 0.061797 0.516545
vn -0.854027 0.061797 0.516545
vn -0.854027 0.061797 0.516545
vn 0.371139 0.110305 0.922003
vn 0.371139 0.110305 0.922003
vn 0.371139 0.110305 0.922003
vn 0.371139 0.110305 0.922003
vn 0.396054 0.171965 0.901981
vn 0.396054 0.171965 0.901981
vn 0.396054 0.171965 0.901981
vn 0.396054 0.171965 0.901981
vn -0.925847 -0.197659 0.322085
vn -0.925847 -0.197659 0.322085
vn -0.925847 -0.197659 0.322085
vn -0.925847 -0.197659 0.322085
vn -0.439038 -0.176400 -0.880982
vn -0.439038 -0.176400 -0.880982
vn -0.439038 -0.176400 -0.880982
vn -0.439038 -0.176400 -0.880982
vn 0.919291 0.103234 -0.379799
vn 0.919291 0.103234 -0.379799
vn 0.919291 0.103234 -0.379799
vn 0.919291 0.103234 -0.379799
vn -0.877540 -0.085467 0.471826
vn -0.877540 -0.085467 0.471826
vn -0.877540 -0.085467 0.471826
vn -0.877540 -0.085467 0.471826
vn -0.299251 -0.939275 0.167963
vn -0.299251 -0.939275 0.167963
vn -0.299251 -0.939275 0.167963
vn 0.852666 0.048052 -0.520242
vn 0.852666 0.048052 -0.520242
vn 0.852666 0.048052 -0.520242
vn 0.852666 0.048052 -0.520242
vn 0.470730 0.139277 0.871215
vn 0.470730 0.139277 0.871215
vn 0.470730 0.139277 0.871215
vn 0.470730 0.139277 0.871215
vn -0.370849 -0.236555 -0.898061
vn -0.370849 -0.236555 -0.898061
vn -0.370849 -0.236555 -0.898061
vn -0.370849 -0.236555 -0.898061
vn 0.470730 -0.070170 -0.879483
vn 0.470730 -0.070170 -0.879483
vn 0.470730 -0.070170 -0.879483
vn 0.470730 -0.070170 -0.879483
vn -0.370849 -0.018030 0.928518
vn -0.370849 -0.018030 0.928518
vn -0.370849 -0.018030 0.928518
vn -0.370849 -0.018030 0.928518
vn 0.190969 -0.891764 0.410230
vn 0.190969 -0.891764 0.410230
vn 0.190969 -0.891764 0.410230
vn 0.396054 -0.045662 -0.917091
vn 0.396054 -0.045662 -0.917091
vn 0.396054 -0.045662 -0.917091
vn 0.396054 -0.045662 -0.917091
vn -0.439038 0.036398 0.897731
vn -0.439038 0.036398 0.897731
vn -0.439038 0.036398 0.897731
vn -0.439038 0.036398 0.897731
vn -0.475336 0.104511 0.873575
vn -0.475336 0.104511 0.873575
vn -0.475336 0.104511 0.873575
vn -0.475336 0.104511 0.873575
vn 0.371139 -0.110305 -0.922003
vn 0.371139 -0.110305 -0.922003
vn 0.371139 -0.110305 -0.922003
vn 0.371139 -0.110305 -0.922003
vn 0.190969 -0.963368 -0.188289
vn 0.190969 -0.963368 -0.188289
vn 0.190969 -0.963368 -0.188289
vn 0.852666 0.169419 0.494225
vn 0.852666 0.169419 0.494225
vn 0.852666 0.169419 0.494225
vn 0.852666 0.169419 0.494225
vn -0.299251 -0.952389 0.058348
vn -0.299251 -0.952389 0.058348
vn -0.299251 -0.952389 0.058348
vn -0.877540 -0.194357 -0.438349
vn -0.877540 -0.194357 -0.438349
vn -0.877540 -0.194357 -0.438349
vn -0.877540 -0.194357 -0.438349
vn 0.919291 0.189914 0.344728
vn 0.919291 0.189914 0.344728
vn 0.919291 0.189914 0.344728
vn 0.919291 0.189914 0.344728
vn -0.925847 -0.268059 -0.266368
vn -0.925847 -0.268059 -0.266368
vn -0.925847 -0.268059 -0.266368
vn -0.925847 -0.268059 -0.266368
vn -0.854027 -0.061797 -0.516545
vn -0.854027 -0.061797 -0.516545
vn -0.854027 -0.061797 -0.516545
vn -0.854027 -0.061797 -0.516545
vn 0.955149 0.035176 0.294029
vn 0.955149 0.035176 0.294029
vn 0.955149 0.035176 0.294029
vn 0.955149 0.035176 0.294029
vn 0.301064 -0.894785 0.329729
vn 0.301064 -0.894785 0.329729
vn 0.301064 -0.894785 0.329729
vn -0.108386 -0.905067 0.411226
vn -0.108386 -0.905067 0.411226
vn -0.108386 -0.905067 0.411226
vn -0.108386 -0.976531 -0.186119
vn -0.108386 -0.976531 -0.186119
vn -0.108386 -0.976531 -0.186119
vn 0.301064 -0.947314 -0.109348
vn 0.301064 -0.947314 -0.109348
vn 0.301064 -0.947314 -0.109348
vn 0.000000 -0.992920 0.118789
vn 0.000000 -0.992920 0.118789
vn 0.000000 -0.992920 0.118789
vn 0.000000 -0.992920 0.118789
vn 0.000000 -0.992920 0.118789
vn 0.000000 -0.992920 0.118789
vn 0.000000 -0.992920 0.118789
vn 0.000000 -0.992920 0.118789
vn 0.000000 -0.992920 0.118789
vn 0.000000 -0.992920 0.118789
vn 0.000000 -0.992920 0.118789
vn 0.000000 -0.992920 0.118789
vn 0.000000 -0.992920 0.118789
vn 0.000000 -0.992920 0.118789
vn 0.000000 -0.992920 0.118789
vn 0.000000 -0.992920 0.118789
vn 0.000000 -0.992920 0.118789
vn 0.000000 -0.992920 0.118789
vn 0.000000 -0.992920 0.118789
vn 0.000000 -0.992920 0.118789
vn 0.000000 -0.992920 0.118789
vn 0.000000 -0.992920 0.118789
vn 0.000000 -0.992920 0.118789
vn 0.000000 -0.992920 0.118789
vn 0.410167 0.098202 0.906708
vn 0.410167 0.098202 0.906708
vn 0.410167 0.098202 0.906708
vn 0.410167 0.098202 0.906708
vn -0.321954 0.122784 0.938760
vn -0.321954 0.122784 0.938760
vn -0.321954 0.122784 0.938760
vn -0.321954 0.122784 0.938760
vn 0.628155 -0.517060 -0.581439
vn 0.628155 -0.517060 -0.581439
vn 0.628155 -0.517060 -0.581439
vn 0.628155 -0.517060 -0.581439
vn 0.695741 -0.654662 0.295571
vn 0.695741 -0.654662 0.295571
vn 0.695741 -0.654662 0.295571
vn 0.852946 -0.519889 -0.046883
vn 0.852946 -0.519889 -0.046883
vn 0.852946 -0.519889 -0.046883
vn 0.852946 -0.519889 -0.046883
vn 0.813354 -0.579858 0.047113
vn 0.813354 -0.579858 0.047113
vn 0.813354 -0.579858 0.047113
vn 0.813354 -0.579858 0.047113
vn -0.507143 0.070975 -0.858935
vn -0.507143 0.070975 -0.858935
vn -0.507143 0.070975 -0.858935
vn -0.507143 0.070975 -0.858935
vn -0.469450 -0.089778 -0.878383
vn -0.469450 -0.089778 -0.878383
vn -0.469450 -0.089778 -0.878383
vn -0.469450 -0.089778 -0.878383
vn 0.777730 -0.613301 0.137833
vn 0.777730 -0.613301 0.137833
vn 0.777730 -0.613301 0.137833
vn 0.777730 -0.613301 0.137833
vn 0.921898 -0.293639 -0.252748
vn 0.921898 -0.293639 -0.252748
vn 0.921898 -0.293639 -0.252748
vn 0.814462 -0.575024 0.077456
vn 0.814462 -0.575024 0.077456
vn 0.814462 -0.575024 0.077456
vn 0.814462 -0.575024 0.077456
vn 0.813784 -0.574103 0.090339
vn 0.813784 -0.574103 0.090339
vn 0.813784 -0.574103 0.090339
vn 0.813784 -0.574103 0.090339
vn 0.891445 -0.323761 0.317025
vn 0.891445 -0.323761 0.317025
vn 0.891445 -0.323761 0.317025
vn 0.861976 -0.484937 0.147761
vn 0.861976 -0.484937 0.147761
vn 0.861976 -0.484937 0.147761
vn 0.861976 -0.484937 0.147761
vn 0.814256 -0.574636 0.082345
vn 0.814256 -0.574636 0.082345
vn 0.814256 -0.574636 0.082345
vn 0.814256 -0.574636 0.082345
vn 0.850813 -0.524593 0.030326
vn 0.850813 -0.524593 0.030326
vn 0.850813 -0.524593 0.030326
vn 0.850813 -0.524593 0.030326
vn 0.825668 -0.560162 0.067016
vn 0.825668 -0.560162 0.067016
vn 0.825668 -0.560162 0.067016
vn 0.325365 -0.176817 0.928910
vn 0.325365 -0.176817 0.928910
vn 0.325365 -0.176817 0.928910
vn 0.325365 -0.176817 0.928910
vn 0.287755 -0.239958 0.927155
vn 0.287755 -0.239958 0.927155
vn 0.287755 -0.239958 0.927155
vn 0.287755 -0.239958 0.927155
vn -0.754402 -0.609439 0.243846
vn -0.754402 -0.609439 0.243846
vn -0.754402 -0.609439 0.243846
vn -0.754402 -0.609439 0.243846
vn -0.754402 -0.609439 0.243846
vn -0.729378 -0.569257 -0.379413
vn -0.729378 -0.569257 -0.379413
vn -0.729378 -0.569257 -0.379413
vn -0.835241 -0.146804 0.529926
vn -0.835241 -0.146804 0.529926
vn -0.835241 -0.146804 0.529926
vn -0.895505 -0.441835 -0.053408
vn -0.895505 -0.441835 -0.053408
vn -0.895505 -0.441835 -0.053408
vn -0.895505 -0.441835 -0.053408
vn -0.895505 -0.441835 -0.053408
vn -0.715868 -0.688935 -0.113585
vn -0.715868 -0.688935 -0.113585
vn -0.715868 -0.688935 -0.113585
vn -0.715868 -0.688935 -0.113585
vn -0.867871 -0.467647 0.167650
vn -0.867871 -0.467647 0.167650
vn -0.867871 -0.467647 0.167650
vn -0.867871 -0.467647 0.167650
vn -0.951664 -0.307111 -0.004253
vn -0.951664 -0.307111 -0.004253
vn -0.951664 -0.307111 -0.004253
vn -0.894598 -0.335105 0.295635
vn -0.894598 -0.335105 0.295635
vn -0.894598 -0.335105 0.295635
vn -0.894598 -0.335105 0.295635
vn -0.907488 -0.394198 0.145167
vn -0.907488 -0.394198 0.145167
vn -0.907488 -0.394198 0.145167
vn -0.907488 -0.394198 0.145167
vn -0.187268 -0.055689 0.980729
vn -0.187268 -0.055689 0.980729
vn -0.187268 -0.055689 0.980729
vn -0.187268 -0.055689 0.980729
vn -0.874097 -0.384164 0.297273
vn -0.874097 -0.384164 0.297273
vn -0.874097 -0.384164 0.297273
vn -0.874097 -0.384164 0.297273
vn -0.717971 -0.179715 0.672473
vn -0.717971 -0.179715 0.672473
vn -0.717971 -0.179715 0.672473
vn 0.203705 0.175412 0.963190
vn 0.203705 0.175412 0.963190
vn 0.203705 0.175412 0.963190
vn 0.203705 0.175412 0.963190
vn 0.867688 -0.393371 0.303936
vn 0.519485 -0.850944 -0.077659
vn 0.480461 -0.245347 -0.841999
vn -0.123824 -0.906836 -0.402885
vn 0.217008 -0.312533 -0.924787
vn -0.169184 -0.605096 0.777969
vn 0.262532 -0.813972 0.518195
vn 0.691976 -0.418754 0.588060
vn -0.388007 -0.668082 0.634915
vn -0.381862 -0.894491 0.232523
vn -0.793105 -0.594296 -0.133403
vn -0.734097 -0.603332 -0.311596
vn 0.495233 -0.620765 0.607779
vn 0.492594 -0.838100 0.234391
vn 0.821798 -0.567425 -0.051744
vn 0.214891 -0.903747 -0.370221
vn 0.739170 -0.585941 -0.332115
vn -0.175663 -0.650334 -0.739059
vn 0.194862 -0.649891 0.734623
vn -0.251932 -0.819756 0.514324
vn -0.527756 -0.847426 -0.057819
vn -0.523067 -0.586928 -0.617994
vn -0.677907 -0.578148 0.454077
vn -0.777140 -0.587670 0.225159
s off
g group11 PersonPre
usemtl lambert1SG
f 596/856/1554 557/857/1555 566/858/1556
f 790/859/1557 597/860/1558 787/861/1559
f 559/862/1560 791/863/1561 785/864/1562 611/865/1563 557/857/1564
f 556/866/1565 784/867/1566 791/863/1567 559/862/1568
f 790/859/1569 554/868/1570 558/869/1571
f 596/856/1572 556/866/1573 559/862/1574
f 802/958/1575 801/959/1576 570/872/1577 562/871/1578 563/870/1579
f 561/873/1580 705/878/1581 564/877/1582 704/876/1583 565/875/1584 568/874/1585
f 560/879/1586 565/875/1587 704/876/1588 564/877/1589 556/880/1590
f 567/881/1591 554/883/1592 786/960/1593 849/882/1594
f 564/877/1595 705/878/1596 561/873/1597 569/884/1598 797/962/1599 798/961/1600
f 556/880/1601 564/877/1602 798/961/1603 784/885/1604
f 563/870/1605 562/871/1606 568/874/1607 565/875/1608 726/887/1609 703/886/1610
f 554/883/1611 567/881/1612 563/870/1613 703/886/1614 726/887/1615 565/875/1616 560/879/1617
f 797/962/1618 569/888/1619 593/964/1620 846/963/1621
f 562/871/1622 702/889/1623 561/873/1624 568/874/1625
f 561/873/1626 591/891/1627 593/890/1628 569/888/1629
f 811/892/1630 572/966/1631 574/965/1632 813/893/1633
f 586/894/1634 588/969/1635 573/968/1636 578/967/1637
f 820/895/1638 814/971/1639 571/970/1640 577/896/1641
f 573/968/1642 812/972/1643 832/897/1644
f 588/969/1645 831/899/1646 812/898/1647 573/968/1648
f 824/900/1649 580/901/1650 818/973/1651
f 585/974/1652 575/976/1653 581/975/1654
f 830/902/1655 820/895/1656 577/896/1657 582/903/1658
f 580/901/1659 826/904/1660 818/973/1661
f 574/965/1662 579/906/1663 589/905/1664
f 576/977/1665 578/967/1666 822/907/1667 826/904/1668
f 589/905/1669 580/901/1670 824/900/1671
f 574/965/1672 572/966/1673 579/906/1674
f 587/978/1675 586/894/1676 578/967/1677 576/977/1678
f 575/976/1679 582/903/1680 583/908/1681 581/975/1682
f 582/903/1683 577/896/1684 571/970/1685 583/908/1686
f 580/901/1687 576/977/1688 826/904/1689
f 578/967/1690 573/968/1691 832/897/1692 822/907/1693
f 594/909/1694 572/966/1695 811/979/1696
f 572/966/1697 585/974/1698 581/975/1699 587/978/1700
f 581/975/1701 583/908/1702 586/894/1703 587/978/1704
f 571/970/1705 814/910/1706 831/899/1707 588/969/1708
f 583/908/1709 571/970/1710 588/969/1711 586/894/1712
f 579/906/1713 572/966/1714 587/978/1715 576/977/1716
f 579/906/1717 576/977/1718 580/901/1719 589/905/1720
f 813/980/1721 574/965/1722 589/905/1723 824/900/1724
f 839/911/1725 840/914/1726 584/913/1727 590/912/1728
f 590/912/1729 584/913/1730 592/915/1731 591/981/1732
f 591/981/1733 592/915/1734 594/916/1735 593/964/1736
f 593/964/1737 594/916/1738 811/982/1739 846/963/1740
f 590/912/1741 570/872/1742 801/959/1743 839/911/1744
f 817/983/1745 830/902/1746 582/903/1747 575/976/1748 595/917/1749
f 575/976/1750 585/974/1751 592/918/1752 584/984/1753
f 817/983/1754 595/917/1755 584/984/1756 840/919/1757
f 592/918/1758 585/974/1759 572/966/1760 594/909/1761
f 595/917/1762 575/976/1763 584/984/1764
f 554/920/1765 560/921/1766 596/856/1767 558/922/1768
f 555/923/1769 596/856/1770 566/858/1771
f 562/871/1772 570/925/1773 590/924/1774 591/891/1775
f 561/873/1776 702/889/1777 562/871/1778 591/891/1779
f 560/921/1780 556/866/1781 596/856/1782
f 786/985/1783 554/868/1784 790/859/1785
f 558/922/1786 596/856/1787 555/923/1788
f 559/862/1789 557/857/1790 596/856/1791
f 563/870/1792 567/881/1793 849/882/1794 802/958/1795
f 600/986/1796 608/987/1797 609/926/1798
f 601/988/1799 566/991/1800 557/990/1801 598/989/1802
f 599/995/1803 607/996/1804 608/987/1805 600/986/1806 566/991/1807 601/988/1808
f 787/997/1809 597/999/1810 603/998/1811 605/928/1812
f 606/1000/1813 610/930/1814 602/929/1815
f 854/1001/1816 861/1002/1817 604/931/1818
f 861/1002/1819 857/1003/1820 605/928/1821 604/931/1822
f 604/931/1823 605/928/1824 603/998/1825 606/1000/1826
f 857/1003/1827 787/997/1828 605/928/1829
f 610/930/1830 609/926/1831 608/987/1832 607/996/1833
f 606/1000/1834 602/929/1835 854/1001/1836
f 610/930/1837 607/996/1838 599/995/1839
f 606/1000/1840 603/998/1841 609/926/1842 610/930/1843
f 603/998/1844 597/999/1845 609/926/1846
f 597/999/1847 600/986/1848 609/926/1849
f 604/931/1850 606/1000/1851 854/1001/1852
f 602/929/1853 610/930/1854 599/995/1855
f 558/869/1856 597/860/1857 790/859/1858
f 555/1004/1859 597/860/1860 558/869/1861
f 598/989/1862 557/990/1863 611/994/1864 612/927/1865
f 617/1005/1866 875/1008/1867 854/1007/1868 614/1006/1869
f 619/1009/1870 602/1012/1871 599/1011/1872 616/1010/1873
f 618/1013/1874 601/1016/1875 598/1015/1876 615/1014/1877
f 620/1017/1878 612/1020/1879 855/1019/1880 613/1018/1881
f 620/1017/1882 613/1018/1883 621/1022/1884 628/1021/1885
f 618/1013/1886 615/1014/1887 623/1024/1888 626/1023/1889
f 616/1010/1890 599/1011/1891 601/1016/1892 618/1013/1893
f 613/1025/1894 855/1026/1895 875/1008/1896 617/1005/1897
f 614/1006/1898 854/1007/1899 602/1012/1900 619/1009/1901
f 615/1014/1902 598/1015/1903 612/1020/1904 620/1017/1905
f 648/1027/1906 647/1030/1907 632/1029/1908 635/1028/1909
f 646/1031/1910 645/1034/1911 633/1033/1912 629/1032/1913
f 617/1005/1914 614/1006/1915 622/1036/1916 625/1035/1917
f 615/1014/1918 620/1017/1919 628/1021/1920 623/1024/1921
f 614/1006/1922 619/1009/1923 627/1037/1924 622/1036/1925
f 613/1025/1926 617/1005/1927 625/1035/1928 621/1038/1929
f 619/1009/1930 616/1010/1931 624/1039/1932 627/1037/1933
f 616/1010/1934 618/1013/1935 626/1023/1936 624/1039/1937
f 632/1029/1938 634/1042/1939 642/1041/1940 640/1040/1941
f 633/1033/1942 630/1045/1943 638/1044/1944 641/1043/1945
f 650/932/1946 649/1047/1947 631/1046/1948 634/1042/1949
f 649/1047/1950 651/1049/1951 636/1048/1952 631/1046/1953
f 652/1050/1954 648/1027/1955 635/1028/1956 630/1045/1957
f 651/1049/1958 646/1052/1959 629/1051/1960 636/1048/1961
f 645/1034/1962 652/1050/1963 630/1045/1964 633/1033/1965
f 647/1030/1966 650/932/1967 634/1042/1968 632/1029/1969
f 638/1044/1970 643/1055/1971 659/1054/1972 654/1053/1973
f 639/1056/1974 644/1059/1975 660/1058/1976 655/1057/1977
f 629/1032/1978 633/1033/1979 641/1043/1980 637/1060/1981
f 635/1028/1982 632/1029/1983 640/1040/1984 643/1055/1985
f 634/1042/1986 631/1046/1987 639/1056/1988 642/1041/1989
f 631/1046/1990 636/1048/1991 644/1059/1992 639/1056/1993
f 630/1045/1994 635/1028/1995 643/1055/1996 638/1044/1997
f 636/1048/1998 629/1051/1999 637/1061/2000 644/1059/2001
f 624/1039/2002 626/1023/2003 650/932/2004 647/1030/2005
f 625/1035/2006 622/1036/2007 652/1050/2008 645/1034/2009
f 628/1021/2010 621/1022/2011 646/1052/2012 651/1049/2013
f 622/1036/2014 627/1037/2015 648/1027/2016 652/1050/2017
f 623/1024/2018 628/1021/2019 651/1049/2020 649/1047/2021
f 626/1023/2022 623/1024/2023 649/1047/2024 650/932/2025
f 621/1038/2026 625/1035/2027 645/1034/2028 646/1031/2029
f 627/1037/2030 624/1039/2031 647/1030/2032 648/1027/2033
f 656/1062/2034 658/1065/2035 666/1064/2036 664/1063/2037
f 657/1066/2038 654/1053/2039 662/1068/2040 665/1067/2041
f 644/1059/2042 637/1061/2043 653/1069/2044 660/1058/2045
f 641/1043/2046 638/1044/2047 654/1053/2048 657/1066/2049
f 640/1040/2050 642/1041/2051 658/1065/2052 656/1062/2053
f 637/1060/2054 641/1043/2055 657/1066/2056 653/1070/2057
f 643/1055/2058 640/1040/2059 656/1062/2060 659/1054/2061
f 642/1041/2062 639/1056/2063 655/1057/2064 658/1065/2065
f 666/1064/2066 663/1073/2067 671/1072/2068 674/1071/2069
f 667/1074/2070 664/1063/2071 672/1076/2072 675/1075/2073
f 653/1070/2074 657/1066/2075 665/1067/2076 661/1077/2077
f 659/1054/2078 656/1062/2079 664/1063/2080 667/1074/2081
f 658/1065/2082 655/1057/2083 663/1073/2084 666/1064/2085
f 655/1057/2086 660/1058/2087 668/1078/2088 663/1073/2089
f 654/1053/2090 659/1054/2091 667/1074/2092 662/1068/2093
f 660/1058/2094 653/1069/2095 661/1079/2096 668/1078/2097
f 673/933/2098 674/1071/2099 671/1072/2100 676/1080/2101 669/934/2102
f 670/935/2103 675/1081/2104 672/1076/2105 674/1071/2106 673/933/2107
f 663/1073/2108 668/1078/2109 676/1082/2110 671/1072/2111
f 662/1068/2112 667/1074/2113 675/1075/2114 670/1083/2115
f 668/1078/2116 661/1079/2117 669/1084/2118 676/1082/2119
f 665/1067/2120 662/1068/2121 670/1083/2122 673/1085/2123
f 664/1063/2124 666/1064/2125 674/1071/2126 672/1076/2127
f 661/1077/2128 665/1067/2129 673/1085/2130 669/1086/2131
f 694/1087/2132 675/1090/2133 672/1089/2134 692/1088/2135
f 693/1091/2136 671/1092/2137 689/936/2138
f 688/937/2139 680/1095/2140 677/1094/2141 686/1093/2142
f 685/1096/2143 679/1097/2144 680/1095/2145 688/937/2146
f 674/938/2147 671/1092/2148 693/1091/2149
f 689/936/2150 690/939/2151 687/1099/2152 678/1098/2153
f 677/1094/2154 678/1098/2155 687/1101/2156 686/1100/2157
f 694/1087/2158 695/1103/2159 670/1102/2160 675/1090/2161
f 696/1104/2162 691/1106/2163 669/1105/2164
f 688/937/2165 686/1093/2166 681/1108/2167 699/941/2168 700/940/2169 684/1107/2170
f 685/1096/2171 688/937/2172 684/1107/2173 683/1109/2174
f 696/1104/2175 669/1105/2176 673/1110/2177
f 691/1106/2178 682/1111/2179 687/1099/2180 690/939/2181
f 681/1108/2182 686/1100/2183 687/1101/2184 682/1111/2185
f 669/1105/2186 691/1106/2187 690/939/2188 676/1112/2189
f 671/1092/2190 676/1112/2191 690/939/2192 689/936/2193
f 684/1107/2194 696/1104/2195 698/1113/2196
f 685/1114/2197 683/1109/2198 695/1103/2199 694/1087/2200
f 680/1095/2201 697/1115/2202 693/1091/2203
f 685/1114/2204 694/1087/2205 692/1088/2206 679/1097/2207
f 693/1091/2208 689/936/2209 678/1098/2210
f 682/1111/2211 691/1106/2212 701/942/2213
f 692/1088/2214 672/1089/2215 674/938/2216 697/1115/2217
f 695/1103/2218 698/1113/2219 673/1110/2220 670/1102/2221
f 697/1115/2222 674/938/2223 693/1091/2224
f 698/1113/2225 696/1104/2226 673/1110/2227
f 699/941/2228 681/1108/2229 701/942/2230
f 696/1104/2231 684/1107/2232 691/1106/2233
f 679/1097/2234 692/1088/2235 697/1115/2236
f 680/1095/2237 679/1097/2238 697/1115/2239
f 695/1103/2240 683/1109/2241 698/1113/2242
f 683/1109/2243 684/1107/2244 698/1113/2245
f 680/1095/2246 693/1091/2247 678/1098/2248 677/1094/2249
f 700/940/2250 699/941/2251 691/1106/2252
f 684/1107/2253 700/940/2254 691/1106/2255
f 691/1106/2256 699/941/2257 701/942/2258
f 681/1108/2259 682/1111/2260 701/942/2261
f 722/1116/2262 713/1119/2263 709/1118/2264 718/1117/2265
f 720/1120/2266 711/1122/2267 707/1121/2268
f 721/1123/2269 715/1126/2270 561/1125/2271 705/1124/2272
f 741/1127/2273 717/1130/2274 732/1129/2275 729/1128/2276
f 716/1131/2277 702/944/2278 561/943/2279
f 562/1132/2280 702/944/2281 716/1131/2282
f 742/945/2283 741/1127/2284 729/1128/2285 730/1133/2286
f 709/1118/2287 711/1122/2288 720/1120/2289
f 717/1130/2290 738/1135/2291 731/1134/2292 732/1129/2293
f 709/1118/2294 713/1136/2295 716/1131/2296
f 716/1131/2297 715/1137/2298 707/1121/2299
f 719/1138/2300 707/1121/2301 715/1126/2302 721/1123/2303
f 563/1139/2304 562/1140/2305 713/1119/2306
f 703/1141/2307 563/1139/2308 722/1116/2309
f 706/1142/2310 719/1138/2311 721/1123/2312 714/1143/2313
f 708/1144/2314 718/1117/2315 720/1120/2316 710/1145/2317
f 714/1143/2318 721/1123/2319 705/1124/2320 704/1146/2321 725/946/2322
f 710/1145/2323 720/1120/2324 719/1138/2325 706/1142/2326
f 712/1147/2327 722/1116/2328 718/1117/2329 708/1144/2330
f 713/1136/2331 562/1132/2332 716/1131/2333
f 718/1117/2334 709/1118/2335 720/1120/2336
f 719/1138/2337 720/1120/2338 707/1121/2339
f 715/1137/2340 716/1131/2341 561/943/2342
f 722/1116/2343 563/1139/2344 713/1119/2345
f 704/1148/2346 756/948/2347 725/947/2348
f 723/949/2349 724/951/2350 565/1149/2351 726/950/2352
f 703/1150/2353 723/949/2354 726/950/2355
f 565/1149/2356 724/951/2357 728/953/2358 727/952/2359
f 732/1129/2360 731/1134/2361 758/1152/2362 759/1151/2363
f 733/1153/2364 730/1133/2365 757/1155/2366 760/1154/2367
f 730/1133/2368 729/1128/2369 735/1156/2370 757/1155/2371
f 734/1157/2372 737/1160/2373 763/1159/2374 761/1158/2375
f 738/1135/2376 743/1162/2377 734/1161/2378 731/1134/2379
f 745/954/2380 744/1164/2381 733/1153/2382 736/1163/2383
f 744/1164/2384 742/945/2385 730/1133/2386 733/1153/2387
f 740/1165/2388 745/1167/2389 736/1166/2390 737/1160/2391
f 748/1168/2392 747/1169/2393 745/1167/2394 740/1165/2395
f 750/1170/2396 746/1171/2397 742/945/2398 744/1164/2399
f 747/1172/2400 750/1170/2401 744/1164/2402 745/954/2403
f 743/1173/2404 755/1175/2405 739/1174/2406
f 714/1143/2407 725/946/2408 743/1162/2409 738/1135/2410
f 755/1175/2411 748/1168/2412 740/1165/2413 739/1174/2414
f 706/1142/2415 714/1143/2416 738/1135/2417 717/1130/2418
f 746/1171/2419 749/1176/2420 741/1127/2421 742/945/2422
f 749/1176/2423 717/1130/2424 741/1127/2425
f 708/1144/2426 710/1145/2427 749/1176/2428 746/1171/2429 752/1177/2430
f 753/1178/2431 754/1180/2432 751/1179/2433 750/1170/2434 747/1172/2435
f 752/1177/2436 746/1171/2437 750/1170/2438 751/1179/2439
f 724/951/2440 723/949/2441 753/1181/2442 747/1169/2443 748/1168/2444
f 723/1182/2445 703/1141/2446 722/1116/2447
f 712/1147/2448 723/1182/2449 722/1116/2450
f 710/1145/2451 706/1142/2452 717/1130/2453 749/1176/2454
f 711/1122/2455 716/1131/2456 707/1121/2457
f 711/1122/2458 709/1118/2459 716/1131/2460
f 743/1173/2461 739/1174/2462 740/1165/2463 737/1160/2464 734/1157/2465
f 723/1182/2466 712/1147/2467 754/1180/2468 753/1178/2469
f 712/1147/2470 708/1144/2471 752/1177/2472 754/1180/2473
f 754/1180/2474 752/1177/2475 751/1179/2476
f 728/953/2477 724/951/2478 748/1168/2479 755/1175/2480
f 727/952/2481 728/953/2482 756/948/2483 704/1148/2484
f 756/948/2485 728/953/2486 755/1175/2487
f 756/948/2488 755/1175/2489 743/1173/2490
f 725/947/2491 756/948/2492 743/1173/2493
f 737/1160/2494 736/1166/2495 762/1183/2496 763/1159/2497
f 736/1163/2498 733/1153/2499 760/1154/2500 762/1184/2501
f 731/1134/2502 734/1161/2503 761/1185/2504 758/1152/2505
f 729/1128/2506 732/1129/2507 759/1151/2508 735/1156/2509
f 757/1155/2510 735/1156/2511 764/1187/2512 765/1186/2513
f 761/1158/2514 763/1159/2515 771/1189/2516 769/1188/2517
f 759/1151/2518 758/1152/2519 766/1191/2520 767/1190/2521
f 762/1184/2522 760/1154/2523 768/1193/2524 770/1192/2525
f 760/1154/2526 757/1155/2527 765/1186/2528 768/1193/2529
f 763/1159/2530 762/1183/2531 770/1194/2532 771/1189/2533
f 735/1156/2534 759/1151/2535 767/1190/2536 764/1187/2537
f 758/1152/2538 761/1185/2539 769/1195/2540 766/1191/2541
f 764/1187/2542 767/1190/2543 776/1198/2544 779/957/2545
f 765/1186/2546 764/1187/2547 779/957/2548 777/1200/2549
f 770/1192/2550 768/1193/2551 778/1199/2552 772/1202/2553
f 769/1188/2554 771/1189/2555 773/955/2556 774/1201/2557
f 768/1193/2558 765/1186/2559 777/1200/2560 778/1199/2561
f 767/1190/2562 766/1191/2563 775/1197/2564 776/1198/2565
f 766/1191/2566 769/1195/2567 774/956/2568 775/1197/2569
f 771/1189/2570 770/1194/2571 772/1196/2572 773/955/2573
f 848/1203/2574 800/1204/2575 783/1205/2576
f 790/859/2577 787/861/2578 850/1206/2579
f 789/1207/2580 783/1205/2581 868/1208/2582 785/864/2583 791/863/2584
f 782/1209/2585 789/1207/2586 791/863/2587 784/867/2588
f 790/859/2589 788/1210/2590 780/1211/2591
f 848/1203/2592 789/1207/2593 782/1209/2594
f 802/958/2595 795/1214/2596 794/1213/2597 806/1212/2598 801/959/2599
f 793/1215/2600 804/1220/2601 799/1219/2602 913/1218/2603 796/1217/2604 914/1216/2605
f 792/1221/2606 782/1222/2607 796/1217/2608 913/1218/2609 799/1219/2610
f 803/1223/2611 849/882/2612 786/960/2613 780/1224/2614
f 796/1217/2615 798/961/2616 797/962/2617 805/1225/2618 793/1215/2619 914/1216/2620
f 782/1222/2621 784/885/2622 798/961/2623 796/1217/2624
f 795/1214/2625 912/1227/2626 935/1226/2627 799/1219/2628 804/1220/2629 794/1213/2630
f 780/1224/2631 792/1221/2632 799/1219/2633 935/1226/2634 912/1227/2635 795/1214/2636 803/1223/2637
f 797/962/2638 846/963/2639 844/1229/2640 805/1228/2641
f 794/1213/2642 804/1220/2643 793/1215/2644 911/1230/2645
f 793/1215/2646 805/1228/2647 844/1232/2648 842/1231/2649
f 811/892/2650 813/893/2651 810/1234/2652 808/1233/2653
f 835/1235/2654 821/1238/2655 809/1237/2656 837/1236/2657
f 820/895/2658 819/1240/2659 807/1239/2660 814/971/2661
f 809/1237/2662 832/897/2663 812/972/2664
f 837/1236/2665 809/1237/2666 812/898/2667 831/899/2668
f 824/900/2669 818/973/2670 825/1241/2671
f 834/1242/2672 827/1244/2673 815/1243/2674
f 830/902/2675 828/1245/2676 819/1240/2677 820/895/2678
f 825/1241/2679 818/973/2680 826/904/2681
f 810/1234/2682 838/1247/2683 823/1246/2684
f 816/1248/2685 826/904/2686 822/907/2687 821/1238/2688
f 838/1247/2689 824/900/2690 825/1241/2691
f 810/1234/2692 823/1246/2693 808/1233/2694
f 836/1249/2695 816/1248/2696 821/1238/2697 835/1235/2698
f 815/1243/2699 827/1244/2700 829/1250/2701 828/1245/2702
f 828/1245/2703 829/1250/2704 807/1239/2705 819/1240/2706
f 825/1241/2707 826/904/2708 816/1248/2709
f 821/1238/2710 822/907/2711 832/897/2712 809/1237/2713
f 845/1251/2714 811/979/2715 808/1233/2716
f 808/1233/2717 836/1249/2718 827/1244/2719 834/1242/2720
f 827/1244/2721 836/1249/2722 835/1235/2723 829/1250/2724
f 807/1239/2725 837/1236/2726 831/899/2727 814/910/2728
f 829/1250/2729 835/1235/2730 837/1236/2731 807/1239/2732
f 823/1246/2733 816/1248/2734 836/1249/2735 808/1233/2736
f 823/1246/2737 838/1247/2738 825/1241/2739 816/1248/2740
f 813/980/2741 824/900/2742 838/1247/2743 810/1234/2744
f 839/911/2745 841/1253/2746 833/1252/2747 840/914/2748
f 841/1253/2749 842/1255/2750 843/1254/2751 833/1252/2752
f 842/1255/2753 844/1229/2754 845/1256/2755 843/1254/2756
f 844/1229/2757 846/963/2758 811/982/2759 845/1256/2760
f 841/1253/2761 839/911/2762 801/959/2763 806/1212/2764
f 817/983/2765 847/1257/2766 815/1243/2767 828/1245/2768 830/902/2769
f 815/1243/2770 833/1259/2771 843/1258/2772 834/1242/2773
f 817/983/2774 840/919/2775 833/1259/2776 847/1257/2777
f 843/1258/2778 845/1251/2779 808/1233/2780 834/1242/2781
f 847/1257/2782 833/1259/2783 815/1243/2784
f 780/1260/2785 788/1261/2786 848/1203/2787 792/1262/2788
f 781/1263/2789 800/1204/2790 848/1203/2791
f 794/1213/2792 842/1231/2793 841/1265/2794 806/1264/2795
f 793/1215/2796 842/1231/2797 794/1213/2798 911/1230/2799
f 792/1262/2800 848/1203/2801 782/1209/2802
f 786/985/2803 790/859/2804 780/1211/2805
f 788/1261/2806 781/1263/2807 848/1203/2808
f 789/1207/2809 848/1203/2810 783/1205/2811
f 795/1214/2812 802/958/2813 849/882/2814 803/1223/2815
f 853/1266/2816 866/1268/2817 865/1267/2818
f 856/1269/2819 851/1272/2820 783/1271/2821 800/1270/2822
f 869/1273/2823 855/992/2824 785/993/2825 868/1274/2826
f 852/1275/2827 856/1269/2828 800/1270/2829 853/1266/2830 865/1267/2831 864/1276/2832
f 787/997/2833 862/1279/2834 859/1278/2835 850/1277/2836
f 863/1280/2837 858/1282/2838 867/1281/2839
f 854/1001/2840 860/1283/2841 861/1002/2842
f 861/1002/2843 860/1283/2844 862/1279/2845 857/1003/2846
f 860/1283/2847 863/1280/2848 859/1278/2849 862/1279/2850
f 857/1003/2851 862/1279/2852 787/997/2853
f 867/1281/2854 864/1276/2855 865/1267/2856 866/1268/2857
f 863/1280/2858 854/1001/2859 858/1282/2860
f 867/1281/2861 852/1275/2862 864/1276/2863
f 863/1280/2864 867/1281/2865 866/1268/2866 859/1278/2867
f 859/1278/2868 866/1268/2869 850/1277/2870
f 850/1277/2871 866/1268/2872 853/1266/2873
f 860/1283/2874 854/1001/2875 863/1280/2876
f 858/1282/2877 852/1275/2878 867/1281/2879
f 788/1210/2880 790/859/2881 850/1206/2882
f 781/1284/2883 788/1210/2884 850/1206/2885
f 851/1272/2886 869/1273/2887 868/1274/2888 783/1271/2889
f 874/1285/2890 871/1286/2891 854/1007/2892 875/1008/2893
f 877/1287/2894 873/1290/2895 852/1289/2896 858/1288/2897
f 876/1291/2898 872/1294/2899 851/1293/2900 856/1292/2901
f 878/1295/2902 870/1297/2903 855/1019/2904 869/1296/2905
f 878/1295/2906 886/1299/2907 879/1298/2908 870/1297/2909
f 876/1291/2910 884/1301/2911 881/1300/2912 872/1294/2913
f 873/1290/2914 876/1291/2915 856/1292/2916 852/1289/2917
f 870/1302/2918 874/1285/2919 875/1008/2920 855/1026/2921
f 871/1286/2922 877/1287/2923 858/1288/2924 854/1007/2925
f 872/1294/2926 878/1295/2927 869/1296/2928 851/1293/2929
f 906/1303/2930 893/1306/2931 890/1305/2932 905/1304/2933
f 904/1307/2934 887/1310/2935 891/1309/2936 903/1308/2937
f 874/1285/2938 883/1312/2939 880/1311/2940 871/1286/2941
f 872/1294/2942 881/1300/2943 886/1299/2944 878/1295/2945
f 871/1286/2946 880/1311/2947 885/1313/2948 877/1287/2949
f 870/1302/2950 879/1314/2951 883/1312/2952 874/1285/2953
f 877/1287/2954 885/1313/2955 882/1315/2956 873/1290/2957
f 873/1290/2958 882/1315/2959 884/1301/2960 876/1291/2961
f 890/1305/2962 898/1318/2963 900/1317/2964 892/1316/2965
f 891/1309/2966 899/1321/2967 896/1320/2968 888/1319/2969
f 908/1322/2970 892/1316/2971 889/1324/2972 907/1323/2973
f 907/1323/2974 889/1324/2975 894/1326/2976 909/1325/2977
f 910/1327/2978 888/1319/2979 893/1306/2980 906/1303/2981
f 909/1325/2982 894/1326/2983 887/1329/2984 904/1328/2985
f 903/1308/2986 891/1309/2987 888/1319/2988 910/1327/2989
f 905/1304/2990 890/1305/2991 892/1316/2992 908/1322/2993
f 887/1310/2994 895/1333/2995 899/1321/2996 891/1309/2997
f 893/1306/2998 901/1330/2999 898/1318/3000 890/1305/3001
f 892/1316/3002 900/1317/3003 897/1331/3004 889/1324/3005
f 889/1324/3006 897/1331/3007 902/1332/3008 894/1326/3009
f 888/1319/3010 896/1320/3011 901/1330/3012 893/1306/3013
f 894/1326/3014 902/1332/3015 895/1334/3016 887/1329/3017
f 882/1315/3018 905/1304/3019 908/1322/3020 884/1301/3021
f 883/1312/3022 903/1308/3023 910/1327/3024 880/1311/3025
f 886/1299/3026 909/1325/3027 904/1328/3028 879/1298/3029
f 880/1311/3030 910/1327/3031 906/1303/3032 885/1313/3033
f 881/1300/3034 907/1323/3035 909/1325/3036 886/1299/3037
f 884/1301/3038 908/1322/3039 907/1323/3040 881/1300/3041
f 879/1314/3042 904/1307/3043 903/1308/3044 883/1312/3045
f 885/1313/3046 906/1303/3047 905/1304/3048 882/1315/3049
f 931/1335/3050 927/1338/3051 918/1337/3052 922/1336/3053
f 929/1339/3054 916/1341/3055 920/1340/3056
f 930/1342/3057 914/1345/3058 793/1344/3059 924/1343/3060
f 950/1346/3061 938/1349/3062 941/1348/3063 926/1347/3064
f 925/1350/3065 793/1352/3066 911/1351/3067
f 794/1353/3068 925/1350/3069 911/1351/3070
f 951/1354/3071 939/1355/3072 938/1349/3073 950/1346/3074
f 918/1337/3075 929/1339/3076 920/1340/3077
f 926/1347/3078 941/1348/3079 940/1357/3080 947/1356/3081
f 918/1337/3082 925/1350/3083 922/1358/3084
f 925/1350/3085 916/1341/3086 924/1359/3087
f 928/1360/3088 930/1342/3089 924/1343/3090 916/1341/3091
f 795/1361/3092 922/1336/3093 794/1362/3094
f 912/1363/3095 931/1335/3096 795/1361/3097
f 915/1364/3098 923/1365/3099 930/1342/3100 928/1360/3101
f 917/1366/3102 919/1367/3103 929/1339/3104 927/1338/3105
f 923/1365/3106 934/1369/3107 913/1368/3108 914/1345/3109 930/1342/3110
f 919/1367/3111 915/1364/3112 928/1360/3113 929/1339/3114
f 921/1370/3115 917/1366/3116 927/1338/3117 931/1335/3118
f 922/1358/3119 925/1350/3120 794/1353/3121
f 927/1338/3122 929/1339/3123 918/1337/3124
f 928/1360/3125 916/1341/3126 929/1339/3127
f 924/1359/3128 793/1352/3129 925/1350/3130
f 931/1335/3131 922/1336/3132 795/1361/3133
f 913/1371/3134 934/1373/3135 965/1372/3136
f 932/1374/3137 935/1377/3138 799/1376/3139 933/1375/3140
f 912/1378/3141 935/1377/3142 932/1374/3143
f 799/1376/3144 936/1380/3145 937/1379/3146 933/1375/3147
f 941/1348/3148 968/1382/3149 967/1381/3150 940/1357/3151
f 942/1383/3152 969/1385/3153 966/1384/3154 939/1355/3155
f 939/1355/3156 966/1384/3157 944/1386/3158 938/1349/3159
f 943/1387/3160 970/1390/3161 972/1389/3162 946/1388/3163
f 947/1356/3164 940/1357/3165 943/1392/3166 952/1391/3167
f 954/1393/3168 945/1395/3169 942/1383/3170 953/1394/3171
f 953/1394/3172 942/1383/3173 939/1355/3174 951/1354/3175
f 949/1396/3176 946/1388/3177 945/1398/3178 954/1397/3179
f 957/1399/3180 949/1396/3181 954/1397/3182 956/1400/3183
f 959/1401/3184 953/1394/3185 951/1354/3186 955/1402/3187
f 956/1403/3188 954/1393/3189 953/1394/3190 959/1401/3191
f 952/1404/3192 948/1406/3193 964/1405/3194
f 923/1365/3195 947/1356/3196 952/1391/3197 934/1369/3198
f 964/1405/3199 948/1406/3200 949/1396/3201 957/1399/3202
f 915/1364/3203 926/1347/3204 947/1356/3205 923/1365/3206
f 955/1402/3207 951/1354/3208 950/1346/3209 958/1407/3210
f 958/1407/3211 950/1346/3212 926/1347/3213
f 917/1366/3214 961/1408/3215 955/1402/3216 958/1407/3217 919/1367/3218
f 962/1409/3219 956/1403/3220 959/1401/3221 960/1411/3222 963/1410/3223
f 961/1408/3224 960/1411/3225 959/1401/3226 955/1402/3227
f 933/1375/3228 957/1399/3229 956/1400/3230 962/1412/3231 932/1374/3232
f 932/1413/3233 931/1335/3234 912/1363/3235
f 921/1370/3236 931/1335/3237 932/1413/3238
f 919/1367/3239 958/1407/3240 926/1347/3241 915/1364/3242
f 920/1340/3243 916/1341/3244 925/1350/3245
f 920/1340/3246 925/1350/3247 918/1337/3248
f 952/1404/3249 943/1387/3250 946/1388/3251 949/1396/3252 948/1406/3253
f 932/1413/3254 962/1409/3255 963/1410/3256 921/1370/3257
f 921/1370/3258 963/1410/3259 961/1408/3260 917/1366/3261
f 963/1410/3262 960/1411/3263 961/1408/3264
f 937/1379/3265 964/1405/3266 957/1399/3267 933/1375/3268
f 936/1380/3269 913/1371/3270 965/1372/3271 937/1379/3272
f 965/1372/3273 964/1405/3274 937/1379/3275
f 965/1372/3276 952/1404/3277 964/1405/3278
f 934/1373/3279 952/1404/3280 965/1372/3281
f 946/1388/3282 972/1389/3283 971/1414/3284 945/1398/3285
f 945/1395/3286 971/1415/3287 969/1385/3288 942/1383/3289
f 940/1357/3290 967/1381/3291 970/1416/3292 943/1392/3293
f 938/1349/3294 944/1386/3295 968/1382/3296 941/1348/3297
f 966/1384/3298 974/1418/3299 973/1417/3300 944/1386/3301
f 970/1390/3302 978/1420/3303 980/1419/3304 972/1389/3305
f 968/1382/3306 976/1422/3307 975/1421/3308 967/1381/3309
f 971/1415/3310 979/1424/3311 977/1423/3312 969/1385/3313
f 969/1385/3314 977/1423/3315 974/1418/3316 966/1384/3317
f 972/1389/3318 980/1419/3319 979/1425/3320 971/1414/3321
f 944/1386/3322 973/1417/3323 976/1422/3324 968/1382/3325
f 967/1381/3326 975/1421/3327 978/1426/3328 970/1416/3329
f 990/1427/3330 988/1430/3331 987/1429/3332 989/1428/3333
f 992/1431/3334 983/1434/3335 986/1433/3336 991/1432/3337
f 993/1435/3338 984/1436/3339 983/1434/3340 992/1431/3341
f 995/1437/3342 985/1440/3343 982/1439/3344 994/1438/3345
f 991/1441/3346 986/1442/3347 988/1430/3348 990/1427/3349
f 989/1443/3350 987/1444/3351 985/1440/3352 995/1437/3353
f 994/1438/3354 982/1439/3355 981/1446/3356 996/1445/3357
f 996/1445/3358 981/1446/3359 984/1436/3360 993/1435/3361
f 973/1417/3362 996/1445/3363 993/1435/3364 976/1422/3365
f 974/1418/3366 994/1438/3367 996/1445/3368 973/1417/3369
f 979/1424/3370 989/1443/3371 995/1437/3372 977/1423/3373
f 978/1420/3374 991/1441/3375 990/1427/3376 980/1419/3377
f 977/1423/3378 995/1437/3379 994/1438/3380 974/1418/3381
f 976/1422/3382 993/1435/3383 992/1431/3384 975/1421/3385
f 975/1421/3386 992/1431/3387 991/1432/3388 978/1426/3389
f 980/1419/3390 990/1427/3391 989/1428/3392 979/1425/3393
f 1058/1447/3394 1057/1450/3395 987/1449/3396 988/1448/3397
f 1061/1451/3398 1062/1454/3399 982/1453/3400 985/1452/3401
f 1063/1455/3402 984/1458/3403 981/1457/3404 1065/1456/3405
f 1012/1459/3406 1010/1461/3407 1005/1460/3408
f 999/1462/3409 1207/1464/3410 1001/1463/3411
f 1064/1465/3412 983/1466/3413 984/1458/3414 1063/1455/3415
f 1057/1450/3416 1059/1467/3417 985/1452/3418 987/1449/3419
f 1056/1468/3420 1058/1447/3421 988/1448/3422 986/1469/3423
f 1065/1456/3424 981/1457/3425 982/1453/3426 1062/1454/3427
f 1010/1470/3428 1009/1473/3429 1007/1472/3430 1005/1471/3431
f 1009/1473/3432 1008/1475/3433 1006/1474/3434 1007/1472/3435
f 1003/1476/3436 998/1477/3437 1008/1475/3438 1009/1473/3439
f 997/1478/3440 1003/1476/3441 1009/1473/3442 1010/1470/3443
f 1064/1465/3444 1060/1479/3445 983/1466/3446
f 1059/1467/3447 1061/1451/3448 985/1452/3449
f 1008/1475/3450 1011/1480/3451 1006/1474/3452
f 1060/1479/3453 1012/1459/3454 1005/1460/3455 1056/1481/3456
f 1013/1482/3457 1010/1461/3458 1012/1459/3459
f 1001/1463/3460 997/1483/3461 1010/1461/3462 1013/1482/3463
f 1008/1475/3464 1014/1484/3465 1011/1480/3466
f 998/1477/3467 1002/1485/3468 1014/1484/3469 1008/1475/3470
f 1014/1484/3471 1002/1485/3472 1015/1486/3473
f 1014/1484/3474 1015/1486/3475 1017/1488/3476 1016/1487/3477
f 1014/1484/3478 1016/1487/3479 1011/1480/3480
f 1019/1489/3481 1051/1491/3482 1025/1490/3483
f 1013/1482/3484 1012/1459/3485 1020/1492/3486
f 1018/1493/3487 1001/1463/3488 1013/1482/3489
f 1021/1494/3490 1018/1493/3491 1019/1489/3492 1022/1495/3493
f 1015/1486/3494 1021/1494/3495 1022/1495/3496 1017/1488/3497
f 1000/1496/3498 1021/1494/3499 1015/1486/3500
f 1021/1494/3501 999/1462/3502 1018/1493/3503
f 1004/1497/3504 999/1462/3505 1021/1494/3506
f 1004/1497/3507 1021/1494/3508 1000/1496/3509
f 999/1462/3510 1001/1463/3511 1018/1493/3512
f 1015/1486/3513 1002/1485/3514 1000/1496/3515
f 1048/1498/3516 1047/1501/3517 1027/1500/3518 1036/1499/3519
f 1013/1482/3520 1024/1504/3521 1053/1503/3522 1026/1502/3523 1018/1493/3524
f 1020/1492/3525 1049/1506/3526 1023/1505/3527
f 1020/1492/3528 1052/1507/3529 1024/1504/3530 1013/1482/3531
f 1046/1508/3532 1038/1509/3533 1027/1500/3534 1047/1501/3535
f 1052/1507/3536 1038/1509/3537 1028/1510/3538 1024/1504/3539
f 1044/1511/3540 1043/1514/3541 1034/1513/3542 1039/1512/3543
f 1051/1491/3544 1029/1516/3545 1035/1515/3546 1025/1490/3547
f 1055/1517/3548 1043/1514/3549 1033/1519/3550 1031/1518/3551
f 1054/1520/3552 1055/1517/3553 1031/1518/3554 1041/1521/3555
f 1039/1512/3556 1034/1513/3557 1032/1523/3558 1042/1522/3559
f 1041/1521/3560 1031/1518/3561 1033/1519/3562 1040/1524/3563
f 1049/1506/3564 1048/1498/3565 1036/1499/3566 1023/1505/3567
f 1045/1525/3568 1028/1510/3569 1038/1509/3570 1046/1508/3571
f 1026/1502/3572 1041/1521/3573 1040/1524/3574 1030/1526/3575
f 1028/1510/3576 1039/1512/3577 1042/1522/3578 1024/1504/3579
f 1053/1503/3580 1054/1520/3581 1041/1521/3582 1026/1502/3583
f 1045/1525/3584 1044/1511/3585 1039/1512/3586 1028/1510/3587
f 1040/1524/3588 1033/1519/3589 1043/1514/3590 1044/1511/3591
f 1030/1526/3592 1040/1524/3593 1044/1511/3594 1045/1525/3595
f 1030/1526/3596 1045/1525/3597 1046/1508/3598 1037/1527/3599
f 1037/1527/3600 1046/1508/3601 1047/1501/3602 1029/1516/3603
f 1035/1515/3604 1029/1516/3605 1047/1501/3606 1048/1498/3607
f 1025/1490/3608 1035/1515/3609 1048/1498/3610 1049/1506/3611
f 1019/1489/3612 1049/1506/3613 1050/1528/3614
f 1025/1490/3615 1049/1506/3616 1019/1489/3617
f 1050/1528/3618 1049/1506/3619 1020/1492/3620
f 1026/1502/3621 1030/1526/3622 1037/1527/3623 1051/1491/3624
f 1037/1527/3625 1029/1516/3626 1051/1491/3627
f 1018/1493/3628 1026/1502/3629 1051/1491/3630 1019/1489/3631
f 1052/1507/3632 1027/1500/3633 1038/1509/3634
f 1023/1505/3635 1036/1499/3636 1027/1500/3637 1052/1507/3638
f 1023/1505/3639 1052/1507/3640 1020/1492/3641
f 1024/1504/3642 1042/1522/3643 1054/1520/3644 1053/1503/3645
f 1042/1522/3646 1032/1523/3647 1055/1517/3648 1054/1520/3649
f 1032/1523/3650 1034/1513/3651 1043/1514/3652 1055/1517/3653
f 983/1466/3654 1060/1479/3655 1056/1481/3656 986/1529/3657
f 1011/1480/3658 1016/1487/3659 1061/1451/3660 1059/1467/3661
f 1020/1492/3662 1012/1459/3663 1060/1479/3664 1064/1465/3665
f 1022/1495/3666 1065/1456/3667 1062/1454/3668 1017/1488/3669
f 1005/1471/3670 1007/1472/3671 1058/1447/3672 1056/1468/3673
f 1006/1474/3674 1011/1480/3675 1059/1467/3676 1057/1450/3677
f 1020/1492/3678 1064/1465/3679 1063/1455/3680 1019/1489/3681 1050/1528/3682
f 1019/1489/3683 1063/1455/3684 1065/1456/3685 1022/1495/3686
f 1016/1487/3687 1017/1488/3688 1062/1454/3689 1061/1451/3690
f 1007/1472/3691 1006/1474/3692 1057/1450/3693 1058/1447/3694
f 1174/1530/3695 1069/1532/3696 1201/1531/3697
f 1170/1533/3698 1071/1535/3699 1192/1534/3700
f 1074/1536/3701 1068/1539/3702 1212/1538/3703 1208/1537/3704
f 1204/1540/3705 1105/1543/3706 1072/1542/3707 1200/1541/3708
f 1206/1544/3709 1067/1546/3710 1199/1545/3711
f 1140/1547/3712 1073/1549/3713 1209/1548/3714
f 1097/1550/3715 1079/1553/3716 1077/1552/3717 1076/1551/3718
f 1090/1554/3719 1081/1557/3720 1074/1556/3721 1091/1555/3722
f 1098/1558/3723 1080/1561/3724 1070/1560/3725 1068/1559/3726
f 1199/1545/3727 1067/1546/3728 1184/1562/3729
f 1092/1563/3730 1094/1566/3731 1083/1565/3732 1078/1564/3733
f 1100/1567/3734 1102/1570/3735 1089/1569/3736 1085/1568/3737
f 1090/1554/3738 1093/1572/3739 1084/1571/3740 1081/1557/3741
f 1097/1550/3742 1099/1574/3743 1082/1573/3744 1079/1553/3745
f 1098/1558/3746 1100/1567/3747 1085/1568/3748 1080/1561/3749
f 1103/1575/3750 1089/1569/3751 1102/1570/3752
f 1099/1574/3753 1101/1577/3754 1086/1576/3755 1082/1573/3756
f 1094/1566/3757 1096/1579/3758 1087/1578/3759 1083/1565/3760
f 1093/1572/3761 1095/1581/3762 1088/1580/3763 1084/1571/3764
f 1082/1573/3765 1086/1576/3766 1095/1581/3767 1093/1572/3768
f 1085/1568/3769 1089/1569/3770 1096/1579/3771 1094/1566/3772
f 1103/1575/3773 1087/1583/3774 1096/1582/3775
f 1079/1553/3776 1082/1573/3777 1093/1572/3778 1090/1554/3779
f 1080/1561/3780 1085/1568/3781 1094/1566/3782 1092/1563/3783
f 1199/1545/3784 1184/1562/3785 1170/1533/3786 1192/1534/3787
f 1079/1553/3788 1090/1554/3789 1091/1555/3790 1077/1552/3791
f 1086/1584/3792 1103/1575/3793 1095/1585/3794
f 1083/1586/3795 1087/1587/3796 1101/1577/3797 1099/1574/3798
f 1088/1580/3799 1103/1575/3800 1102/1570/3801
f 1081/1557/3802 1084/1571/3803 1100/1567/3804 1098/1558/3805
f 1078/1588/3806 1083/1586/3807 1099/1574/3808 1097/1550/3809
f 1084/1571/3810 1088/1580/3811 1102/1570/3812 1100/1567/3813
f 1081/1557/3814 1098/1558/3815 1068/1559/3816 1074/1556/3817
f 1078/1588/3818 1097/1550/3819 1076/1551/3820 1066/1589/3821
f 1101/1590/3822 1087/1583/3823 1103/1575/3824
f 1096/1582/3825 1089/1569/3826 1103/1575/3827
f 1095/1585/3828 1103/1575/3829 1088/1580/3830
f 1101/1590/3831 1103/1575/3832 1086/1584/3833
f 1128/1591/3834 1106/1594/3835 1072/1593/3836 1105/1592/3837
f 1120/1595/3838 1110/1598/3839 1073/1597/3840 1121/1596/3841
f 1129/1599/3842 1108/1602/3843 1109/1601/3844 1130/1600/3845
f 1122/1603/3846 1104/1606/3847 1075/1605/3848 1123/1604/3849
f 1122/1603/3850 1125/1608/3851 1113/1607/3852 1104/1606/3853
f 1132/1609/3854 1134/1612/3855 1119/1611/3856 1115/1610/3857
f 1120/1595/3858 1124/1614/3859 1114/1613/3860 1110/1598/3861
f 1128/1591/3862 1131/1616/3863 1112/1615/3864 1106/1594/3865
f 1129/1599/3866 1132/1609/3867 1115/1610/3868 1108/1602/3869
f 1135/1617/3870 1119/1611/3871 1134/1612/3872
f 1131/1616/3873 1133/1619/3874 1116/1618/3875 1112/1615/3876
f 1125/1608/3877 1127/1621/3878 1117/1620/3879 1113/1607/3880
f 1124/1614/3881 1126/1623/3882 1118/1622/3883 1114/1613/3884
f 1112/1615/3885 1116/1618/3886 1126/1623/3887 1124/1614/3888
f 1115/1610/3889 1119/1611/3890 1127/1621/3891 1125/1608/3892
f 1135/1617/3893 1117/1625/3894 1127/1624/3895
f 1106/1594/3896 1112/1615/3897 1124/1614/3898 1120/1595/3899
f 1108/1602/3900 1115/1610/3901 1125/1608/3902 1122/1603/3903
f 1108/1602/3904 1122/1603/3905 1123/1604/3906 1109/1601/3907
f 1106/1594/3908 1120/1595/3909 1121/1596/3910 1072/1593/3911
f 1116/1626/3912 1135/1617/3913 1126/1627/3914
f 1113/1628/3915 1117/1629/3916 1133/1619/3917 1131/1616/3918
f 1118/1622/3919 1135/1617/3920 1134/1612/3921
f 1110/1598/3922 1114/1613/3923 1132/1609/3924 1129/1599/3925
f 1104/1630/3926 1113/1628/3927 1131/1616/3928 1128/1591/3929
f 1114/1613/3930 1118/1622/3931 1134/1612/3932 1132/1609/3933
f 1110/1598/3934 1129/1599/3935 1130/1600/3936 1073/1597/3937
f 1104/1630/3938 1128/1591/3939 1105/1592/3940 1075/1631/3941
f 1133/1632/3942 1117/1625/3943 1135/1617/3944
f 1127/1624/3945 1119/1611/3946 1135/1617/3947
f 1126/1627/3948 1135/1617/3949 1118/1622/3950
f 1133/1632/3951 1135/1617/3952 1116/1626/3953
f 1159/1633/3954 1138/1636/3955 1107/1635/3956 1160/1634/3957
f 1151/1637/3958 1141/1640/3959 1142/1639/3960 1152/1638/3961
f 1161/1641/3962 1139/1644/3963 1140/1643/3964 1162/1642/3965
f 1153/1645/3966 1136/1648/3967 1137/1647/3968 1154/1646/3969
f 1153/1645/3970 1156/1650/3971 1144/1649/3972 1136/1648/3973
f 1164/1651/3974 1166/1654/3975 1150/1653/3976 1146/1652/3977
f 1151/1637/3978 1155/1656/3979 1145/1655/3980 1141/1640/3981
f 1159/1633/3982 1163/1658/3983 1143/1657/3984 1138/1636/3985
f 1161/1641/3986 1164/1651/3987 1146/1652/3988 1139/1644/3989
f 1167/1659/3990 1150/1653/3991 1166/1654/3992
f 1163/1658/3993 1165/1661/3994 1147/1660/3995 1143/1657/3996
f 1156/1650/3997 1158/1663/3998 1148/1662/3999 1144/1649/4000
f 1155/1656/4001 1157/1665/4002 1149/1664/4003 1145/1655/4004
f 1143/1657/4005 1147/1660/4006 1157/1665/4007 1155/1656/4008
f 1146/1652/4009 1150/1653/4010 1158/1663/4011 1156/1650/4012
f 1167/1659/4013 1148/1667/4014 1158/1666/4015
f 1138/1636/4016 1143/1657/4017 1155/1656/4018 1151/1637/4019
f 1139/1644/4020 1146/1652/4021 1156/1650/4022 1153/1645/4023
f 1139/1644/4024 1153/1645/4025 1154/1646/4026 1140/1643/4027
f 1138/1636/4028 1151/1637/4029 1152/1638/4030 1107/1635/4031
f 1147/1668/4032 1167/1659/4033 1157/1669/4034
f 1144/1670/4035 1148/1671/4036 1165/1661/4037 1163/1658/4038
f 1149/1664/4039 1167/1659/4040 1166/1654/4041
f 1141/1640/4042 1145/1655/4043 1164/1651/4044 1161/1641/4045
f 1136/1672/4046 1144/1670/4047 1163/1658/4048 1159/1633/4049
f 1145/1655/4050 1149/1664/4051 1166/1654/4052 1164/1651/4053
f 1141/1640/4054 1161/1641/4055 1162/1642/4056 1142/1639/4057
f 1136/1672/4058 1159/1633/4059 1160/1634/4060 1137/1673/4061
f 1165/1674/4062 1148/1667/4063 1167/1659/4064
f 1158/1666/4065 1150/1653/4066 1167/1659/4067
f 1157/1669/4068 1167/1659/4069 1149/1664/4070
f 1165/1674/4071 1167/1659/4072 1147/1668/4073
f 1191/1675/4074 1169/1678/4075 1170/1677/4076 1184/1676/4077
f 1183/1679/4078 1173/1682/4079 1174/1681/4080 1071/1680/4081
f 1193/1683/4082 1171/1686/4083 1172/1685/4084 1069/1684/4085
f 1185/1687/4086 1168/1690/4087 1067/1689/4088 1186/1688/4089
f 1185/1687/4090 1188/1692/4091 1176/1691/4092 1168/1690/4093
f 1195/1693/4094 1197/1696/4095 1182/1695/4096 1178/1694/4097
f 1183/1679/4098 1187/1698/4099 1177/1697/4100 1173/1682/4101
f 1191/1675/4102 1194/1700/4103 1175/1699/4104 1169/1678/4105
f 1193/1683/4106 1195/1693/4107 1178/1694/4108 1171/1686/4109
f 1198/1701/4110 1182/1695/4111 1197/1696/4112
f 1194/1700/4113 1196/1703/4114 1179/1702/4115 1175/1699/4116
f 1188/1692/4117 1190/1705/4118 1180/1704/4119 1176/1691/4120
f 1187/1698/4121 1189/1707/4122 1181/1706/4123 1177/1697/4124
f 1175/1699/4125 1179/1702/4126 1189/1707/4127 1187/1698/4128
f 1178/1694/4129 1182/1695/4130 1190/1705/4131 1188/1692/4132
f 1198/1701/4133 1180/1709/4134 1190/1708/4135
f 1169/1678/4136 1175/1699/4137 1187/1698/4138 1183/1679/4139
f 1171/1686/4140 1178/1694/4141 1188/1692/4142 1185/1687/4143
f 1171/1686/4144 1185/1687/4145 1186/1688/4146 1172/1685/4147
f 1169/1678/4148 1183/1679/4149 1071/1680/4150 1170/1677/4151
f 1179/1710/4152 1198/1701/4153 1189/1711/4154
f 1176/1712/4155 1180/1713/4156 1196/1703/4157 1194/1700/4158
f 1181/1706/4159 1198/1701/4160 1197/1696/4161
f 1173/1682/4162 1177/1697/4163 1195/1693/4164 1193/1683/4165
f 1168/1714/4166 1176/1712/4167 1194/1700/4168 1191/1675/4169
f 1177/1697/4170 1181/1706/4171 1197/1696/4172 1195/1693/4173
f 1173/1682/4174 1193/1683/4175 1069/1684/4176 1174/1681/4177
f 1168/1714/4178 1191/1675/4179 1184/1676/4180 1067/1715/4181
f 1196/1716/4182 1180/1709/4183 1198/1701/4184
f 1190/1708/4185 1182/1695/4186 1198/1701/4187
f 1189/1711/4188 1198/1701/4189 1181/1706/4190
f 1196/1716/4191 1198/1701/4192 1179/1710/4193
f 1091/1555/4194 1074/1536/4195 1109/1601/4196 1123/1604/4197
f 1077/1552/4198 1091/1555/4199 1123/1604/4200 1075/1605/4201
f 1072/1593/4202 1121/1596/4203 1154/1646/4204 1137/1647/4205
f 1186/1688/4206 1067/1689/4207 1107/1635/4208 1152/1638/4209
f 1186/1688/4210 1152/1638/4211 1142/1639/4212 1172/1685/4213
f 1121/1596/4214 1073/1597/4215 1140/1643/4216 1154/1646/4217
f 1078/1564/4218 1066/1718/4219 1111/1717/4220 1092/1563/4221
f 1080/1561/4222 1092/1563/4223 1111/1717/4224 1070/1719/4225
f 998/1477/4226 1199/1545/4227 1192/1534/4228 1002/1485/4229
f 1203/1720/4230 1137/1722/4231 1160/1721/4232
f 1203/1720/4233 1160/1721/4234 1107/1723/4235 1206/1544/4236
f 1003/1476/4237 1200/1724/4238 1199/1545/4239 998/1477/4240
f 1192/1534/4241 1071/1535/4242 1174/1530/4243 1201/1531/4244
f 1002/1485/4245 1192/1534/4246 1201/1531/4247 1000/1496/4248
f 1200/1724/4249 1072/1725/4250 1137/1722/4251 1203/1720/4252
f 1205/1726/4253 1076/1728/4254 1077/1727/4255
f 1205/1726/4256 1077/1727/4257 1075/1729/4258 1204/1540/4259
f 997/1478/4260 1202/1730/4261 1200/1541/4262 1003/1476/4263
f 1075/1729/4264 1105/1543/4265 1204/1540/4266
f 1202/1730/4267 1066/1731/4268 1076/1728/4269 1205/1726/4270
f 1202/1730/4271 1205/1726/4272 1204/1540/4273 1200/1541/4274
f 1200/1724/4275 1203/1720/4276 1206/1544/4277 1199/1545/4278
f 1107/1723/4279 1067/1546/4280 1206/1544/4281
f 1207/1464/4282 1111/1734/4283 1066/1733/4284 1202/1732/4285
f 1001/1463/4286 1207/1464/4287 1202/1732/4288 997/1483/4289
f 1004/1497/4290 1209/1548/4291 1210/1735/4292 1208/1537/4293 999/1462/4294
f 1209/1736/4295 1073/1549/4296 1130/1737/4297
f 1201/1738/4298 1069/1740/4299 1172/1739/4300
f 1000/1496/4301 1201/1738/4302 1211/1741/4303 1209/1548/4304 1004/1497/4305
f 1172/1739/4306 1142/1743/4307 1162/1742/4308 1201/1738/4309
f 1162/1642/4310 1140/1547/4311 1209/1548/4312 1211/1741/4313
f 1211/1741/4314 1201/1738/4315 1162/1642/4316
f 1130/1737/4317 1109/1601/4318 1210/1735/4319 1209/1736/4320
f 1109/1601/4321 1074/1536/4322 1208/1537/4323 1210/1735/4324
f 1111/1734/4325 1207/1464/4326 999/1462/4327 1070/1719/4328
f 999/1462/4329 1208/1537/4330 1212/1538/4331 1070/1719/4332
f 1070/1719/4333 1212/1538/4334 1068/1539/4335
f 611/865/4336 785/993/4337 855/1019/4338 612/927/4339
s 1
f 779/957/4340 1213/1744/4341 777/1200/4342
f 1213/1744/4341 1216/1747/4343 778/1199/4344 777/1200/4342
f 775/1197/4345 1214/1745/4346 776/1198/4347
f 774/1201/4348 1215/1746/4349 1214/1745/4346 775/1197/4345
f 1215/1746/4349 1216/1747/4343 1213/1744/4341 1214/1745/4346
f 776/1198/4347 1214/1745/4346 1213/1744/4341 779/957/4340
f 773/955/4350 1215/1746/4349 774/1201/4348
f 773/955/4350 772/1202/4351 1216/1747/4343 1215/1746/4349
f 778/1199/4344 1216/1747/4343 772/1202/4351
s 3
f 895/1334/4352 1217/1748/4353 899/1321/4354
f 1217/1748/4353 1218/1749/4355 896/1320/4356 899/1321/4354
f 1218/1749/4355 901/1330/4357 896/1320/4356
f 902/1332/4358 1219/1750/4359 1217/1748/4353 895/1334/4352
f 1219/1750/4359 1220/1751/4360 1218/1749/4355 1217/1748/4353
f 898/1318/4361 901/1330/4357 1218/1749/4355 1220/1751/4360
f 897/1331/4362 1219/1750/4359 902/1332/4358
f 900/1317/4363 1220/1751/4360 1219/1750/4359 897/1331/4362
f 898/1318/4361 1220/1751/4360 900/1317/4363
g default
v -0.677855 1.020552 -3.590463
v -0.663052 1.024076 -3.586617
v -0.655094 1.031422 -3.571230
v -0.682923 1.019694 -3.583981
v -0.664961 1.023752 -3.584174
v -0.660162 1.030563 -3.564748
v -0.722026 1.034461 -3.616299
v -0.703084 1.046233 -3.596227
v -0.675938 1.054676 -3.588660
v -0.661955 1.065873 -3.561474
v -0.639768 1.073742 -3.546794
v -0.746411 1.058562 -3.635011
v -0.733003 1.065385 -3.620785
v -0.714060 1.077157 -3.600713
v -0.686915 1.085601 -3.593146
v -0.672931 1.096797 -3.565960
v -0.650745 1.104666 -3.551280
v -0.632604 1.112291 -3.543109
v -0.755524 1.090376 -3.637922
v -0.743979 1.096310 -3.625271
v -0.725037 1.108081 -3.605199
v -0.697892 1.116525 -3.597632
v -0.683908 1.127722 -3.570446
v -0.661721 1.135591 -3.555766
v -0.647450 1.141985 -3.546603
v -0.754956 1.127234 -3.629758
v -0.736014 1.139005 -3.609685
v -0.708869 1.147449 -3.602118
v -0.694885 1.158646 -3.574932
v -0.672698 1.166515 -3.560252
v -0.751218 1.168054 -3.616758
v -0.719845 1.178373 -3.606605
v -0.702562 1.191289 -3.575645
v -0.730822 1.209297 -3.611091
v -0.728912 1.209621 -3.613534
v -0.745223 1.169069 -3.624427
v -0.717935 1.178697 -3.609048
v -0.696567 1.192304 -3.583314
v -0.749889 1.128092 -3.636240
v -0.730946 1.139864 -3.616168
v -0.706959 1.147772 -3.604562
v -0.689817 1.159504 -3.581415
v -0.667631 1.167373 -3.566734
v -0.753518 1.090716 -3.640489
v -0.738912 1.097168 -3.631754
v -0.719970 1.108939 -3.611681
v -0.695982 1.116848 -3.600076
v -0.678841 1.128580 -3.576929
v -0.656654 1.136449 -3.562248
v -0.645444 1.142325 -3.549169
v -0.744404 1.058902 -3.637577
v -0.727935 1.066244 -3.627268
v -0.708993 1.078015 -3.607196
v -0.685005 1.085924 -3.595589
v -0.667864 1.097656 -3.572443
v -0.645677 1.105525 -3.557762
v -0.716958 1.035320 -3.622782
v -0.698016 1.047091 -3.602709
v -0.674028 1.055000 -3.591103
v -0.656887 1.066731 -3.567956
v -0.634700 1.074601 -3.553276
v -0.638027 0.998795 -3.659712
v -0.646794 0.986996 -3.658752
v -0.644733 0.979991 -3.656171
v -0.631357 0.976127 -3.651359
v -0.622590 0.987926 -3.652319
v -0.624651 0.994931 -3.654900
v -0.641667 1.001584 -3.634989
v -0.650688 0.990063 -3.633289
v -0.649037 0.983508 -3.629509
v -0.636325 0.980372 -3.622758
v -0.627305 0.991893 -3.624458
v -0.628955 0.998448 -3.628238
v -0.647319 1.007285 -3.612693
v -0.657002 0.996556 -3.609841
v -0.656423 0.991283 -3.604199
v -0.645444 0.990221 -3.594434
v -0.635762 1.000950 -3.597286
v -0.636341 1.006223 -3.602928
vt 0.655847 0.039337
vt 0.643440 0.081152
vt 0.606474 0.081454
vt 0.679180 0.036594
vt 0.679698 0.077458
vt 0.706118 0.039136
vt 0.719879 0.081050
vt 0.753788 0.080491
vt 0.608044 0.120791
vt 0.582751 0.121427
vt 0.644412 0.121896
vt 0.680132 0.118564
vt 0.719965 0.121820
vt 0.754150 0.120576
vt 0.780745 0.121387
vt 0.607840 0.160796
vt 0.585725 0.160895
vt 0.644202 0.162406
vt 0.679967 0.159392
vt 0.719474 0.162624
vt 0.753004 0.161308
vt 0.774878 0.162033
vt 0.607089 0.201317
vt 0.643907 0.202481
vt 0.679458 0.199889
vt 0.718690 0.202947
vt 0.752788 0.202570
vt 0.638121 0.242236
vt 0.678839 0.240647
vt 0.723110 0.242876
vt 0.678403 0.282197
vt 0.886032 0.354404
vt 0.885575 0.394880
vt 0.845626 0.391810
vt 0.929673 0.392762
vt 0.851354 0.432383
vt 0.814771 0.434253
vt 0.885122 0.435390
vt 0.922995 0.433193
vt 0.956761 0.435888
vt 0.814245 0.474738
vt 0.792013 0.474407
vt 0.850839 0.472842
vt 0.884654 0.475880
vt 0.922578 0.473656
vt 0.956353 0.476374
vt 0.978587 0.476560
vt 0.813710 0.515197
vt 0.788316 0.514808
vt 0.850334 0.513329
vt 0.884184 0.516385
vt 0.922150 0.514137
vt 0.955953 0.516834
vt 0.981348 0.517037
vt 0.813105 0.555610
vt 0.849777 0.553842
vt 0.883722 0.556905
vt 0.921777 0.554631
vt 0.955616 0.557255
vt 0.864419 0.594652
vt 0.883350 0.597426
vt 0.906163 0.595061
vt 0.730830 0.251439
vt 0.680280 0.285513
vt 0.761518 0.207630
vt 0.778715 0.163157
vt 0.761930 0.074721
vt 0.713647 0.032048
vt 0.676374 0.285421
vt 0.630119 0.250633
vt 0.598291 0.206233
vt 0.581847 0.161899
vt 0.578796 0.120651
vt 0.598241 0.075779
vt 0.648276 0.032250
vt 0.960777 0.756706
vt 0.942583 0.758713
vt 0.939528 0.728877
vt 0.957547 0.727768
vt 0.932972 0.760412
vt 0.930573 0.727995
vt 0.913439 0.763521
vt 0.913910 0.726135
vt 0.893436 0.761394
vt 0.896883 0.726409
vt 0.883583 0.759113
vt 0.888035 0.727097
vt 0.865363 0.754995
vt 0.870764 0.727224
vt 0.939191 0.696092
vt 0.956870 0.698885
vt 0.930592 0.693941
vt 0.914480 0.692449
vt 0.898188 0.690934
vt 0.889575 0.693201
vt 0.872658 0.697288
vt 0.944994 0.648916
vt 0.962573 0.656352
vt 0.938468 0.640654
vt 0.916664 0.646998
vt 0.896266 0.630177
vt 0.889518 0.638087
vt 0.871226 0.653131
vn -0.665121 -0.169709 0.727195
vn -0.485305 -0.034266 0.873673
vn -0.677525 -0.142628 0.721538
vn -0.204647 0.169808 0.963994
vn -0.204647 0.169808 0.963994
vn -0.627297 -0.060268 0.776445
vn -0.485305 -0.034266 0.873673
vn -0.891339 -0.164114 0.422588
vn -0.891339 -0.164114 0.422588
vn -0.726144 -0.149359 0.671123
vn -0.627297 -0.060268 0.776445
vn -0.522601 -0.104988 0.846089
vn -0.519129 -0.068244 0.851967
vn -0.726144 -0.149359 0.671123
vn -0.677525 -0.142628 0.721538
vn -0.682900 -0.137272 0.717498
vn -0.690645 -0.138648 0.709779
vn -0.677525 -0.142628 0.721538
vn -0.485305 -0.034266 0.873673
vn -0.497162 -0.050819 0.866168
vn -0.682900 -0.137272 0.717498
vn -0.485305 -0.034266 0.873673
vn -0.627297 -0.060268 0.776445
vn -0.612560 -0.103760 0.783584
vn -0.497162 -0.050819 0.866168
vn -0.627297 -0.060268 0.776445
vn -0.726144 -0.149359 0.671123
vn -0.712126 -0.153390 0.685089
vn -0.612560 -0.103760 0.783584
vn -0.726144 -0.149359 0.671123
vn -0.519129 -0.068244 0.851967
vn -0.498715 -0.061645 0.864571
vn -0.712126 -0.153390 0.685089
vn -0.519129 -0.068244 0.851967
vn -0.435496 -0.056170 0.898437
vn -0.498715 -0.061645 0.864571
vn -0.690645 -0.138648 0.709779
vn -0.682900 -0.137272 0.717498
vn -0.683881 -0.137754 0.716471
vn -0.693147 -0.139764 0.707117
vn -0.682900 -0.137272 0.717498
vn -0.497162 -0.050819 0.866168
vn -0.497162 -0.050818 0.866168
vn -0.683881 -0.137754 0.716471
vn -0.497162 -0.050819 0.866168
vn -0.612560 -0.103760 0.783584
vn -0.612560 -0.103760 0.783584
vn -0.497162 -0.050818 0.866168
vn -0.612560 -0.103760 0.783584
vn -0.712126 -0.153390 0.685089
vn -0.712125 -0.153390 0.685090
vn -0.612560 -0.103760 0.783584
vn -0.712126 -0.153390 0.685089
vn -0.498715 -0.061645 0.864571
vn -0.512199 -0.067829 0.856184
vn -0.712125 -0.153390 0.685090
vn -0.498715 -0.061645 0.864571
vn -0.435496 -0.056170 0.898437
vn -0.463039 -0.069854 0.883581
vn -0.512199 -0.067829 0.856184
vn -0.693147 -0.139764 0.707117
vn -0.683881 -0.137754 0.716471
vn -0.677563 -0.143991 0.721232
vn -0.683881 -0.137754 0.716471
vn -0.497162 -0.050818 0.866168
vn -0.459414 -0.032690 0.887621
vn -0.677563 -0.143991 0.721232
vn -0.497162 -0.050818 0.866168
vn -0.612560 -0.103760 0.783584
vn -0.615670 -0.094949 0.782263
vn -0.459414 -0.032690 0.887621
vn -0.612560 -0.103760 0.783584
vn -0.712125 -0.153390 0.685090
vn -0.738499 -0.166009 0.653498
vn -0.615670 -0.094949 0.782263
vn -0.712125 -0.153390 0.685090
vn -0.512199 -0.067829 0.856184
vn -0.289376 0.245948 0.925079
vn -0.738499 -0.166009 0.653498
vn -0.512199 -0.067829 0.856184
vn -0.463039 -0.069854 0.883581
vn -0.289376 0.245948 0.925079
vn -0.677563 -0.143991 0.721232
vn -0.459414 -0.032690 0.887621
vn -0.373854 0.007984 0.927453
vn -0.459414 -0.032690 0.887621
vn -0.615670 -0.094949 0.782263
vn -0.616539 -0.091940 0.781938
vn -0.373854 0.007984 0.927453
vn -0.615670 -0.094949 0.782263
vn -0.738499 -0.166009 0.653498
vn -0.653585 0.156890 0.740414
vn -0.616539 -0.091940 0.781938
vn -0.738499 -0.166009 0.653498
vn -0.289376 0.245948 0.925079
vn -0.653585 0.156890 0.740414
vn -0.373854 0.007984 0.927453
vn -0.616539 -0.091940 0.781938
vn -0.427781 0.371317 0.824091
vn -0.616539 -0.091940 0.781938
vn -0.653585 0.156890 0.740414
vn -0.427781 0.371317 0.824091
vn 0.650767 0.489955 -0.580040
vn 0.618292 0.087015 -0.781116
vn 0.508818 0.036326 -0.860107
vn 0.650767 0.489955 -0.580040
vn 0.758704 0.479318 -0.441161
vn 0.618292 0.087015 -0.781116
vn 0.508818 0.036326 -0.860107
vn 0.551404 0.064211 -0.831763
vn 0.668664 0.129551 -0.732192
vn 0.508818 0.036326 -0.860107
vn 0.618292 0.087015 -0.781116
vn 0.616922 0.091270 -0.781714
vn 0.551404 0.064211 -0.831763
vn 0.618292 0.087015 -0.781116
vn 0.758704 0.479318 -0.441161
vn 0.673703 0.122791 -0.728730
vn 0.616922 0.091270 -0.781714
vn 0.758704 0.479318 -0.441161
vn 0.698807 0.382988 -0.604143
vn 0.673703 0.122791 -0.728730
vn 0.668664 0.129551 -0.732192
vn 0.625510 0.111327 -0.772232
vn 0.500935 0.057115 -0.863598
vn 0.668664 0.129551 -0.732192
vn 0.551404 0.064211 -0.831763
vn 0.567013 0.082371 -0.819580
vn 0.625510 0.111327 -0.772232
vn 0.551404 0.064211 -0.831763
vn 0.616922 0.091270 -0.781714
vn 0.612560 0.103760 -0.783584
vn 0.567013 0.082371 -0.819580
vn 0.616922 0.091270 -0.781714
vn 0.673703 0.122791 -0.728730
vn 0.654953 0.124352 -0.745367
vn 0.612560 0.103760 -0.783584
vn 0.673703 0.122791 -0.728730
vn 0.698807 0.382988 -0.604143
vn 0.597803 0.098174 -0.795609
vn 0.654953 0.124352 -0.745367
vn 0.698807 0.382988 -0.604143
vn 0.708460 0.156216 -0.688244
vn 0.597803 0.098174 -0.795609
vn 0.500935 0.057115 -0.863598
vn 0.625510 0.111327 -0.772232
vn 0.625323 0.111217 -0.772400
vn 0.504757 0.058614 -0.861269
vn 0.625510 0.111327 -0.772232
vn 0.567013 0.082371 -0.819580
vn 0.567013 0.082371 -0.819580
vn 0.625323 0.111217 -0.772400
vn 0.567013 0.082371 -0.819580
vn 0.612560 0.103760 -0.783584
vn 0.612560 0.103760 -0.783584
vn 0.567013 0.082371 -0.819580
vn 0.612560 0.103760 -0.783584
vn 0.654953 0.124352 -0.745367
vn 0.654953 0.124352 -0.745367
vn 0.612560 0.103760 -0.783584
vn 0.654953 0.124352 -0.745367
vn 0.597803 0.098174 -0.795609
vn 0.598031 0.098260 -0.795427
vn 0.654953 0.124352 -0.745367
vn 0.597803 0.098174 -0.795609
vn 0.708460 0.156216 -0.688244
vn 0.705583 0.154516 -0.691576
vn 0.598031 0.098260 -0.795427
vn 0.504757 0.058614 -0.861269
vn 0.625323 0.111217 -0.772400
vn 0.662505 0.135099 -0.736773
vn 0.625323 0.111217 -0.772400
vn 0.567013 0.082371 -0.819580
vn 0.560356 0.076613 -0.824701
vn 0.662505 0.135099 -0.736773
vn 0.567013 0.082371 -0.819580
vn 0.612560 0.103760 -0.783584
vn 0.620924 0.079584 -0.779820
vn 0.560356 0.076613 -0.824701
vn 0.612560 0.103760 -0.783584
vn 0.654953 0.124352 -0.745367
vn 0.662003 0.125115 -0.738985
vn 0.620924 0.079584 -0.779820
vn 0.654953 0.124352 -0.745367
vn 0.598031 0.098260 -0.795427
vn 0.550371 0.082445 -0.830840
vn 0.662003 0.125115 -0.738985
vn 0.598031 0.098260 -0.795427
vn 0.705583 0.154516 -0.691576
vn 0.550371 0.082445 -0.830840
vn 0.662505 0.135099 -0.736773
vn 0.560356 0.076613 -0.824701
vn 0.665121 0.169712 -0.727195
vn 0.560356 0.076613 -0.824701
vn 0.620924 0.079584 -0.779820
vn 0.384558 -0.059846 -0.921159
vn 0.384558 -0.059846 -0.921159
vn 0.620924 0.079584 -0.779820
vn 0.662003 0.125115 -0.738985
vn 0.795595 0.142613 -0.588805
vn 0.795595 0.142613 -0.588805
vn 0.662003 0.125115 -0.738985
vn 0.550371 0.082445 -0.830840
vn 0.522601 0.104987 -0.846089
vn 0.758704 0.479318 -0.441161
vn 0.650767 0.489955 -0.580040
vn -0.427781 0.371317 0.824091
vn -0.653585 0.156890 0.740414
vn 0.698807 0.382988 -0.604143
vn 0.758704 0.479318 -0.441161
vn -0.653585 0.156890 0.740414
vn -0.289376 0.245948 0.925079
vn 0.521324 0.692120 0.499191
vn 0.698807 0.382988 -0.604143
vn -0.289376 0.245948 0.925079
vn 0.519201 0.694664 0.497867
vn 0.689483 0.414606 0.593898
vn 0.521324 0.692120 0.499191
vn 0.519201 0.694664 0.497867
vn 0.733117 -0.445171 0.514161
vn 0.784411 -0.201846 0.586480
vn 0.730632 -0.452559 0.511240
vn 0.700855 -0.529677 0.477750
vn 0.733117 -0.445171 0.514161
vn 0.730632 -0.452559 0.511240
vn 0.700855 -0.529677 0.477750
vn -0.736338 0.435315 -0.517983
vn -0.763295 0.335144 -0.552321
vn -0.765001 0.327229 -0.554702
vn -0.736338 0.435315 -0.517983
vn -0.763295 0.335144 -0.552321
vn -0.782976 0.215423 -0.583559
vn -0.782765 0.217301 -0.583146
vn -0.765001 0.327229 -0.554702
vn -0.782976 0.215423 -0.583559
vn -0.788504 0.011174 -0.614928
vn -0.788460 0.010362 -0.614999
vn -0.782765 0.217301 -0.583146
vn -0.788504 0.011174 -0.614928
vn -0.555374 -0.648901 -0.520084
vn -0.556046 -0.648000 -0.520489
vn -0.788460 0.010362 -0.614999
vn -0.555374 -0.648901 -0.520084
vn -0.254138 -0.912855 -0.319547
vn -0.250238 -0.914898 -0.316769
vn -0.556046 -0.648000 -0.520489
vn -0.254138 -0.912855 -0.319547
vn -0.155771 -0.956058 -0.248372
vn -0.155771 -0.956058 -0.248372
vn -0.250238 -0.914898 -0.316769
vn -0.732545 0.505691 -0.455691
vn -0.729906 0.502808 -0.463057
vn -0.773582 0.573327 -0.269940
vn -0.775802 0.574512 -0.260898
vn -0.921178 -0.341046 -0.187401
vn -0.918028 -0.344490 -0.196344
vn -0.939136 -0.311506 -0.144873
vn -0.940794 -0.311074 -0.134683
vn -0.345178 -0.911607 0.223215
vn -0.351231 -0.904878 0.240484
vn -0.303412 -0.940050 0.155713
vn -0.301248 -0.943212 0.140003
vn 0.730231 -0.502975 0.462362
vn 0.734169 -0.507306 0.451260
vn 0.766682 -0.558379 0.316878
vn 0.764311 -0.556450 0.325870
vn 0.917894 0.344667 0.196663
vn 0.921571 0.340631 0.186219
vn 0.938678 0.314461 0.141416
vn 0.936776 0.315479 0.151409
vn 0.350838 0.905225 -0.239751
vn 0.346168 0.910457 -0.226354
vn 0.291522 0.949095 -0.119302
vn 0.292464 0.946637 -0.135434
vn -0.775802 0.574512 -0.260898
vn -0.773582 0.573327 -0.269940
vn -0.501609 0.596405 -0.626650
vn -0.533024 0.596700 -0.599862
vn -0.940794 -0.311074 -0.134683
vn -0.939136 -0.311506 -0.144873
vn -0.858212 -0.348807 -0.376571
vn -0.874868 -0.343604 -0.341382
vn -0.301248 -0.943212 0.140003
vn -0.303412 -0.940050 0.155713
vn -0.265224 -0.744668 0.612475
vn -0.271083 -0.765893 0.583029
vn 0.764311 -0.556450 0.325870
vn 0.766682 -0.558379 0.316878
vn 0.316608 -0.656611 0.684559
vn 0.311390 -0.657006 0.686571
vn 0.936776 0.315479 0.151409
vn 0.938678 0.314461 0.141416
vn 0.915769 0.258788 0.307238
vn 0.906716 0.238112 0.348093
vn 0.292464 0.946637 -0.135434
vn 0.291522 0.949095 -0.119302
vn 0.300108 0.897475 -0.323225
vn 0.300463 0.881511 -0.364225
vn -0.533024 0.596700 -0.599862
vn -0.501609 0.596405 -0.626650
vn -0.303604 0.574635 -0.760013
vn -0.303604 0.574635 -0.760013
vn -0.874868 -0.343604 -0.341382
vn -0.858212 -0.348807 -0.376571
vn -0.800145 -0.361200 -0.478856
vn -0.800145 -0.361200 -0.478856
vn -0.271083 -0.765893 0.583029
vn -0.265224 -0.744668 0.612475
vn -0.209587 -0.552610 0.806657
vn -0.209587 -0.552610 0.806657
vn 0.311390 -0.657006 0.686571
vn 0.316608 -0.656611 0.684559
vn -0.135873 -0.618862 0.773659
vn -0.135873 -0.618862 0.773659
vn 0.906716 0.238112 0.348093
vn 0.915769 0.258788 0.307238
vn 0.883198 0.196024 0.426069
vn 0.883198 0.196024 0.426069
vn 0.300463 0.881511 -0.364225
vn 0.300108 0.897475 -0.323225
vn 0.299609 0.847889 -0.437400
vn 0.299609 0.847889 -0.437400
s off
g group11 polySurface39
usemtl lambert1SG
f 1224/1752/4364 1228/1753/4365 1227/1754/4366
f 1224/1752/4367 1225/1755/4368 1229/1756/4369 1228/1753/4370
f 1225/1755/4371 1226/1757/4372 1230/1758/4373 1229/1756/4374
f 1226/1757/4375 1231/1759/4376 1230/1758/4377
f 1227/1754/4378 1233/1760/4379 1232/1761/4380
f 1227/1754/4381 1228/1753/4382 1234/1762/4383 1233/1760/4384
f 1228/1753/4385 1229/1756/4386 1235/1763/4387 1234/1762/4388
f 1229/1756/4389 1230/1758/4390 1236/1764/4391 1235/1763/4392
f 1230/1758/4393 1231/1759/4394 1237/1765/4395 1236/1764/4396
f 1231/1759/4397 1238/1766/4398 1237/1765/4399
f 1232/1761/4400 1233/1760/4401 1240/1767/4402 1239/1768/4403
f 1233/1760/4404 1234/1762/4405 1241/1769/4406 1240/1767/4407
f 1234/1762/4408 1235/1763/4409 1242/1770/4410 1241/1769/4411
f 1235/1763/4412 1236/1764/4413 1243/1771/4414 1242/1770/4415
f 1236/1764/4416 1237/1765/4417 1244/1772/4418 1243/1771/4419
f 1237/1765/4420 1238/1766/4421 1245/1773/4422 1244/1772/4423
f 1239/1768/4424 1240/1767/4425 1246/1774/4426
f 1240/1767/4427 1241/1769/4428 1247/1775/4429 1246/1774/4430
f 1241/1769/4431 1242/1770/4432 1248/1776/4433 1247/1775/4434
f 1242/1770/4435 1243/1771/4436 1249/1777/4437 1248/1776/4438
f 1243/1771/4439 1244/1772/4440 1250/1778/4441 1249/1777/4442
f 1244/1772/4443 1245/1773/4444 1250/1778/4445
f 1246/1774/4446 1247/1775/4447 1251/1779/4448
f 1247/1775/4449 1248/1776/4450 1252/1780/4451 1251/1779/4452
f 1248/1776/4453 1249/1777/4454 1253/1781/4455 1252/1780/4456
f 1249/1777/4457 1250/1778/4458 1253/1781/4459
f 1251/1779/4460 1252/1780/4461 1254/1782/4462
f 1252/1780/4463 1253/1781/4464 1254/1782/4465
f 1255/1783/4466 1257/1784/4467 1256/1785/4468
f 1255/1783/4469 1258/1786/4470 1257/1784/4471
f 1256/1785/4472 1260/1787/4473 1259/1788/4474
f 1256/1785/4475 1257/1784/4476 1261/1789/4477 1260/1787/4478
f 1257/1784/4479 1258/1786/4480 1262/1790/4481 1261/1789/4482
f 1258/1786/4483 1263/1791/4484 1262/1790/4485
f 1259/1788/4486 1265/1792/4487 1264/1793/4488
f 1259/1788/4489 1260/1787/4490 1266/1794/4491 1265/1792/4492
f 1260/1787/4493 1261/1789/4494 1267/1795/4495 1266/1794/4496
f 1261/1789/4497 1262/1790/4498 1268/1796/4499 1267/1795/4500
f 1262/1790/4501 1263/1791/4502 1269/1797/4503 1268/1796/4504
f 1263/1791/4505 1270/1798/4506 1269/1797/4507
f 1264/1793/4508 1265/1792/4509 1272/1799/4510 1271/1800/4511
f 1265/1792/4512 1266/1794/4513 1273/1801/4514 1272/1799/4515
f 1266/1794/4516 1267/1795/4517 1274/1802/4518 1273/1801/4519
f 1267/1795/4520 1268/1796/4521 1275/1803/4522 1274/1802/4523
f 1268/1796/4524 1269/1797/4525 1276/1804/4526 1275/1803/4527
f 1269/1797/4528 1270/1798/4529 1238/1805/4530 1276/1804/4531
f 1271/1800/4532 1272/1799/4533 1277/1806/4534
f 1272/1799/4535 1273/1801/4536 1278/1807/4537 1277/1806/4538
f 1273/1801/4539 1274/1802/4540 1279/1808/4541 1278/1807/4542
f 1274/1802/4543 1275/1803/4544 1280/1809/4545 1279/1808/4546
f 1275/1803/4547 1276/1804/4548 1281/1810/4549 1280/1809/4550
f 1276/1804/4551 1238/1805/4552 1281/1810/4553
f 1277/1806/4554 1278/1807/4555 1221/1811/4556
f 1278/1807/4557 1279/1808/4558 1222/1812/4559 1221/1811/4560
f 1279/1808/4561 1280/1809/4562 1223/1813/4563 1222/1812/4564
f 1280/1809/4565 1281/1810/4566 1223/1813/4567
f 1258/1814/4568 1255/1815/4569 1254/1782/4570 1253/1781/4571
f 1263/1816/4572 1258/1814/4573 1253/1781/4574 1250/1778/4575
f 1270/1817/4576 1263/1816/4577 1250/1778/4578 1245/1773/4579
f 1238/1766/4580 1270/1817/4581 1245/1773/4582
f 1281/1818/4583 1238/1766/4584 1231/1759/4585
f 1223/1819/4586 1281/1818/4587 1231/1759/4588 1226/1757/4589
f 1255/1820/4590 1256/1821/4591 1251/1779/4592 1254/1782/4593
f 1256/1821/4594 1259/1822/4595 1246/1774/4596 1251/1779/4597
f 1259/1822/4598 1264/1823/4599 1239/1768/4600 1246/1774/4601
f 1264/1823/4602 1271/1824/4603 1232/1761/4604 1239/1768/4605
f 1271/1824/4606 1277/1825/4607 1227/1754/4608 1232/1761/4609
f 1277/1825/4610 1221/1826/4611 1224/1752/4612 1227/1754/4613
f 1282/1827/4614 1283/1828/4615 1289/1829/4616 1288/1830/4617
f 1283/1828/4618 1284/1831/4619 1290/1832/4620 1289/1829/4621
f 1284/1831/4622 1285/1833/4623 1291/1834/4624 1290/1832/4625
f 1285/1833/4626 1286/1835/4627 1292/1836/4628 1291/1834/4629
f 1286/1835/4630 1287/1837/4631 1293/1838/4632 1292/1836/4633
f 1287/1837/4634 1282/1839/4635 1288/1840/4636 1293/1838/4637
f 1288/1830/4638 1289/1829/4639 1295/1841/4640 1294/1842/4641
f 1289/1829/4642 1290/1832/4643 1296/1843/4644 1295/1841/4645
f 1290/1832/4646 1291/1834/4647 1297/1844/4648 1296/1843/4649
f 1291/1834/4650 1292/1836/4651 1298/1845/4652 1297/1844/4653
f 1292/1836/4654 1293/1838/4655 1299/1846/4656 1298/1845/4657
f 1293/1838/4658 1288/1840/4659 1294/1847/4660 1299/1846/4661
f 1294/1842/4662 1295/1841/4663 1221/1848/4664 1222/1849/4665
f 1295/1841/4666 1296/1843/4667 1224/1850/4668 1221/1848/4669
f 1296/1843/4670 1297/1844/4671 1225/1851/4672 1224/1850/4673
f 1297/1844/4674 1298/1845/4675 1226/1852/4676 1225/1851/4677
f 1298/1845/4678 1299/1846/4679 1223/1853/4680 1226/1852/4681
f 1299/1846/4682 1294/1847/4683 1222/1854/4684 1223/1853/4685
g default
v -0.390445 2.399078 -3.632558
v -0.419828 2.399078 -3.609465
v -0.407305 2.399078 -3.579070
v -0.370182 2.399078 -3.583379
v -0.359762 2.399078 -3.616436
v -0.391026 2.422866 -3.650096
v -0.438569 2.422866 -3.612730
v -0.418306 2.422866 -3.563551
v -0.358240 2.422866 -3.570522
v -0.341380 2.422866 -3.624010
v -0.391026 2.452269 -3.650096
v -0.438569 2.452269 -3.612730
v -0.418306 2.452269 -3.563551
v -0.358240 2.452269 -3.570522
v -0.341380 2.452269 -3.624010
v -0.390445 2.476057 -3.632558
v -0.419828 2.476057 -3.609465
v -0.407305 2.476057 -3.579070
v -0.370182 2.476057 -3.583379
v -0.359762 2.476057 -3.616436
v -0.389504 2.389992 -3.604182
v -0.389504 2.485143 -3.604182
vt 0.000000 0.200000
vt 0.200000 0.200000
vt 0.400000 0.200000
vt 0.600000 0.200000
vt 0.800000 0.200000
vt 1.000000 0.200000
vt 0.000000 0.400000
vt 0.200000 0.400000
vt 0.400000 0.400000
vt 0.600000 0.400000
vt 0.800000 0.400000
vt 1.000000 0.400000
vt 0.000000 0.600000
vt 0.200000 0.600000
vt 0.400000 0.600000
vt 0.600000 0.600000
vt 0.800000 0.600000
vt 1.000000 0.600000
vt 0.000000 0.800000
vt 0.200000 0.800000
vt 0.400000 0.800000
vt 0.600000 0.800000
vt 0.800000 0.800000
vt 1.000000 0.800000
vt 0.100000 0.000000
vt 0.300000 0.000000
vt 0.500000 0.000000
vt 0.700000 0.000000
vt 0.900000 0.000000
vt 0.100000 1.000000
vt 0.300000 1.000000
vt 0.500000 1.000000
vt 0.700000 1.000000
vt 0.900000 1.000000
vn -0.531093 -0.511183 -0.675746
vn -0.531093 -0.511183 -0.675746
vn -0.531093 -0.511183 -0.675746
vn -0.531093 -0.511183 -0.675746
vn -0.765941 -0.560129 0.315580
vn -0.765941 -0.560129 0.315580
vn -0.765941 -0.560129 0.315580
vn -0.765941 -0.560129 0.315580
vn 0.099081 -0.511183 0.853742
vn 0.099081 -0.511183 0.853742
vn 0.099081 -0.511183 0.853742
vn 0.099081 -0.511183 0.853742
vn 0.802839 -0.539822 0.253064
vn 0.802839 -0.539822 0.253064
vn 0.802839 -0.539822 0.253063
vn 0.802839 -0.539822 0.253063
vn 0.391550 -0.539822 -0.745171
vn 0.391550 -0.539822 -0.745171
vn 0.391550 -0.539822 -0.745171
vn 0.391550 -0.539822 -0.745172
vn -0.617929 -0.000000 -0.786234
vn -0.617929 -0.000000 -0.786234
vn -0.617929 -0.000000 -0.786234
vn -0.617929 -0.000000 -0.786234
vn -0.924596 0.000000 0.380949
vn -0.924596 0.000000 0.380949
vn -0.924596 0.000000 0.380949
vn -0.924596 0.000000 0.380949
vn 0.115281 0.000000 0.993333
vn 0.115281 0.000000 0.993333
vn 0.115281 0.000000 0.993333
vn 0.115281 0.000000 0.993333
vn 0.953741 0.000000 0.300630
vn 0.953741 0.000000 0.300630
vn 0.953741 0.000000 0.300630
vn 0.953741 0.000000 0.300630
vn 0.465146 -0.000000 -0.885234
vn 0.465146 -0.000000 -0.885234
vn 0.465146 -0.000000 -0.885234
vn 0.465146 -0.000000 -0.885234
vn -0.531093 0.511183 -0.675746
vn -0.531093 0.511183 -0.675746
vn -0.531093 0.511183 -0.675746
vn -0.531093 0.511183 -0.675746
vn -0.765941 0.560129 0.315580
vn -0.765941 0.560129 0.315580
vn -0.765941 0.560129 0.315580
vn -0.765941 0.560129 0.315580
vn 0.099081 0.511183 0.853742
vn 0.099081 0.511183 0.853742
vn 0.099081 0.511183 0.853742
vn 0.099081 0.511183 0.853742
vn 0.802839 0.539822 0.253063
vn 0.802839 0.539822 0.253063
vn 0.802839 0.539822 0.253064
vn 0.802839 0.539822 0.253064
vn 0.391550 0.539822 -0.745172
vn 0.391550 0.539822 -0.745171
vn 0.391550 0.539822 -0.745172
vn 0.391550 0.539822 -0.745171
vn -0.227963 -0.929464 -0.290052
vn -0.227963 -0.929464 -0.290052
vn -0.227963 -0.929464 -0.290052
vn -0.304767 -0.944113 0.125569
vn -0.304767 -0.944113 0.125569
vn -0.304767 -0.944113 0.125569
vn 0.042529 -0.929464 0.366454
vn 0.042529 -0.929464 0.366454
vn 0.042529 -0.929464 0.366454
vn 0.329473 -0.938436 0.103853
vn 0.329473 -0.938436 0.103853
vn 0.329473 -0.938436 0.103853
vn 0.160686 -0.938436 -0.305807
vn 0.160686 -0.938436 -0.305807
vn 0.160686 -0.938436 -0.305807
vn -0.227963 0.929464 -0.290052
vn -0.227963 0.929464 -0.290052
vn -0.227963 0.929464 -0.290052
vn -0.304767 0.944113 0.125569
vn -0.304767 0.944113 0.125569
vn -0.304767 0.944113 0.125569
vn 0.042529 0.929464 0.366454
vn 0.042529 0.929464 0.366454
vn 0.042529 0.929464 0.366454
vn 0.329473 0.938436 0.103853
vn 0.329473 0.938436 0.103853
vn 0.329473 0.938436 0.103853
vn 0.160686 0.938436 -0.305807
vn 0.160686 0.938436 -0.305807
vn 0.160686 0.938436 -0.305807
s off
g group11 pSphere1
usemtl lambert1SG
f 1300/1855/4686 1301/1856/4687 1306/1862/4688 1305/1861/4689
f 1301/1856/4690 1302/1857/4691 1307/1863/4692 1306/1862/4693
f 1302/1857/4694 1303/1858/4695 1308/1864/4696 1307/1863/4697
f 1303/1858/4698 1304/1859/4699 1309/1865/4700 1308/1864/4701
f 1304/1859/4702 1300/1860/4703 1305/1866/4704 1309/1865/4705
f 1305/1861/4706 1306/1862/4707 1311/1868/4708 1310/1867/4709
f 1306/1862/4710 1307/1863/4711 1312/1869/4712 1311/1868/4713
f 1307/1863/4714 1308/1864/4715 1313/1870/4716 1312/1869/4717
f 1308/1864/4718 1309/1865/4719 1314/1871/4720 1313/1870/4721
f 1309/1865/4722 1305/1866/4723 1310/1872/4724 1314/1871/4725
f 1310/1867/4726 1311/1868/4727 1316/1874/4728 1315/1873/4729
f 1311/1868/4730 1312/1869/4731 1317/1875/4732 1316/1874/4733
f 1312/1869/4734 1313/1870/4735 1318/1876/4736 1317/1875/4737
f 1313/1870/4738 1314/1871/4739 1319/1877/4740 1318/1876/4741
f 1314/1871/4742 1310/1872/4743 1315/1878/4744 1319/1877/4745
f 1301/1856/4746 1300/1855/4747 1320/1879/4748
f 1302/1857/4749 1301/1856/4750 1320/1880/4751
f 1303/1858/4752 1302/1857/4753 1320/1881/4754
f 1304/1859/4755 1303/1858/4756 1320/1882/4757
f 1300/1860/4758 1304/1859/4759 1320/1883/4760
f 1315/1873/4761 1316/1874/4762 1321/1884/4763
f 1316/1874/4764 1317/1875/4765 1321/1885/4766
f 1317/1875/4767 1318/1876/4768 1321/1886/4769
f 1318/1876/4770 1319/1877/4771 1321/1887/4772
f 1319/1877/4773 1315/1878/4774 1321/1888/4775
g default
v -0.344336 1.945338 -3.802913
v -0.310512 1.778156 -3.711678
v -0.303119 1.923431 -3.564843
v -0.332868 1.795474 -3.554085
v -0.339647 1.843633 -3.727071
v -0.332699 1.855390 -3.558181
v -0.326932 1.933476 -3.683769
v -0.305543 2.240539 -3.669846
v -0.288187 2.264812 -3.803759
v -0.334181 2.140755 -3.864651
v -0.273720 2.045925 -3.570342
v -0.268400 2.090794 -3.710831
v -0.296197 1.788466 -3.619078
v -0.339259 2.041956 -3.842897
v -0.278293 2.177803 -3.757294
v -0.400175 2.262277 -3.672447
v -0.391497 2.296104 -3.807502
v -0.395643 2.574881 -3.761082
v -0.385874 2.331516 -3.687912
v -0.395643 2.544438 -3.621280
v -0.420391 2.290879 -3.602718
v -0.357217 2.427218 -3.784002
v -0.364919 2.374920 -3.618046
v -0.404109 2.549609 -3.797968
v -0.354997 2.487101 -3.618532
v -0.379198 2.355859 -3.608648
v -0.427291 2.364452 -3.567186
v -0.357781 2.403783 -3.725133
v -0.360906 2.491566 -3.792672
v -0.343352 2.489370 -3.741692
v -0.404019 2.402228 -3.778213
v -0.371545 2.379367 -3.735960
v -0.343446 2.487815 -3.680064
v -0.353870 2.389351 -3.671590
v -0.395643 2.559659 -3.691180
v -0.412607 2.352370 -3.587507
v -0.404019 2.296630 -3.775917
v -0.386623 2.283331 -3.736086
v -0.386623 2.374203 -3.741774
v -0.404019 2.270033 -3.696254
v -0.404019 2.337484 -3.710336
v -0.401618 2.429933 -3.808112
v -0.300287 1.848857 -3.635250
v -0.378265 1.772536 -3.730915
v -0.264862 1.607408 -3.533057
v -0.243355 1.569216 -3.733803
v -0.310512 1.778156 -3.711678
v -0.218449 1.598164 -3.640291
v -0.324910 1.546130 -3.758646
v -0.352279 1.703618 -3.776963
v -0.430451 1.605913 -3.798340
v -0.430451 1.700906 -3.780531
v -0.349450 1.605755 -3.787876
v -0.274999 1.669641 -3.729209
v -0.292163 1.728662 -3.731413
v -0.323484 1.715871 -3.756437
v -0.299313 1.638299 -3.776862
v -0.389442 1.794739 -3.532489
v -0.355439 1.580174 -3.491108
v -0.364462 1.296684 -3.542319
v -0.364462 1.281307 -3.670848
v -0.258460 1.296684 -3.542319
v -0.258460 1.281307 -3.670848
v -0.389988 1.287496 -3.619116
v -0.221330 1.287496 -3.619116
v -0.311074 1.277265 -3.704638
v -0.311074 1.302873 -3.490589
v -0.345607 1.209134 -3.574691
v -0.345607 1.196523 -3.680101
v -0.251569 1.209134 -3.574691
v -0.251569 1.196523 -3.680101
v -0.368252 1.201599 -3.637674
v -0.218630 1.201599 -3.637674
v -0.298244 1.193207 -3.707814
v -0.298244 1.214209 -3.532264
v -0.319864 1.000722 -3.617846
v -0.319864 0.989548 -3.711253
v -0.221304 1.000722 -3.617846
v -0.221304 0.989548 -3.711253
v -0.343598 0.994045 -3.673657
v -0.186781 0.994045 -3.673657
v -0.270224 0.986610 -3.735809
v -0.270224 1.005220 -3.580251
v -0.317024 0.926472 -3.597184
v -0.317024 0.911371 -3.723409
v -0.223982 0.926472 -3.597184
v -0.223982 0.911371 -3.723409
v -0.339430 0.917449 -3.672604
v -0.191392 0.917449 -3.672604
v -0.270164 0.907401 -3.756593
v -0.270164 0.929987 -3.567800
v -0.364647 1.121560 -3.648782
v -0.339741 1.128595 -3.589974
v -0.236321 1.116820 -3.688397
v -0.287654 1.113725 -3.714272
v -0.236321 1.128595 -3.589974
v -0.200096 1.121560 -3.648782
v -0.287654 1.133334 -3.550360
v -0.339741 1.116820 -3.688397
v -0.309552 0.810173 -3.590454
v -0.309552 0.796676 -3.703269
v -0.231030 0.810173 -3.590454
v -0.231030 0.796676 -3.703269
v -0.328461 0.802108 -3.657862
v -0.203526 0.802108 -3.657862
v -0.270005 0.793128 -3.732928
v -0.270005 0.813315 -3.564192
v -0.299889 0.571147 -3.529480
v -0.299889 0.561241 -3.612281
v -0.240145 0.571147 -3.529480
v -0.240145 0.561241 -3.612281
v -0.314276 0.565228 -3.578954
v -0.219218 0.565228 -3.578954
v -0.269799 0.558637 -3.634049
v -0.269799 0.573453 -3.510204
v -0.299889 0.517679 -3.481356
v -0.299889 0.505709 -3.581408
v -0.240145 0.517679 -3.481356
v -0.240145 0.505709 -3.581408
v -0.314276 0.509697 -3.548082
v -0.219218 0.509697 -3.548082
v -0.269799 0.503105 -3.603176
v -0.269799 0.519985 -3.462082
v -0.214596 0.419641 -3.345242
v -0.222724 0.453093 -3.350423
v -0.211802 0.393759 -3.561585
v -0.187201 0.405711 -3.461682
v -0.313434 0.422036 -3.325223
v -0.299834 0.455488 -3.330405
v -0.319817 0.393759 -3.561585
v -0.314497 0.405711 -3.461682
v -0.261279 0.389255 -3.599232
v -0.261279 0.426158 -3.290771
v -0.261279 0.458695 -3.303604
v -0.261279 0.405711 -3.461682
v -0.231434 0.470560 -3.403963
v -0.265539 0.474590 -3.370279
v -0.310756 0.470560 -3.403963
v -0.219096 0.448697 -3.580162
v -0.204664 0.462732 -3.462854
v -0.265539 0.445560 -3.606389
v -0.312200 0.448697 -3.580162
v -0.315869 0.462732 -3.462854
v -0.194937 0.455714 -3.521508
v -0.319416 0.455714 -3.521508
v -0.329685 0.417767 -3.360904
v -0.322585 0.411739 -3.411292
v -0.320453 0.445549 -3.348534
v -0.296866 2.252676 -3.736802
v -0.301290 2.115153 -3.792935
v -0.271059 2.086977 -3.642814
v -0.289631 2.183444 -3.633287
v -0.156632 2.086818 -3.651673
v -0.186554 2.239045 -3.699319
v -0.156632 2.072564 -3.770821
v -0.186554 2.234911 -3.760808
v -0.129387 2.079691 -3.711246
v -0.177075 2.237654 -3.730145
v -0.204834 2.070604 -3.779667
v -0.239719 2.230586 -3.789726
v -0.204834 2.086818 -3.651673
v -0.239719 2.241737 -3.683723
v -0.224279 2.251344 -3.746424
v -0.125464 1.959645 -3.630544
v -0.189081 2.190603 -3.777687
v -0.178216 2.206731 -3.668207
v -0.158137 2.193498 -3.724862
v -0.239719 2.203730 -3.639339
v -0.239719 2.183266 -3.810386
v -0.265927 2.070671 -3.779103
v -0.265927 2.078905 -3.710281
v -0.237136 2.086452 -3.647190
v -0.284845 2.102973 -3.751883
v -0.269730 2.088885 -3.676823
v -0.265927 2.082678 -3.678736
v -0.077580 1.876785 -3.685822
v -0.100736 1.872824 -3.718932
v -0.144020 1.883817 -3.627039
v -0.100736 1.882842 -3.635190
v -0.144020 1.869972 -3.736364
v -0.187946 1.882532 -3.631380
v -0.083764 1.862220 -3.683346
v -0.173889 1.871216 -3.725972
v -0.187946 1.876117 -3.685001
v -0.160668 1.959430 -3.618294
v -0.215077 1.947511 -3.655809
v -0.216621 1.921157 -3.691352
v -0.101896 1.943399 -3.695066
v -0.123273 1.919070 -3.737875
v -0.208769 1.959638 -3.630497
v -0.160668 1.916939 -3.748153
v -0.192427 1.916967 -3.747914
v -0.134549 1.972395 -3.770106
v -0.214890 1.971965 -3.766166
v -0.232948 1.980069 -3.698428
v -0.107304 1.980844 -3.699483
v -0.182750 1.969965 -3.782881
v -0.193792 2.020820 -3.776797
v -0.145590 2.022964 -3.766412
v -0.237067 2.021019 -3.775134
v -0.193924 2.021431 -3.776725
v -0.233862 1.986961 -3.663906
v -0.248190 2.075755 -3.661909
v -0.103613 1.858824 -3.711728
v -0.140717 1.868248 -3.632957
v -0.103613 1.867412 -3.639943
v -0.140717 1.856380 -3.726670
v -0.178371 1.867146 -3.636677
v -0.166320 1.857445 -3.717764
v -0.178371 1.861647 -3.682642
v -0.074271 1.844938 -3.681953
v -0.097164 1.841022 -3.714691
v -0.139960 1.851892 -3.623835
v -0.097164 1.850928 -3.631893
v -0.139960 1.838202 -3.731925
v -0.183390 1.850621 -3.628126
v -0.169492 1.839432 -3.721651
v -0.183390 1.844278 -3.681142
v -0.040430 1.486042 -3.636563
v -0.047542 1.484018 -3.653485
v -0.060838 1.489636 -3.606523
v -0.047542 1.489138 -3.610688
v -0.060838 1.482362 -3.662369
v -0.073692 1.487925 -3.615871
v -0.070652 1.483854 -3.649904
v -0.074330 1.485503 -3.636120
v -0.164922 1.800626 -3.725604
v -0.181450 1.806389 -3.677432
v -0.181450 1.813931 -3.614386
v -0.129803 1.815443 -3.609282
v -0.078910 1.814296 -3.618865
v -0.078910 1.802517 -3.717327
v -0.129803 1.799164 -3.737822
v -0.051685 1.807174 -3.678396
v -0.063421 1.416001 -3.594715
v -0.063421 1.409214 -3.651448
v -0.034133 1.415989 -3.594810
v -0.034133 1.409225 -3.651353
v -0.052493 1.416451 -3.590955
v -0.052493 1.408201 -3.659909
v -0.064852 1.413225 -3.623156
v -0.028647 1.412607 -3.623082
v -0.071029 1.459686 -3.598949
v -0.072133 1.452530 -3.658759
v -0.069455 1.455789 -3.628910
v -0.067557 1.427801 -3.654816
v -0.063750 1.431622 -3.625494
v -0.065033 1.434828 -3.596080
v -0.063635 1.451609 -3.666458
v -0.064345 1.463211 -3.593116
v -0.053991 1.441254 -3.588704
v -0.053991 1.425521 -3.664292
v -0.036067 1.426850 -3.655661
v -0.056852 1.453420 -3.667691
v -0.039146 1.455284 -3.655824
v -0.036067 1.440926 -3.591444
v -0.039146 1.462538 -3.595193
v -0.056852 1.463030 -3.591084
v -0.028647 1.430384 -3.626120
v -0.030759 1.458383 -3.629924
v -0.053051 1.458782 -3.586919
v -0.052839 1.441989 -3.585004
v -0.039418 1.458343 -3.590593
v -0.034915 1.441661 -3.587743
v -0.051044 1.454710 -3.580529
v -0.049504 1.437715 -3.573359
v -0.037411 1.454270 -3.584203
v -0.034185 1.437422 -3.575808
v -0.038565 1.384640 -3.576268
v -0.047258 1.384859 -3.574445
v -0.037908 1.387181 -3.569188
v -0.045682 1.387376 -3.567558
v -0.038415 1.457815 -3.586441
v -0.052048 1.458255 -3.582766
v -0.036226 1.449478 -3.581367
v -0.049943 1.449844 -3.578305
v -0.047984 1.411154 -3.569213
v -0.035131 1.410861 -3.571662
v -0.036250 1.405654 -3.582352
v -0.050624 1.405982 -3.579613
v -0.041647 1.387484 -3.566658
v -0.041347 1.408068 -3.567696
v -0.041271 1.437772 -3.572333
v -0.043032 1.449207 -3.577594
v -0.044310 1.456991 -3.580708
v -0.045432 1.460695 -3.585386
v -0.046554 1.461285 -3.590029
v -0.047999 1.462784 -3.593139
v -0.033767 1.448097 -3.587408
v -0.054737 1.448481 -3.584202
v -0.043877 1.435522 -3.585620
v -0.043437 1.405818 -3.580983
v -0.042912 1.381895 -3.575014
v -0.076367 1.474703 -3.600604
v -0.073991 1.467604 -3.659940
v -0.075043 1.470462 -3.634870
v -0.063316 1.466884 -3.665961
v -0.063684 1.476792 -3.596038
v -0.059794 1.467693 -3.666585
v -0.041526 1.469434 -3.655941
v -0.041526 1.476130 -3.599964
v -0.059794 1.476726 -3.594987
v -0.032315 1.472192 -3.632883
v -0.051463 1.398331 -3.595073
v -0.051463 1.392414 -3.644537
v -0.038351 1.397734 -3.600063
v -0.038351 1.391817 -3.649526
v -0.044262 1.398514 -3.593545
v -0.045686 1.390945 -3.656809
v -0.051463 1.395174 -3.621465
v -0.041413 1.395174 -3.621465
v -0.041413 1.397137 -3.605052
v -0.051463 1.396368 -3.611486
v -0.053021 1.397734 -3.600063
v -0.051463 1.397137 -3.605052
v -0.051463 1.372635 -3.591999
v -0.051463 1.371441 -3.601978
v -0.041413 1.372635 -3.591999
v -0.041413 1.371441 -3.601978
v -0.053362 1.352555 -3.599718
v -0.053362 1.353749 -3.589740
v -0.043311 1.352555 -3.599718
v -0.043311 1.353749 -3.589740
v -0.055464 1.333227 -3.596657
v -0.055464 1.334244 -3.588155
v -0.046901 1.333227 -3.596657
v -0.046901 1.334244 -3.588155
v -0.045686 1.371167 -3.604271
v -0.045686 1.396863 -3.607345
v -0.045686 1.372909 -3.589706
v -0.048458 1.352281 -3.602011
v -0.048458 1.354024 -3.587447
v -0.052359 1.332993 -3.598610
v -0.052359 1.334477 -3.586202
v -0.053021 1.372038 -3.596988
v -0.038351 1.372038 -3.596988
v -0.055793 1.353152 -3.594729
v -0.041123 1.353152 -3.594729
v -0.058608 1.333735 -3.592406
v -0.046110 1.333735 -3.592406
v -0.052462 1.331754 -3.592169
v -0.051463 1.370671 -3.608412
v -0.053021 1.395771 -3.616475
v -0.051463 1.369477 -3.618391
v -0.051463 1.393154 -3.638349
v -0.041413 1.370671 -3.608412
v -0.041413 1.396368 -3.611486
v -0.041413 1.369477 -3.618391
v -0.047863 1.398558 -3.593179
v -0.053362 1.348076 -3.615830
v -0.053362 1.349269 -3.605851
v -0.043311 1.348076 -3.615830
v -0.043311 1.349269 -3.605851
v -0.055464 1.323078 -3.612090
v -0.055464 1.324095 -3.603589
v -0.046901 1.323078 -3.612090
v -0.046901 1.324095 -3.603589
v -0.045686 1.369203 -3.620684
v -0.045686 1.394899 -3.623758
v -0.045686 1.370945 -3.606119
v -0.045686 1.396642 -3.609193
v -0.048458 1.347801 -3.618123
v -0.048458 1.349544 -3.603558
v -0.052359 1.322844 -3.614043
v -0.052359 1.324329 -3.601636
v -0.053021 1.370074 -3.613401
v -0.038351 1.370074 -3.613401
v -0.038351 1.395771 -3.616475
v -0.055793 1.348672 -3.610841
v -0.041123 1.348672 -3.610841
v -0.058608 1.323587 -3.607840
v -0.046110 1.323587 -3.607840
v -0.052462 1.321606 -3.607602
v -0.051463 1.372055 -3.625704
v -0.051463 1.394348 -3.628371
v -0.051463 1.370862 -3.635682
v -0.041413 1.372055 -3.625704
v -0.041413 1.394348 -3.628371
v -0.041413 1.370862 -3.635682
v -0.041413 1.393154 -3.638349
v -0.053362 1.351681 -3.633387
v -0.053362 1.352874 -3.623409
v -0.043311 1.351681 -3.633387
v -0.043311 1.352874 -3.623409
v -0.055464 1.332569 -3.630351
v -0.055464 1.333586 -3.621850
v -0.046901 1.332569 -3.630351
v -0.046901 1.333586 -3.621850
v -0.045686 1.370587 -3.637975
v -0.045686 1.392879 -3.640642
v -0.045686 1.372330 -3.623411
v -0.045686 1.394622 -3.626078
v -0.048458 1.351406 -3.635680
v -0.048458 1.353149 -3.621116
v -0.052359 1.332335 -3.632304
v -0.052359 1.333819 -3.619897
v -0.053021 1.371459 -3.630692
v -0.053021 1.393751 -3.633359
v -0.038351 1.371459 -3.630692
v -0.038351 1.393751 -3.633359
v -0.055793 1.352278 -3.628397
v -0.041123 1.352278 -3.628397
v -0.058608 1.333077 -3.626101
v -0.046110 1.333077 -3.626101
v -0.052462 1.331096 -3.625863
v -0.051463 1.377785 -3.642787
v -0.051463 1.376591 -3.652766
v -0.051463 1.391220 -3.654516
v -0.041413 1.377785 -3.642787
v -0.041413 1.392414 -3.644537
v -0.041413 1.376591 -3.652766
v -0.041413 1.391220 -3.654516
v -0.053362 1.362146 -3.651038
v -0.053362 1.363340 -3.641059
v -0.043311 1.362146 -3.651038
v -0.043311 1.363340 -3.641059
v -0.055464 1.344958 -3.648232
v -0.055464 1.345975 -3.639730
v -0.046901 1.344958 -3.648232
v -0.046901 1.345975 -3.639730
v -0.045686 1.376317 -3.655059
v -0.053021 1.391817 -3.649526
v -0.045686 1.378059 -3.640494
v -0.045686 1.392688 -3.642244
v -0.048458 1.361872 -3.653331
v -0.048458 1.363614 -3.638766
v -0.052359 1.344725 -3.650185
v -0.052359 1.346209 -3.637777
v -0.053021 1.377188 -3.647776
v -0.049089 1.399574 -3.658359
v -0.038351 1.377188 -3.647776
v -0.055793 1.362743 -3.646048
v -0.041123 1.362743 -3.646048
v -0.058608 1.345467 -3.643981
v -0.046110 1.345467 -3.643981
v -0.052462 1.343486 -3.643744
v -0.057442 1.400814 -3.647992
v -0.058158 1.404199 -3.622310
v -0.036242 1.400521 -3.650439
v -0.057442 1.407166 -3.594894
v -0.055590 1.398975 -3.627835
v -0.054811 1.400284 -3.616898
v -0.054453 1.402152 -3.599974
v -0.054453 1.396984 -3.643171
v -0.048377 1.407483 -3.592250
v -0.036242 1.413166 -3.598191
v -0.035030 1.403891 -3.622273
v -0.035635 1.408528 -3.610232
v -0.035635 1.402206 -3.636357
v -0.037297 1.405450 -3.599126
v -0.547699 1.945338 -3.802913
v -0.581523 1.778156 -3.711678
v -0.588916 1.923431 -3.564843
v -0.559168 1.795474 -3.554085
v -0.446018 1.926809 -3.521198
v -0.446018 1.794004 -3.510894
v -0.446018 1.945490 -3.801476
v -0.446018 1.766916 -3.750155
v -0.552388 1.843633 -3.727071
v -0.559336 1.855390 -3.558181
v -0.446018 1.840322 -3.751256
v -0.446018 1.862628 -3.519872
v -0.565104 1.933476 -3.683769
v -0.586492 2.240539 -3.669846
v -0.603848 2.264812 -3.803759
v -0.557854 2.140755 -3.864651
v -0.618316 2.045925 -3.570342
v -0.446018 2.262090 -3.672424
v -0.446018 2.050458 -3.489401
v -0.623636 2.090794 -3.710831
v -0.595838 1.788466 -3.619078
v -0.446018 2.305471 -3.808623
v -0.446018 2.139512 -3.875037
v -0.552776 2.041956 -3.842897
v -0.613742 2.177803 -3.757294
v -0.491861 2.262277 -3.672447
v -0.500538 2.296104 -3.807502
v -0.496392 2.574881 -3.761082
v -0.506161 2.331516 -3.687912
v -0.496392 2.544438 -3.621280
v -0.471644 2.290879 -3.602718
v -0.446018 2.316191 -3.697769
v -0.446018 2.564030 -3.620320
v -0.446018 2.273344 -3.595555
v -0.446018 2.586604 -3.762349
v -0.534818 2.427218 -3.784002
v -0.527116 2.374920 -3.618046
v -0.446018 2.432648 -3.832223
v -0.446018 2.363610 -3.549975
v -0.487926 2.549609 -3.797968
v -0.446018 2.547956 -3.826892
v -0.537039 2.487101 -3.618532
v -0.446018 2.484505 -3.569986
v -0.512837 2.355859 -3.608648
v -0.446018 2.348880 -3.566368
v -0.464744 2.364452 -3.567186
v -0.446018 2.422130 -3.570747
v -0.534254 2.403783 -3.725133
v -0.531129 2.491566 -3.792672
v -0.548683 2.489370 -3.741692
v -0.446018 2.493350 -3.841684
v -0.446018 2.582052 -3.691005
v -0.446018 2.523998 -3.589664
v -0.488017 2.402228 -3.778213
v -0.520490 2.379367 -3.735960
v -0.548589 2.487815 -3.680064
v -0.538165 2.389351 -3.671590
v -0.496392 2.559659 -3.691180
v -0.479428 2.352370 -3.587507
v -0.446018 2.302138 -3.792415
v -0.446018 2.398046 -3.788715
v -0.488017 2.296630 -3.775917
v -0.505412 2.283331 -3.736086
v -0.505412 2.374203 -3.741774
v -0.488017 2.270033 -3.696254
v -0.488017 2.337484 -3.710336
v -0.446018 2.264525 -3.679755
v -0.490417 2.429933 -3.808112
v -0.591748 1.848857 -3.635250
v -0.446018 2.040850 -3.852061
v -0.513771 1.772536 -3.730915
v -0.627174 1.607408 -3.533057
v -0.648680 1.569216 -3.733803
v -0.581523 1.778156 -3.711678
v -0.446018 1.537850 -3.773463
v -0.446018 1.546232 -3.475267
v -0.673586 1.598164 -3.640291
v -0.446018 1.705499 -3.761242
v -0.567125 1.546130 -3.758646
v -0.539756 1.703618 -3.776963
v -0.461585 1.605913 -3.798340
v -0.446018 1.633861 -3.767920
v -0.461585 1.700906 -3.780531
v -0.542586 1.605755 -3.787876
v -0.617036 1.669641 -3.729209
v -0.599873 1.728662 -3.731413
v -0.568551 1.715871 -3.756437
v -0.592722 1.638299 -3.776862
v -0.502593 1.794739 -3.532489
v -0.536596 1.580174 -3.491108
v -0.527573 1.296684 -3.542319
v -0.527573 1.281307 -3.670848
v -0.633576 1.296684 -3.542319
v -0.633576 1.281307 -3.670848
v -0.502047 1.287496 -3.619116
v -0.446018 1.521365 -3.615190
v -0.670706 1.287496 -3.619116
v -0.580961 1.277265 -3.704638
v -0.580961 1.302873 -3.490589
v -0.546429 1.209134 -3.574691
v -0.546429 1.196523 -3.680101
v -0.640466 1.209134 -3.574691
v -0.640466 1.196523 -3.680101
v -0.523783 1.201599 -3.637674
v -0.673406 1.201599 -3.637674
v -0.593791 1.193207 -3.707814
v -0.593791 1.214209 -3.532264
v -0.572172 1.000722 -3.617846
v -0.572172 0.989548 -3.711253
v -0.670731 1.000722 -3.617846
v -0.670731 0.989548 -3.711253
v -0.548437 0.994045 -3.673657
v -0.705255 0.994045 -3.673657
v -0.621811 0.986610 -3.735809
v -0.621811 1.005220 -3.580251
v -0.575012 0.926472 -3.597184
v -0.575012 0.911371 -3.723409
v -0.668054 0.926472 -3.597184
v -0.668054 0.911371 -3.723409
v -0.552605 0.917449 -3.672604
v -0.700644 0.917449 -3.672604
v -0.621872 0.907401 -3.756593
v -0.621872 0.929987 -3.567800
v -0.527389 1.121560 -3.648782
v -0.552294 1.128595 -3.589974
v -0.655714 1.116820 -3.688397
v -0.604381 1.113725 -3.714272
v -0.655714 1.128595 -3.589974
v -0.691939 1.121560 -3.648782
v -0.604381 1.133334 -3.550360
v -0.552294 1.116820 -3.688397
v -0.582483 0.810173 -3.590454
v -0.582483 0.796676 -3.703269
v -0.661005 0.810173 -3.590454
v -0.661005 0.796676 -3.703269
v -0.563574 0.802108 -3.657862
v -0.688509 0.802108 -3.657862
v -0.622030 0.793128 -3.732928
v -0.622030 0.813315 -3.564192
v -0.592146 0.571147 -3.529480
v -0.592146 0.561241 -3.612281
v -0.651891 0.571147 -3.529480
v -0.651891 0.561241 -3.612281
v -0.577759 0.565228 -3.578954
v -0.672817 0.565228 -3.578954
v -0.622237 0.558637 -3.634049
v -0.622237 0.573453 -3.510204
v -0.592146 0.517679 -3.481356
v -0.592146 0.505709 -3.581408
v -0.651891 0.517679 -3.481356
v -0.651891 0.505709 -3.581408
v -0.577759 0.509697 -3.548082
v -0.672817 0.509697 -3.548082
v -0.622237 0.503105 -3.603176
v -0.622237 0.519985 -3.462082
v -0.677440 0.419641 -3.345242
v -0.669312 0.453093 -3.350423
v -0.680233 0.393759 -3.561585
v -0.704834 0.405711 -3.461682
v -0.578601 0.422036 -3.325223
v -0.592201 0.455488 -3.330405
v -0.572218 0.393759 -3.561585
v -0.577538 0.405711 -3.461682
v -0.630756 0.389255 -3.599232
v -0.630756 0.426158 -3.290771
v -0.630756 0.458695 -3.303604
v -0.630756 0.405711 -3.461682
v -0.660601 0.470560 -3.403963
v -0.626496 0.474590 -3.370279
v -0.581280 0.470560 -3.403963
v -0.672939 0.448697 -3.580162
v -0.687371 0.462732 -3.462854
v -0.626496 0.445560 -3.606389
v -0.579836 0.448697 -3.580162
v -0.576167 0.462732 -3.462854
v -0.697098 0.455714 -3.521508
v -0.572619 0.455714 -3.521508
v -0.562350 0.417767 -3.360904
v -0.569450 0.411739 -3.411292
v -0.571582 0.445549 -3.348534
v -0.595169 2.252676 -3.736802
v -0.590745 2.115153 -3.792935
v -0.620976 2.086977 -3.642814
v -0.602404 2.183444 -3.633287
v -0.735403 2.086818 -3.651673
v -0.705481 2.239045 -3.699319
v -0.735403 2.072564 -3.770821
v -0.705481 2.234911 -3.760808
v -0.762648 2.079691 -3.711246
v -0.714960 2.237654 -3.730145
v -0.687202 2.070604 -3.779667
v -0.652316 2.230586 -3.789726
v -0.687202 2.086818 -3.651673
v -0.652316 2.241737 -3.683723
v -0.667756 2.251344 -3.746424
v -0.766571 1.959645 -3.630544
v -0.702955 2.190603 -3.777687
v -0.713819 2.206731 -3.668207
v -0.733899 2.193498 -3.724862
v -0.652316 2.203730 -3.639339
v -0.652316 2.183266 -3.810386
v -0.626108 2.070671 -3.779103
v -0.626108 2.078905 -3.710281
v -0.654900 2.086452 -3.647190
v -0.607190 2.102973 -3.751883
v -0.622306 2.088885 -3.676823
v -0.626108 2.082678 -3.678736
v -0.814455 1.876785 -3.685822
v -0.791300 1.872824 -3.718932
v -0.748015 1.883817 -3.627039
v -0.791300 1.882842 -3.635190
v -0.748015 1.869972 -3.736364
v -0.704089 1.882532 -3.631380
v -0.808271 1.862220 -3.683346
v -0.718146 1.871216 -3.725972
v -0.704089 1.876117 -3.685001
v -0.731368 1.959430 -3.618294
v -0.676958 1.947511 -3.655809
v -0.675414 1.921157 -3.691352
v -0.790139 1.943399 -3.695066
v -0.768762 1.919070 -3.737875
v -0.683266 1.959638 -3.630497
v -0.731368 1.916939 -3.748153
v -0.699608 1.916967 -3.747914
v -0.757487 1.972395 -3.770106
v -0.677145 1.971965 -3.766166
v -0.659087 1.980069 -3.698428
v -0.784731 1.980844 -3.699483
v -0.709285 1.969965 -3.782881
v -0.698243 2.020820 -3.776797
v -0.746445 2.022964 -3.766412
v -0.654969 2.021019 -3.775134
v -0.698111 2.021431 -3.776725
v -0.658174 1.986961 -3.663906
v -0.643846 2.075755 -3.661909
v -0.788423 1.858824 -3.711728
v -0.751318 1.868248 -3.632957
v -0.788423 1.867412 -3.639943
v -0.751318 1.856380 -3.726670
v -0.713665 1.867146 -3.636677
v -0.725715 1.857445 -3.717764
v -0.713665 1.861647 -3.682642
v -0.817765 1.844938 -3.681953
v -0.794871 1.841022 -3.714691
v -0.752075 1.851892 -3.623835
v -0.794871 1.850928 -3.631893
v -0.752075 1.838202 -3.731925
v -0.708645 1.850621 -3.628126
v -0.722543 1.839432 -3.721651
v -0.708645 1.844278 -3.681142
v -0.851605 1.583708 -3.648248
v -0.844493 1.484018 -3.653485
v -0.831197 1.489636 -3.606523
v -0.844493 1.489138 -3.610688
v -0.831197 1.482362 -3.662369
v -0.818343 1.487925 -3.615871
v -0.821384 1.483854 -3.649904
v -0.817705 1.485503 -3.636120
v -0.727114 1.800626 -3.725604
v -0.710585 1.806389 -3.677432
v -0.710585 1.813931 -3.614386
v -0.762232 1.815443 -3.609282
v -0.813125 1.814296 -3.618865
v -0.813125 1.802517 -3.717327
v -0.762232 1.799164 -3.737822
v -0.840350 1.807174 -3.678396
v -0.828614 1.416001 -3.594715
v -0.828614 1.409214 -3.651448
v -0.857903 1.415989 -3.594810
v -0.857903 1.409225 -3.651353
v -0.839543 1.416451 -3.590955
v -0.839543 1.408201 -3.659909
v -0.827183 1.413225 -3.623156
v -0.863389 1.412607 -3.623082
v -0.821006 1.459686 -3.598949
v -0.819902 1.452530 -3.658759
v -0.822580 1.455789 -3.628910
v -0.824478 1.427801 -3.654816
v -0.828285 1.431622 -3.625494
v -0.827002 1.434828 -3.596080
v -0.828400 1.451609 -3.666458
v -0.827691 1.463211 -3.593116
v -0.838044 1.441254 -3.588704
v -0.838044 1.425521 -3.664292
v -0.855969 1.426850 -3.655661
v -0.835184 1.453420 -3.667691
v -0.852889 1.455284 -3.655824
v -0.855969 1.440926 -3.591444
v -0.852889 1.462538 -3.595193
v -0.835184 1.463030 -3.591084
v -0.863389 1.430384 -3.626120
v -0.861277 1.458383 -3.629924
v -0.838984 1.458782 -3.586919
v -0.839197 1.441989 -3.585004
v -0.852617 1.458343 -3.590593
v -0.857120 1.441661 -3.587743
v -0.840991 1.454710 -3.580529
v -0.842532 1.437715 -3.573359
v -0.854624 1.454270 -3.584203
v -0.857850 1.437422 -3.575808
v -0.853470 1.384640 -3.576268
v -0.844777 1.384859 -3.574445
v -0.854127 1.387181 -3.569188
v -0.846353 1.387376 -3.567558
v -0.853621 1.457815 -3.586441
v -0.839988 1.458255 -3.582766
v -0.855809 1.449478 -3.581367
v -0.842093 1.449844 -3.578305
v -0.844051 1.411154 -3.569213
v -0.856904 1.410861 -3.571662
v -0.855786 1.405654 -3.582352
v -0.841411 1.405982 -3.579613
v -0.850388 1.387484 -3.566658
v -0.850688 1.408068 -3.567696
v -0.850764 1.437772 -3.572333
v -0.849004 1.449207 -3.577594
v -0.847725 1.456991 -3.580708
v -0.846604 1.460695 -3.585386
v -0.845481 1.461285 -3.590029
v -0.844036 1.462784 -3.593139
v -0.858269 1.448097 -3.587408
v -0.837298 1.448481 -3.584202
v -0.848158 1.435522 -3.585620
v -0.848598 1.405818 -3.580983
v -0.849123 1.381895 -3.575014
v -0.815668 1.474703 -3.600604
v -0.818044 1.467604 -3.659940
v -0.816992 1.470462 -3.634870
v -0.828720 1.466884 -3.665961
v -0.828351 1.476792 -3.596038
v -0.832241 1.467693 -3.666585
v -0.850510 1.469434 -3.655941
v -0.850510 1.476130 -3.599964
v -0.832241 1.476726 -3.594987
v -0.859720 1.472192 -3.632883
v -0.840572 1.398331 -3.595073
v -0.840572 1.392414 -3.644537
v -0.853684 1.397734 -3.600063
v -0.853684 1.391817 -3.649526
v -0.847773 1.398514 -3.593545
v -0.846349 1.390945 -3.656809
v -0.840572 1.395174 -3.621465
v -0.850623 1.395174 -3.621465
v -0.850623 1.397137 -3.605052
v -0.840572 1.396368 -3.611486
v -0.839014 1.397734 -3.600063
v -0.840572 1.397137 -3.605052
v -0.840572 1.372635 -3.591999
v -0.840572 1.371441 -3.601978
v -0.850623 1.372635 -3.591999
v -0.850623 1.371441 -3.601978
v -0.838673 1.352555 -3.599718
v -0.838673 1.353749 -3.589740
v -0.848724 1.352555 -3.599718
v -0.848724 1.353749 -3.589740
v -0.836572 1.333227 -3.596657
v -0.836572 1.334244 -3.588155
v -0.845134 1.333227 -3.596657
v -0.845134 1.334244 -3.588155
v -0.846349 1.371167 -3.604271
v -0.846349 1.396863 -3.607345
v -0.846349 1.372909 -3.589706
v -0.843577 1.352281 -3.602011
v -0.843577 1.354024 -3.587447
v -0.839676 1.332993 -3.598610
v -0.839676 1.334477 -3.586202
v -0.839014 1.372038 -3.596988
v -0.853684 1.372038 -3.596988
v -0.836242 1.353152 -3.594729
v -0.850913 1.353152 -3.594729
v -0.833427 1.333735 -3.592406
v -0.845926 1.333735 -3.592406
v -0.839574 1.331754 -3.592169
v -0.840572 1.370671 -3.608412
v -0.839014 1.395771 -3.616475
v -0.840572 1.369477 -3.618391
v -0.840572 1.393154 -3.638349
v -0.850623 1.370671 -3.608412
v -0.850623 1.396368 -3.611486
v -0.850623 1.369477 -3.618391
v -0.844173 1.398558 -3.593179
v -0.838673 1.348076 -3.615830
v -0.838673 1.349269 -3.605851
v -0.848724 1.348076 -3.615830
v -0.848724 1.349269 -3.605851
v -0.836572 1.323078 -3.612090
v -0.836572 1.324095 -3.603589
v -0.845134 1.323078 -3.612090
v -0.845134 1.324095 -3.603589
v -0.846349 1.369203 -3.620684
v -0.846349 1.394899 -3.623758
v -0.846349 1.370945 -3.606119
v -0.846349 1.396642 -3.609193
v -0.843577 1.347801 -3.618123
v -0.843577 1.349544 -3.603558
v -0.839676 1.322844 -3.614043
v -0.839676 1.324329 -3.601636
v -0.839014 1.370074 -3.613401
v -0.853684 1.370074 -3.613401
v -0.853684 1.395771 -3.616475
v -0.836242 1.348672 -3.610841
v -0.850913 1.348672 -3.610841
v -0.833427 1.323587 -3.607840
v -0.845926 1.323587 -3.607840
v -0.839574 1.321606 -3.607602
v -0.840572 1.372055 -3.625704
v -0.840572 1.394348 -3.628371
v -0.840572 1.370862 -3.635682
v -0.850623 1.372055 -3.625704
v -0.850623 1.394348 -3.628371
v -0.850623 1.370862 -3.635682
v -0.850623 1.393154 -3.638349
v -0.838673 1.351681 -3.633387
v -0.838673 1.352874 -3.623409
v -0.848724 1.351681 -3.633387
v -0.848724 1.352874 -3.623409
v -0.836572 1.332569 -3.630351
v -0.836572 1.333586 -3.621850
v -0.845134 1.332569 -3.630351
v -0.845134 1.333586 -3.621850
v -0.846349 1.370587 -3.637975
v -0.846349 1.392879 -3.640642
v -0.846349 1.372330 -3.623411
v -0.846349 1.394622 -3.626078
v -0.843577 1.351406 -3.635680
v -0.843577 1.353149 -3.621116
v -0.839676 1.332335 -3.632304
v -0.839676 1.333819 -3.619897
v -0.839014 1.371459 -3.630692
v -0.839014 1.393751 -3.633359
v -0.853684 1.371459 -3.630692
v -0.853684 1.393751 -3.633359
v -0.836242 1.352278 -3.628397
v -0.850913 1.352278 -3.628397
v -0.833427 1.333077 -3.626101
v -0.845926 1.333077 -3.626101
v -0.839574 1.331096 -3.625863
v -0.840572 1.377785 -3.642787
v -0.840572 1.376591 -3.652766
v -0.840572 1.391220 -3.654516
v -0.850623 1.377785 -3.642787
v -0.850623 1.392414 -3.644537
v -0.850623 1.376591 -3.652766
v -0.850623 1.391220 -3.654516
v -0.838673 1.362146 -3.651038
v -0.838673 1.363340 -3.641059
v -0.848724 1.362146 -3.651038
v -0.848724 1.363340 -3.641059
v -0.836572 1.344958 -3.648232
v -0.836572 1.345975 -3.639730
v -0.845134 1.344958 -3.648232
v -0.845134 1.345975 -3.639730
v -0.846349 1.376317 -3.655059
v -0.839014 1.391817 -3.649526
v -0.846349 1.378059 -3.640494
v -0.846349 1.392688 -3.642244
v -0.843577 1.361872 -3.653331
v -0.843577 1.363614 -3.638766
v -0.839676 1.344725 -3.650185
v -0.839676 1.346209 -3.637777
v -0.839014 1.377188 -3.647776
v -0.842946 1.399574 -3.658359
v -0.853684 1.377188 -3.647776
v -0.836242 1.362743 -3.646048
v -0.850913 1.362743 -3.646048
v -0.833427 1.345467 -3.643981
v -0.845926 1.345467 -3.643981
v -0.839574 1.343486 -3.643744
v -0.834594 1.400814 -3.647992
v -0.833877 1.404199 -3.622310
v -0.855794 1.400521 -3.650439
v -0.834594 1.407166 -3.594894
v -0.836446 1.398975 -3.627835
v -0.837225 1.400284 -3.616898
v -0.837583 1.402152 -3.599974
v -0.837583 1.396984 -3.643171
v -0.843658 1.407483 -3.592250
v -0.855794 1.413166 -3.598191
v -0.857006 1.403891 -3.622273
v -0.856400 1.408528 -3.610232
v -0.856400 1.402206 -3.636357
v -0.854739 1.405450 -3.599126
v -0.085042 1.517591 -3.640251
v -0.084468 1.520526 -3.615723
v -0.067735 1.522217 -3.606799
v -0.050679 1.521654 -3.611506
v -0.041556 1.518155 -3.640746
v -0.050679 1.515868 -3.659869
v -0.067735 1.514042 -3.669914
v -0.080079 1.515531 -3.657474
v -0.060010 1.855187 -3.684879
v -0.088104 1.861374 -3.621203
v -0.069850 1.824743 -3.608175
v -0.037425 1.817423 -3.681321
v -0.087144 1.848639 -3.728983
v -0.068890 1.810134 -3.731619
v -0.181516 1.841097 -3.733990
v -0.139854 1.842747 -3.749814
v -0.129697 1.803709 -3.755711
v -0.176946 1.802291 -3.737943
v -0.193818 1.855235 -3.619898
v -0.201710 1.844930 -3.684595
v -0.199770 1.807041 -3.680885
v -0.191878 1.818546 -3.606158
v -0.139379 1.860789 -3.607281
v -0.129222 1.824340 -3.592729
v -0.102638 1.513460 -3.642251
v -0.098230 1.518206 -3.607744
v -0.091926 1.481372 -3.638120
v -0.087455 1.485605 -3.607893
v -0.069986 1.523365 -3.590449
v -0.063089 1.490784 -3.590173
v -0.039197 1.524867 -3.600560
v -0.036060 1.492351 -3.599742
v -0.024178 1.520746 -3.642597
v -0.023053 1.488633 -3.638414
v -0.037267 1.516738 -3.672119
v -0.034130 1.484889 -3.665734
v -0.069634 1.511882 -3.683987
v -0.062738 1.480202 -3.676442
v -0.095579 1.511214 -3.665722
v -0.086152 1.479537 -3.658152
v -0.681609 0.913197 -3.738576
v -0.684287 0.991374 -3.726419
v -0.718256 0.917742 -3.674191
v -0.722867 0.994339 -3.675244
v -0.533500 0.917416 -3.673969
v -0.529331 0.994012 -3.675022
v -0.560565 0.913061 -3.737115
v -0.557725 0.991238 -3.724959
v -0.559197 0.928254 -3.585339
v -0.556357 1.002505 -3.606001
v -0.621928 0.910929 -3.774327
v -0.621867 0.990138 -3.753543
v -0.683380 0.928446 -3.584109
v -0.686058 1.002697 -3.604771
v -0.621930 0.933472 -3.551069
v -0.621870 1.008705 -3.563520
v -0.691135 0.509183 -3.549977
v -0.691135 0.564715 -3.580849
v -0.666476 0.526157 -3.471314
v -0.666476 0.579625 -3.519438
v -0.622295 0.494714 -3.618270
v -0.622295 0.550246 -3.649143
v -0.666443 0.498690 -3.594035
v -0.666443 0.554222 -3.624908
v -0.622292 0.532319 -3.448378
v -0.622292 0.585787 -3.496501
v -0.576838 0.499373 -3.592806
v -0.576838 0.554904 -3.623679
v -0.577228 0.525515 -3.472204
v -0.577228 0.578983 -3.520328
v -0.558239 0.509224 -3.549626
v -0.558239 0.564756 -3.580499
vt 0.500000 0.125000
vt 0.625000 0.250000
vt 0.625000 0.125000
vt 0.500000 0.875000
vt 0.625000 0.937500
vt 0.625000 0.875000
vt 0.500000 0.250000
vt 0.500000 0.375000
vt 0.625000 0.375000
vt 0.625000 0.312500
vt 0.375000 0.250000
vt 0.375000 0.375000
vt 0.375000 1.000000
vt 0.500000 1.000000
vt 0.500000 0.500000
vt 0.625000 0.500000
vt 0.625000 0.437500
vt 0.625000 0.750000
vt 0.562500 0.562500
vt 0.500000 0.625000
vt 0.500000 0.687500
vt 0.500000 0.750000
vt 0.562500 0.750000
vt 0.375000 0.625000
vt 0.375000 0.750000
vt 0.437500 0.500000
vt 0.437500 0.375000
vt 0.375000 0.500000
vt 0.625000 0.812500
vt 0.375000 0.875000
vt 0.500000 0.562500
vt 0.500000 0.593750
vt 0.687500 0.750000
vt 0.625000 0.625000
vt 0.687500 0.687500
vt 0.687500 0.625000
vt 0.250000 0.500000
vt 0.250000 0.750000
vt 0.553480 0.677839
vt 0.562500 0.375000
vt 0.562500 0.500000
vt 0.593750 0.875000
vt 0.750000 0.750000
vt 0.750000 0.625000
vt 0.437500 0.875000
vt 0.500000 0.812500
vt 0.531250 0.375000
vt 0.531250 0.500000
vt 0.531250 0.875000
vt 0.437500 0.812500
vt 0.437500 0.750000
vt 0.562500 0.875000
vt 0.544460 0.605677
vt 0.406250 0.375000
vt 0.750000 0.500000
vt 1.000000 0.500000
vt 0.875000 0.500000
vt 0.875000 1.000000
vt 1.000000 1.000000
vt 0.750000 1.000000
vt 0.625000 1.000000
vt 0.500000 0.437500
vt 0.437500 0.437500
vt 0.468750 0.375000
vt 0.375000 0.000000
vt 0.375000 0.125000
vt 0.500000 0.000000
vt 0.625000 0.000000
vt 0.687500 0.562500
vt 0.687500 0.500000
vt 0.531250 0.468750
vt 0.375000 0.812500
vt 0.500000 0.406250
vt 0.375000 0.437500
vt 0.468750 0.468750
vt 0.437500 0.406250
vt 0.375000 0.625000
vt 0.125000 0.625000
vt 0.125000 0.750000
vt 0.125000 0.500000
vt 0.625000 0.687500
vt 0.250000 0.625000
vt 0.625000 0.562500
vt 0.750000 0.687500
vt 0.375000 0.656250
vt 0.375000 0.687500
vt 0.445261 0.732435
vt 0.875000 0.750000
vt 0.875000 0.625000
vt 0.375000 0.500000
vt 0.375000 0.937500
vt 0.187500 0.750000
vt 0.187500 0.718750
vt 0.187500 0.500000
vt 0.125000 0.562500
vt 0.187500 0.625000
vt 0.125000 0.687500
vt 0.187500 0.687500
vt 0.375000 0.312500
vt 0.187500 0.625000
vt 0.375000 0.937500
vt 0.375000 0.625000
vt 0.562500 0.125000
vt 0.562500 0.250000
vt 0.593750 0.375000
vt 0.593750 0.500000
vt 0.593750 0.750000
vt 0.593750 0.625000
vt 0.531250 0.937500
vt 0.437500 1.000000
vt 0.578125 0.343750
vt 0.562500 0.000000
vt 0.437500 0.000000
vt 0.437500 0.125000
vt 0.437500 0.250000
vt 0.578125 0.906250
vt 0.531250 0.312500
vt 0.562500 1.000000
vt 0.531250 0.750000
vt 0.562500 0.625000
vt 0.562500 0.812500
vt 0.531250 0.812500
vt 0.375000 0.468750
vt 0.375000 0.484375
vt 0.375000 0.089844
vt 0.375000 0.093750
vt 0.375000 0.109375
vt 0.375000 0.117188
vt 0.375000 0.234375
vt 0.375000 0.617188
vt 0.375000 0.281250
vt 0.375000 0.156250
vt 0.375000 0.187500
vt 0.375000 0.218750
vt 0.375000 0.023438
vt 0.375000 0.031250
vt 0.375000 0.046875
vt 0.375000 0.062500
vt 0.375000 0.632812
vt 0.375000 0.562500
vt 0.375000 0.593750
vt 0.375000 0.609375
vt 0.500000 0.375000
vt 0.625000 0.375000
vt 0.375000 0.375000
vt 0.500000 0.875000
vt 0.625000 0.875000
vt 0.500000 0.500000
vt 0.625000 0.500000
vt 0.375000 0.750000
vt 0.375000 0.500000
vt 0.562500 0.750000
vt 0.625000 0.750000
vt 0.625000 0.625000
vt 0.625000 0.500000
vt 0.625000 0.375000
vt 0.625000 0.875000
vt 0.500000 0.875000
vt 0.437500 0.500000
vt 0.500000 0.625000
vt 0.500000 0.500000
vt 0.500000 0.750000
vt 0.500000 0.687500
vt 0.375000 0.375000
vt 0.375000 0.875000
vt 0.750000 0.500000
vt 0.500000 1.000000
vt 0.500000 0.375000
vt 0.437500 0.375000
vt 0.375000 0.875000
vt 0.625000 0.500000
vt 0.562500 0.500000
vt 0.375000 0.625000
vt 0.375000 0.750000
vt 0.625000 0.750000
vt 0.625000 0.625000
vt 0.375000 0.875000
vt 0.625000 0.875000
vt 0.625000 0.812500
vt 0.375000 0.500000
vt 0.500000 0.500000
vt 0.625000 0.375000
vt 0.500000 0.437500
vt 0.625000 0.437500
vt 0.437500 0.437500
vt 0.375000 0.375000
vt 0.437500 0.375000
vt 0.500000 0.375000
vt 0.625000 1.000000
vt 0.375000 0.125000
vt 0.375000 0.250000
vt 0.625000 0.250000
vt 0.625000 0.125000
vt 0.375000 0.375000
vt 0.375000 0.500000
vt 0.625000 0.500000
vt 0.625000 0.375000
vt 0.375000 0.625000
vt 0.375000 0.750000
vt 0.625000 0.750000
vt 0.625000 0.625000
vt 0.375000 0.875000
vt 0.375000 1.000000
vt 0.625000 1.000000
vt 0.625000 0.875000
vt 0.375000 0.875000
vt 0.375000 1.000000
vt 0.375000 0.625000
vt 0.375000 0.750000
vt 0.375000 0.000000
vt 0.625000 0.000000
vt 0.375000 0.375000
vt 0.375000 0.375000
vt 0.375000 0.500000
vt 0.375000 0.500000
vt 0.375000 0.000000
vt 0.375000 0.000000
vt 0.375000 0.125000
vt 0.375000 0.125000
vt 0.375000 0.125000
vt 0.375000 0.250000
vt 0.375000 0.375000
vt 0.375000 0.000000
vt 0.375000 0.500000
vt 0.375000 0.500000
vt 0.375000 0.625000
vt 0.375000 0.625000
vt 0.375000 0.125000
vt 0.375000 0.250000
vt 0.375000 0.250000
vt 0.375000 0.750000
vt 0.375000 0.750000
vt 0.375000 0.875000
vt 0.375000 0.875000
vt 0.375000 0.250000
vt 0.375000 1.000000
vt 0.375000 1.000000
vt 0.375000 0.250000
vt 0.375000 0.375000
vt 0.375000 0.375000
vt 0.375000 0.750000
vt 0.375000 0.750000
vt 0.375000 0.875000
vt 0.375000 0.875000
vt 0.375000 0.000000
vt 0.375000 1.000000
vt 0.375000 0.500000
vt 0.375000 0.500000
vt 0.375000 0.625000
vt 0.375000 0.625000
vt 0.375000 0.125000
vt 0.375000 0.125000
vt 0.375000 0.250000
vt 0.375000 1.000000
vt 0.375000 0.000000
vt 0.375000 0.625000
vt 0.375000 0.750000
vt 0.375000 0.750000
vt 0.375000 0.375000
vt 0.375000 0.375000
vt 0.375000 0.500000
vt 0.375000 0.000000
vt 0.375000 0.875000
vt 0.375000 1.000000
vt 0.250000 0.750000
vt 0.250000 0.500000
vt 0.375000 0.875000
vt 0.375000 0.250000
vt 0.375000 1.000000
vt 0.375000 0.125000
vt 0.375000 0.000000
vt 0.500000 0.375000
vt 0.500000 0.500000
vt 0.625000 0.500000
vt 0.625000 0.375000
vt 0.500000 0.625000
vt 0.625000 0.625000
vt 0.250000 0.750000
vt 0.375000 0.750000
vt 0.375000 0.625000
vt 0.250000 0.500000
vt 0.375000 0.500000
vt 0.625000 0.750000
vt 0.750000 0.750000
vt 0.375000 0.875000
vt 0.625000 0.875000
vt 0.625000 0.500000
vt 0.500000 0.500000
vt 0.500000 0.625000
vt 0.625000 0.625000
vt 0.625000 0.687500
vt 0.375000 0.625000
vt 0.375000 0.750000
vt 0.375000 0.500000
vt 0.625000 0.562500
vt 0.625000 0.750000
vt 0.750000 0.625000
vt 0.500000 0.562500
vt 0.375000 0.375000
vt 0.500000 0.562500
vt 0.500000 0.375000
vt 0.500000 0.500000
vt 0.625000 0.500000
vt 0.625000 0.375000
vt 0.500000 0.625000
vt 0.625000 0.750000
vt 0.625000 0.625000
vt 0.500000 0.875000
vt 0.500000 1.000000
vt 0.625000 1.000000
vt 0.625000 0.875000
vt 0.375000 0.625000
vt 0.375000 0.625000
vt 0.375000 0.750000
vt 0.375000 0.750000
vt 0.750000 0.625000
vt 0.875000 0.500000
vt 0.375000 0.500000
vt 0.375000 0.875000
vt 0.375000 0.875000
vt 0.750000 0.500000
vt 0.750000 0.750000
vt 0.500000 0.750000
vt 0.500000 0.250000
vt 0.625000 0.250000
vt 0.375000 0.250000
vt 0.375000 0.750000
vt 0.375000 0.875000
vt 0.375000 0.500000
vt 0.375000 0.625000
vt 0.375000 1.000000
vt 0.375000 0.375000
vt 0.125000 0.750000
vt 0.125000 0.625000
vt 0.125000 0.500000
vt 0.375000 0.750000
vt 0.375000 0.875000
vt 0.375000 0.375000
vt 0.375000 0.375000
vt 0.375000 0.500000
vt 0.375000 0.625000
vt 0.187500 0.750000
vt 0.187500 0.750000
vt 0.187500 0.625000
vt 0.187500 0.625000
vt 0.375000 0.937500
vt 0.375000 0.937500
vt 0.375000 0.312500
vt 0.375000 0.375000
vt 0.187500 0.625000
vt 0.187500 0.500000
vt 0.187500 0.500000
vt 0.187500 0.625000
vt 0.187500 0.500000
vt 0.375000 0.375000
vt 0.375000 0.500000
vt 0.375000 0.312500
vt 0.187500 0.750000
vt 0.187500 0.687500
vt 0.187500 0.687500
vt 0.375000 0.625000
vt 0.375000 0.500000
vt 0.375000 0.312500
vt 0.375000 0.375000
vt 0.375000 0.375000
vt 0.187500 0.500000
vt 0.375000 0.312500
vt 0.187500 0.500000
vt 0.375000 0.312500
vt 0.375000 0.937500
vt 0.375000 0.500000
vt 0.375000 0.625000
vt 0.187500 0.750000
vt 0.187500 0.625000
vt 0.375000 0.750000
vt 0.375000 0.875000
vt 0.375000 0.312500
vt 0.375000 0.375000
vt 0.187500 0.500000
vt 0.375000 0.937500
vt 0.187500 0.625000
vt 0.187500 0.500000
vt 0.187500 0.500000
vt 0.375000 0.875000
vt 0.375000 0.875000
vt 0.375000 0.937500
vt 0.375000 0.750000
vt 0.375000 0.750000
vt 0.375000 0.375000
vt 0.375000 0.375000
vt 0.375000 0.500000
vt 0.375000 0.500000
vt 0.187500 0.750000
vt 0.187500 0.750000
vt 0.375000 0.312500
vt 0.375000 0.312500
vt 0.375000 0.625000
vt 0.625000 0.250000
vt 0.625000 0.125000
vt 0.625000 0.500000
vt 0.625000 0.375000
vt 0.625000 0.750000
vt 0.625000 0.625000
vt 0.500000 1.000000
vt 0.375000 0.750000
vt 0.375000 0.875000
vt 0.375000 0.875000
vt 0.593750 0.875000
vt 0.625000 0.875000
vt 0.625000 0.000000
vt 0.500000 0.125000
vt 0.500000 0.000000
vt 0.500000 0.250000
vt 0.375000 0.125000
vt 0.375000 0.250000
vt 0.375000 0.000000
vt 0.500000 0.875000
vt 0.375000 1.000000
vt 0.500000 0.375000
vt 0.375000 0.375000
vt 0.500000 0.500000
vt 0.562500 0.500000
vt 0.562500 0.375000
vt 0.562500 0.750000
vt 0.562500 0.750000
vt 0.562500 0.875000
vt 0.500000 0.750000
vt 0.500000 0.625000
vt 0.375000 0.500000
vt 0.375000 0.625000
vt 0.562500 0.812500
vt 0.562500 0.875000
vt 0.562500 0.875000
vt 0.500000 0.875000
vt 0.500000 0.812500
vt 0.500000 0.750000
vt 0.562500 0.812500
vt 0.562500 0.875000
vt 0.531250 0.875000
vt 0.531250 0.875000
vt 0.500000 0.875000
vt 0.500000 0.812500
vt 0.500000 0.812500
vt 0.500000 0.875000
vt 0.500000 0.875000
vt 0.562500 0.750000
vt 0.562500 0.750000
vt 0.500000 0.812500
vt 0.500000 0.750000
vt 0.500000 0.750000
vt 0.500000 0.812500
vt 0.500000 0.750000
vt 0.500000 0.875000
vt 0.500000 0.875000
vt 0.500000 0.750000
vt 0.500000 0.812500
vt 0.500000 0.750000
vt 0.531250 0.750000
vt 0.562500 0.812500
vt 0.625000 1.000000
vt 0.375000 0.437500
vt 0.375000 0.312500
vt 0.375000 0.375000
vt 0.375000 0.375000
vt 0.375000 0.656250
vt 0.375000 0.750000
vt 0.375000 0.750000
vt 0.375000 0.750000
vt 0.375000 0.250000
vt 0.375000 0.250000
vt 0.375000 0.625000
vt 0.375000 0.625000
vt 0.375000 0.125000
vt 0.375000 0.250000
vt 0.625000 0.250000
vt 0.625000 0.125000
vt 0.375000 0.375000
vt 0.375000 0.500000
vt 0.625000 0.500000
vt 0.625000 0.375000
vt 0.375000 0.625000
vt 0.375000 0.750000
vt 0.625000 0.750000
vt 0.625000 0.625000
vt 0.375000 0.875000
vt 0.375000 0.875000
vt 0.375000 1.000000
vt 0.375000 1.000000
vt 0.375000 0.625000
vt 0.375000 0.625000
vt 0.375000 0.750000
vt 0.375000 0.750000
vt 0.375000 0.375000
vt 0.375000 0.500000
vt 0.375000 0.125000
vt 0.375000 0.250000
vt 0.250000 0.625000
vt 0.375000 0.125000
vt 0.375000 0.250000
vt 0.375000 0.875000
vt 0.375000 1.000000
vt 0.375000 0.375000
vt 0.375000 0.500000
vt 0.125000 0.750000
vt 0.250000 0.750000
vt 0.125000 0.500000
vt 0.250000 0.500000
vt 0.375000 0.000000
vt 0.375000 0.000000
vt 0.375000 0.000000
vt 0.625000 0.000000
vt 0.125000 0.625000
vt 0.375000 0.125000
vt 0.375000 0.250000
vt 0.625000 0.250000
vt 0.625000 0.125000
vt 0.375000 0.375000
vt 0.375000 0.500000
vt 0.625000 0.500000
vt 0.625000 0.375000
vt 0.375000 0.625000
vt 0.375000 0.750000
vt 0.625000 0.750000
vt 0.625000 0.625000
vt 0.375000 0.875000
vt 0.375000 1.000000
vt 0.625000 1.000000
vt 0.625000 0.875000
vt 0.375000 0.875000
vt 0.375000 1.000000
vt 0.375000 0.625000
vt 0.375000 0.625000
vt 0.375000 0.750000
vt 0.375000 0.750000
vt 0.375000 0.375000
vt 0.375000 0.500000
vt 0.375000 0.125000
vt 0.375000 0.250000
vt 0.250000 0.625000
vt 0.375000 0.125000
vt 0.375000 0.250000
vt 0.375000 0.875000
vt 0.375000 1.000000
vt 0.375000 0.375000
vt 0.375000 0.500000
vt 0.125000 0.750000
vt 0.250000 0.750000
vt 0.125000 0.500000
vt 0.250000 0.500000
vt 0.375000 0.000000
vt 0.375000 0.000000
vt 0.375000 0.000000
vt 0.625000 0.000000
vt 0.125000 0.625000
vt 0.375000 0.125000
vt 0.375000 0.250000
vt 0.625000 0.250000
vt 0.625000 0.125000
vt 0.375000 0.375000
vt 0.375000 0.500000
vt 0.625000 0.500000
vt 0.625000 0.375000
vt 0.375000 0.625000
vt 0.375000 0.750000
vt 0.625000 0.750000
vt 0.625000 0.625000
vt 0.375000 0.875000
vt 0.375000 1.000000
vt 0.625000 1.000000
vt 0.625000 0.875000
vt 0.375000 0.875000
vt 0.375000 1.000000
vt 0.375000 0.625000
vt 0.375000 0.625000
vt 0.375000 0.750000
vt 0.375000 0.750000
vt 0.375000 0.375000
vt 0.375000 0.500000
vt 0.375000 0.125000
vt 0.375000 0.250000
vt 0.250000 0.625000
vt 0.375000 0.125000
vt 0.375000 0.250000
vt 0.375000 0.875000
vt 0.375000 1.000000
vt 0.375000 0.375000
vt 0.375000 0.500000
vt 0.125000 0.750000
vt 0.250000 0.750000
vt 0.125000 0.500000
vt 0.250000 0.500000
vt 0.375000 0.000000
vt 0.375000 0.000000
vt 0.375000 0.000000
vt 0.625000 0.000000
vt 0.125000 0.625000
vt 0.375000 0.125000
vt 0.375000 0.250000
vt 0.625000 0.250000
vt 0.625000 0.125000
vt 0.375000 0.375000
vt 0.375000 0.500000
vt 0.625000 0.500000
vt 0.625000 0.375000
vt 0.375000 0.625000
vt 0.375000 0.750000
vt 0.625000 0.750000
vt 0.625000 0.625000
vt 0.375000 0.875000
vt 0.375000 1.000000
vt 0.625000 1.000000
vt 0.625000 0.875000
vt 0.375000 0.875000
vt 0.375000 1.000000
vt 0.375000 0.625000
vt 0.375000 0.625000
vt 0.375000 0.750000
vt 0.375000 0.750000
vt 0.375000 0.375000
vt 0.375000 0.500000
vt 0.375000 0.125000
vt 0.375000 0.250000
vt 0.250000 0.625000
vt 0.375000 0.125000
vt 0.375000 0.250000
vt 0.375000 0.875000
vt 0.375000 1.000000
vt 0.375000 0.375000
vt 0.375000 0.500000
vt 0.125000 0.750000
vt 0.250000 0.750000
vt 0.125000 0.500000
vt 0.250000 0.500000
vt 0.375000 0.000000
vt 0.375000 0.000000
vt 0.375000 0.000000
vt 0.625000 0.000000
vt 0.125000 0.625000
vt 0.625000 1.000000
vt 0.625000 0.937500
vt 0.625000 0.875000
vt 0.375000 0.156250
vt 0.375000 0.125000
vt 0.375000 0.125000
vt 0.375000 0.000000
vt 0.375000 0.000000
vt 0.375000 0.937500
vt 0.375000 1.000000
vt 0.375000 1.000000
vt 0.375000 0.687500
vt 0.375000 0.632812
vt 0.375000 0.500000
vt 0.375000 0.500000
vt 0.375000 0.562500
vt 0.500000 0.125000
vt 0.625000 0.125000
vt 0.625000 0.250000
vt 0.625000 0.937500
vt 0.500000 0.250000
vt 0.625000 0.312500
vt 0.375000 0.250000
vt 0.500000 1.000000
vt 0.375000 1.000000
vt 0.625000 0.437500
vt 0.625000 0.500000
vt 0.500000 0.500000
vt 0.625000 0.750000
vt 0.562500 0.750000
vt 0.500000 0.750000
vt 0.500000 0.687500
vt 0.500000 0.625000
vt 0.562500 0.562500
vt 0.375000 0.625000
vt 0.375000 0.750000
vt 0.437500 0.500000
vt 0.375000 0.500000
vt 0.625000 0.812500
vt 0.500000 0.593750
vt 0.500000 0.562500
vt 0.687500 0.750000
vt 0.625000 0.500000
vt 0.625000 0.625000
vt 0.687500 0.625000
vt 0.687500 0.687500
vt 0.375000 0.500000
vt 0.375000 0.750000
vt 0.553480 0.677839
vt 0.625000 0.625000
vt 0.625000 0.750000
vt 0.562500 0.750000
vt 0.625000 0.500000
vt 0.562500 0.500000
vt 0.500000 0.812500
vt 0.437500 0.500000
vt 0.500000 0.500000
vt 0.500000 0.625000
vt 0.531250 0.500000
vt 0.437500 0.750000
vt 0.437500 0.812500
vt 0.500000 0.750000
vt 0.500000 0.687500
vt 0.544460 0.605677
vt 0.406250 0.375000
vt 0.875000 1.000000
vt 0.875000 0.500000
vt 0.750000 1.000000
vt 0.750000 0.500000
vt 0.625000 1.000000
vt 0.500000 0.437500
vt 0.437500 0.437500
vt 0.437500 0.375000
vt 0.375000 0.000000
vt 0.500000 0.000000
vt 0.375000 0.125000
vt 0.625000 0.000000
vt 0.687500 0.500000
vt 0.687500 0.562500
vt 0.625000 0.500000
vt 0.562500 0.500000
vt 0.531250 0.468750
vt 0.375000 0.625000
vt 0.625000 0.625000
vt 0.625000 0.750000
vt 0.375000 0.750000
vt 0.375000 0.812500
vt 0.625000 0.812500
vt 0.375000 0.500000
vt 0.500000 0.500000
vt 0.625000 0.437500
vt 0.500000 0.437500
vt 0.500000 0.406250
vt 0.437500 0.437500
vt 0.468750 0.468750
vt 0.375000 0.437500
vt 0.437500 0.406250
vt 0.625000 1.000000
vt 0.375000 0.125000
vt 0.375000 0.250000
vt 0.375000 0.375000
vt 0.625000 0.375000
vt 0.625000 0.500000
vt 0.375000 0.500000
vt 0.375000 0.625000
vt 0.625000 0.625000
vt 0.625000 0.750000
vt 0.375000 0.750000
vt 0.375000 0.875000
vt 0.625000 0.875000
vt 0.375000 1.000000
vt 0.375000 1.000000
vt 0.375000 0.875000
vt 0.375000 0.750000
vt 0.375000 0.625000
vt 0.375000 0.000000
vt 0.375000 0.375000
vt 0.375000 0.500000
vt 0.375000 0.500000
vt 0.375000 0.375000
vt 0.375000 0.000000
vt 0.375000 0.125000
vt 0.375000 0.125000
vt 0.375000 0.000000
vt 0.375000 0.250000
vt 0.375000 0.125000
vt 0.375000 0.375000
vt 0.375000 0.000000
vt 0.375000 0.500000
vt 0.375000 0.625000
vt 0.375000 0.625000
vt 0.375000 0.500000
vt 0.375000 0.250000
vt 0.375000 0.250000
vt 0.375000 0.125000
vt 0.375000 0.625000
vt 0.375000 0.750000
vt 0.375000 0.750000
vt 0.375000 0.875000
vt 0.375000 0.875000
vt 0.375000 0.250000
vt 0.375000 1.000000
vt 0.375000 1.000000
vt 0.375000 0.375000
vt 0.375000 0.375000
vt 0.375000 0.250000
vt 0.375000 0.750000
vt 0.375000 0.875000
vt 0.375000 0.875000
vt 0.375000 0.750000
vt 0.375000 0.000000
vt 0.375000 1.000000
vt 0.375000 0.500000
vt 0.375000 0.625000
vt 0.375000 0.625000
vt 0.375000 0.500000
vt 0.375000 0.125000
vt 0.375000 0.250000
vt 0.375000 0.125000
vt 0.375000 1.000000
vt 0.375000 0.000000
vt 0.375000 0.750000
vt 0.375000 0.750000
vt 0.375000 0.625000
vt 0.375000 0.375000
vt 0.375000 0.500000
vt 0.375000 0.375000
vt 0.375000 0.000000
vt 0.375000 0.875000
vt 0.375000 1.000000
vt 0.125000 0.625000
vt 0.250000 0.750000
vt 0.125000 0.750000
vt 0.125000 0.500000
vt 0.250000 0.500000
vt 0.375000 0.875000
vt 0.375000 0.250000
vt 0.375000 1.000000
vt 0.375000 0.125000
vt 0.375000 0.000000
vt 0.500000 0.375000
vt 0.625000 0.375000
vt 0.625000 0.500000
vt 0.500000 0.500000
vt 0.500000 0.625000
vt 0.625000 0.625000
vt 0.625000 0.687500
vt 0.250000 0.625000
vt 0.375000 0.625000
vt 0.375000 0.750000
vt 0.250000 0.750000
vt 0.250000 0.500000
vt 0.375000 0.500000
vt 0.625000 0.562500
vt 0.750000 0.687500
vt 0.750000 0.750000
vt 0.625000 0.750000
vt 0.625000 0.875000
vt 0.375000 0.875000
vt 0.500000 0.500000
vt 0.625000 0.500000
vt 0.500000 0.625000
vt 0.625000 0.687500
vt 0.625000 0.625000
vt 0.375000 0.750000
vt 0.375000 0.687500
vt 0.375000 0.656250
vt 0.375000 0.625000
vt 0.375000 0.500000
vt 0.625000 0.562500
vt 0.625000 0.750000
vt 0.750000 0.625000
vt 0.500000 0.562500
vt 0.375000 0.375000
vt 0.500000 0.562500
vt 0.445261 0.732435
vt 0.500000 0.375000
vt 0.625000 0.375000
vt 0.625000 0.500000
vt 0.500000 0.500000
vt 0.500000 0.625000
vt 0.625000 0.625000
vt 0.625000 0.750000
vt 0.500000 0.875000
vt 0.625000 0.875000
vt 0.625000 1.000000
vt 0.500000 1.000000
vt 0.375000 0.625000
vt 0.375000 0.750000
vt 0.375000 0.750000
vt 0.375000 0.625000
vt 0.750000 0.625000
vt 0.875000 0.625000
vt 0.875000 0.750000
vt 0.875000 0.500000
vt 0.375000 0.500000
vt 0.375000 0.500000
vt 0.375000 0.875000
vt 0.375000 0.875000
vt 0.750000 0.500000
vt 0.750000 0.750000
vt 0.500000 0.750000
vt 0.500000 0.250000
vt 0.625000 0.250000
vt 0.375000 0.250000
vt 0.375000 0.750000
vt 0.375000 0.875000
vt 0.375000 0.500000
vt 0.375000 0.625000
vt 0.375000 1.000000
vt 0.375000 0.937500
vt 0.375000 0.375000
vt 0.125000 0.750000
vt 0.187500 0.718750
vt 0.187500 0.750000
vt 0.187500 0.500000
vt 0.187500 0.625000
vt 0.125000 0.625000
vt 0.125000 0.562500
vt 0.125000 0.500000
vt 0.187500 0.687500
vt 0.125000 0.687500
vt 0.375000 0.875000
vt 0.375000 0.750000
vt 0.375000 0.375000
vt 0.375000 0.500000
vt 0.375000 0.375000
vt 0.375000 0.625000
vt 0.187500 0.750000
vt 0.187500 0.625000
vt 0.187500 0.625000
vt 0.187500 0.750000
vt 0.375000 0.937500
vt 0.375000 0.937500
vt 0.375000 0.312500
vt 0.375000 0.375000
vt 0.375000 0.312500
vt 0.187500 0.625000
vt 0.187500 0.500000
vt 0.187500 0.500000
vt 0.187500 0.625000
vt 0.187500 0.500000
vt 0.375000 0.375000
vt 0.375000 0.500000
vt 0.375000 0.312500
vt 0.187500 0.750000
vt 0.187500 0.687500
vt 0.187500 0.687500
vt 0.375000 0.625000
vt 0.375000 0.500000
vt 0.375000 0.312500
vt 0.375000 0.375000
vt 0.375000 0.375000
vt 0.187500 0.500000
vt 0.375000 0.312500
vt 0.187500 0.500000
vt 0.375000 0.312500
vt 0.375000 0.937500
vt 0.375000 0.625000
vt 0.375000 0.500000
vt 0.187500 0.625000
vt 0.187500 0.750000
vt 0.375000 0.875000
vt 0.375000 0.750000
vt 0.375000 0.375000
vt 0.375000 0.312500
vt 0.187500 0.500000
vt 0.375000 0.937500
vt 0.187500 0.625000
vt 0.187500 0.500000
vt 0.187500 0.500000
vt 0.187500 0.625000
vt 0.375000 0.875000
vt 0.375000 0.937500
vt 0.375000 0.937500
vt 0.375000 0.875000
vt 0.375000 0.750000
vt 0.375000 0.750000
vt 0.375000 0.375000
vt 0.375000 0.500000
vt 0.375000 0.500000
vt 0.375000 0.375000
vt 0.187500 0.750000
vt 0.187500 0.750000
vt 0.375000 0.312500
vt 0.375000 0.312500
vt 0.375000 0.625000
vt 0.375000 0.625000
vt 0.562500 0.125000
vt 0.625000 0.125000
vt 0.625000 0.250000
vt 0.562500 0.250000
vt 0.593750 0.375000
vt 0.625000 0.375000
vt 0.625000 0.500000
vt 0.593750 0.500000
vt 0.593750 0.750000
vt 0.593750 0.625000
vt 0.625000 0.625000
vt 0.625000 0.750000
vt 0.531250 0.937500
vt 0.500000 1.000000
vt 0.437500 1.000000
vt 0.375000 0.750000
vt 0.375000 0.875000
vt 0.375000 0.875000
vt 0.593750 0.875000
vt 0.625000 0.875000
vt 0.578125 0.343750
vt 0.562500 0.000000
vt 0.625000 0.000000
vt 0.437500 0.000000
vt 0.500000 0.000000
vt 0.500000 0.125000
vt 0.437500 0.125000
vt 0.500000 0.250000
vt 0.437500 0.250000
vt 0.375000 0.125000
vt 0.375000 0.250000
vt 0.375000 0.000000
vt 0.578125 0.906250
vt 0.531250 0.312500
vt 0.562500 1.000000
vt 0.500000 0.875000
vt 0.375000 1.000000
vt 0.500000 0.375000
vt 0.375000 0.375000
vt 0.500000 0.500000
vt 0.562500 0.375000
vt 0.562500 0.500000
vt 0.562500 0.750000
vt 0.562500 0.750000
vt 0.531250 0.750000
vt 0.562500 0.875000
vt 0.500000 0.750000
vt 0.500000 0.625000
vt 0.562500 0.625000
vt 0.375000 0.500000
vt 0.375000 0.625000
vt 0.562500 0.812500
vt 0.562500 0.875000
vt 0.562500 0.875000
vt 0.562500 0.812500
vt 0.500000 0.750000
vt 0.500000 0.812500
vt 0.500000 0.875000
vt 0.562500 0.875000
vt 0.562500 0.812500
vt 0.531250 0.875000
vt 0.531250 0.812500
vt 0.531250 0.875000
vt 0.500000 0.875000
vt 0.500000 0.812500
vt 0.500000 0.875000
vt 0.500000 0.875000
vt 0.500000 0.812500
vt 0.562500 0.750000
vt 0.562500 0.750000
vt 0.500000 0.812500
vt 0.500000 0.750000
vt 0.500000 0.750000
vt 0.500000 0.812500
vt 0.500000 0.750000
vt 0.500000 0.875000
vt 0.500000 0.875000
vt 0.500000 0.750000
vt 0.500000 0.812500
vt 0.500000 0.750000
vt 0.531250 0.750000
vt 0.562500 0.812500
vt 0.625000 1.000000
vt 0.375000 0.437500
vt 0.375000 0.484375
vt 0.375000 0.468750
vt 0.375000 0.312500
vt 0.375000 0.375000
vt 0.375000 0.375000
vt 0.375000 0.656250
vt 0.375000 0.750000
vt 0.375000 0.750000
vt 0.375000 0.750000
vt 0.375000 0.089844
vt 0.375000 0.117188
vt 0.375000 0.109375
vt 0.375000 0.093750
vt 0.375000 0.234375
vt 0.375000 0.250000
vt 0.375000 0.250000
vt 0.375000 0.617188
vt 0.375000 0.625000
vt 0.375000 0.625000
vt 0.375000 0.125000
vt 0.625000 0.125000
vt 0.625000 0.250000
vt 0.375000 0.250000
vt 0.375000 0.375000
vt 0.625000 0.375000
vt 0.625000 0.500000
vt 0.375000 0.500000
vt 0.375000 0.625000
vt 0.625000 0.625000
vt 0.625000 0.750000
vt 0.375000 0.750000
vt 0.375000 0.281250
vt 0.375000 0.875000
vt 0.375000 1.000000
vt 0.375000 1.000000
vt 0.375000 0.875000
vt 0.375000 0.625000
vt 0.375000 0.750000
vt 0.375000 0.750000
vt 0.375000 0.625000
vt 0.375000 0.500000
vt 0.375000 0.375000
vt 0.375000 0.250000
vt 0.375000 0.125000
vt 0.250000 0.625000
vt 0.375000 0.250000
vt 0.375000 0.125000
vt 0.375000 1.000000
vt 0.375000 0.875000
vt 0.375000 0.500000
vt 0.375000 0.375000
vt 0.250000 0.750000
vt 0.125000 0.750000
vt 0.125000 0.500000
vt 0.250000 0.500000
vt 0.375000 0.000000
vt 0.375000 0.000000
vt 0.375000 0.000000
vt 0.625000 0.000000
vt 0.125000 0.625000
vt 0.375000 0.125000
vt 0.625000 0.125000
vt 0.625000 0.250000
vt 0.375000 0.250000
vt 0.375000 0.375000
vt 0.625000 0.375000
vt 0.625000 0.500000
vt 0.375000 0.500000
vt 0.375000 0.625000
vt 0.625000 0.625000
vt 0.625000 0.750000
vt 0.375000 0.750000
vt 0.375000 0.875000
vt 0.625000 0.875000
vt 0.625000 1.000000
vt 0.375000 1.000000
vt 0.375000 1.000000
vt 0.375000 0.875000
vt 0.375000 0.625000
vt 0.375000 0.750000
vt 0.375000 0.750000
vt 0.375000 0.625000
vt 0.375000 0.500000
vt 0.375000 0.375000
vt 0.375000 0.250000
vt 0.375000 0.125000
vt 0.250000 0.625000
vt 0.375000 0.250000
vt 0.375000 0.125000
vt 0.375000 1.000000
vt 0.375000 0.875000
vt 0.375000 0.500000
vt 0.375000 0.375000
vt 0.250000 0.750000
vt 0.125000 0.750000
vt 0.125000 0.500000
vt 0.250000 0.500000
vt 0.375000 0.000000
vt 0.375000 0.000000
vt 0.375000 0.000000
vt 0.625000 0.000000
vt 0.125000 0.625000
vt 0.375000 0.125000
vt 0.625000 0.125000
vt 0.625000 0.250000
vt 0.375000 0.250000
vt 0.375000 0.375000
vt 0.625000 0.375000
vt 0.625000 0.500000
vt 0.375000 0.500000
vt 0.375000 0.625000
vt 0.625000 0.625000
vt 0.625000 0.750000
vt 0.375000 0.750000
vt 0.375000 0.875000
vt 0.625000 0.875000
vt 0.625000 1.000000
vt 0.375000 1.000000
vt 0.375000 1.000000
vt 0.375000 0.875000
vt 0.375000 0.625000
vt 0.375000 0.750000
vt 0.375000 0.750000
vt 0.375000 0.625000
vt 0.375000 0.500000
vt 0.375000 0.375000
vt 0.375000 0.250000
vt 0.375000 0.125000
vt 0.250000 0.625000
vt 0.375000 0.250000
vt 0.375000 0.125000
vt 0.375000 1.000000
vt 0.375000 0.875000
vt 0.375000 0.500000
vt 0.375000 0.375000
vt 0.250000 0.750000
vt 0.125000 0.750000
vt 0.125000 0.500000
vt 0.250000 0.500000
vt 0.375000 0.000000
vt 0.375000 0.000000
vt 0.375000 0.000000
vt 0.625000 0.000000
vt 0.125000 0.625000
vt 0.375000 0.125000
vt 0.625000 0.125000
vt 0.625000 0.250000
vt 0.375000 0.250000
vt 0.375000 0.375000
vt 0.625000 0.375000
vt 0.625000 0.500000
vt 0.375000 0.500000
vt 0.375000 0.625000
vt 0.625000 0.625000
vt 0.625000 0.750000
vt 0.375000 0.750000
vt 0.375000 0.875000
vt 0.625000 0.875000
vt 0.625000 1.000000
vt 0.375000 1.000000
vt 0.375000 1.000000
vt 0.375000 0.875000
vt 0.375000 0.625000
vt 0.375000 0.750000
vt 0.375000 0.750000
vt 0.375000 0.625000
vt 0.375000 0.500000
vt 0.375000 0.375000
vt 0.375000 0.250000
vt 0.375000 0.125000
vt 0.250000 0.625000
vt 0.375000 0.250000
vt 0.375000 0.125000
vt 0.375000 1.000000
vt 0.375000 0.875000
vt 0.375000 0.500000
vt 0.375000 0.375000
vt 0.250000 0.750000
vt 0.125000 0.750000
vt 0.125000 0.500000
vt 0.250000 0.500000
vt 0.375000 0.000000
vt 0.375000 0.000000
vt 0.375000 0.000000
vt 0.625000 0.000000
vt 0.125000 0.625000
vt 0.625000 0.937500
vt 0.625000 1.000000
vt 0.625000 0.875000
vt 0.375000 0.156250
vt 0.375000 0.187500
vt 0.375000 0.156250
vt 0.375000 0.218750
vt 0.375000 0.125000
vt 0.375000 0.125000
vt 0.375000 0.023438
vt 0.375000 0.046875
vt 0.375000 0.031250
vt 0.375000 0.062500
vt 0.375000 0.000000
vt 0.375000 0.000000
vt 0.375000 1.000000
vt 0.375000 1.000000
vt 0.375000 0.937500
vt 0.375000 0.687500
vt 0.375000 0.632812
vt 0.375000 0.632812
vt 0.375000 0.500000
vt 0.375000 0.562500
vt 0.375000 0.500000
vt 0.375000 0.562500
vt 0.375000 0.609375
vt 0.375000 0.593750
vt 0.187500 0.625000
vt 0.187500 0.750000
vt 0.375000 0.937500
vt 0.375000 0.875000
vt 0.375000 0.750000
vt 0.375000 0.625000
vt 0.375000 0.500000
vt 0.375000 0.375000
vt 0.375000 0.312500
vt 0.187500 0.500000
vt 0.375000 0.625000
vt 0.375000 0.750000
vt 0.375000 0.750000
vt 0.375000 0.625000
vt 0.375000 0.500000
vt 0.375000 0.500000
vt 0.375000 0.312500
vt 0.375000 0.375000
vt 0.375000 0.375000
vt 0.375000 0.312500
vt 0.187500 0.750000
vt 0.187500 0.625000
vt 0.187500 0.625000
vt 0.187500 0.750000
vt 0.375000 0.875000
vt 0.375000 0.875000
vt 0.375000 0.937500
vt 0.375000 0.937500
vt 0.187500 0.500000
vt 0.187500 0.500000
vt 0.187500 0.750000
vt 0.187500 0.625000
vt 0.187500 0.625000
vt 0.187500 0.750000
vt 0.375000 0.875000
vt 0.375000 0.937500
vt 0.375000 0.937500
vt 0.375000 0.875000
vt 0.375000 0.750000
vt 0.375000 0.750000
vt 0.375000 0.625000
vt 0.375000 0.625000
vt 0.375000 0.500000
vt 0.375000 0.500000
vt 0.375000 0.375000
vt 0.375000 0.375000
vt 0.375000 0.312500
vt 0.375000 0.312500
vt 0.187500 0.500000
vt 0.187500 0.500000
vt 0.375000 0.500000
vt 0.375000 0.625000
vt 0.375000 0.625000
vt 0.375000 0.500000
vt 0.375000 0.125000
vt 0.375000 0.250000
vt 0.375000 0.250000
vt 0.375000 0.125000
vt 0.375000 0.000000
vt 0.375000 0.000000
vt 0.375000 0.375000
vt 0.375000 0.375000
vt 0.375000 0.750000
vt 0.375000 0.750000
vt 0.375000 0.875000
vt 0.375000 0.875000
vt 0.375000 1.000000
vt 0.375000 1.000000
vt 0.375000 0.625000
vt 0.375000 0.750000
vt 0.375000 0.750000
vt 0.375000 0.625000
vt 0.375000 0.375000
vt 0.375000 0.500000
vt 0.375000 0.500000
vt 0.375000 0.375000
vt 0.375000 0.875000
vt 0.375000 0.875000
vt 0.375000 0.250000
vt 0.375000 0.250000
vt 0.375000 1.000000
vt 0.375000 1.000000
vt 0.375000 0.125000
vt 0.375000 0.125000
vt 0.375000 0.000000
vt 0.375000 0.000000
vn 0.864448 0.183795 0.467919
vn 0.864448 0.183795 0.467919
vn 0.922258 0.023800 0.385841
vn 0.922258 0.023800 0.385841
vn 0.274249 -0.014428 -0.961550
vn 0.274249 -0.014428 -0.961550
vn 0.274249 -0.014428 -0.961550
vn 0.339265 0.094746 0.935907
vn 0.339265 0.094746 0.935907
vn 0.339265 0.094746 0.935907
vn 0.339265 0.094746 0.935907
vn 0.339265 0.094746 0.935907
vn 0.304268 -0.010529 0.952528
vn 0.304268 -0.010529 0.952528
vn 0.304268 -0.010529 0.952528
vn 0.304268 -0.010529 0.952528
vn 0.197677 -0.580085 -0.790206
vn 0.197677 -0.580085 -0.790206
vn 0.197677 -0.580085 -0.790206
vn 0.858090 -0.334877 0.389280
vn 0.858090 -0.334877 0.389280
vn 0.963355 0.202569 -0.175822
vn 0.963355 0.202569 -0.175822
vn 0.106580 0.377584 -0.919821
vn 0.106580 0.377584 -0.919821
vn 0.106580 0.377584 -0.919821
vn 0.106580 0.377584 -0.919821
vn 0.106580 0.377584 -0.919821
vn 0.975591 0.202225 0.085598
vn 0.975591 0.202225 0.085598
vn 0.975591 0.202225 0.085598
vn 0.975591 0.202225 0.085598
vn 0.975591 0.202225 0.085598
vn 0.975591 0.202225 0.085598
vn 0.948377 -0.292471 -0.122644
vn 0.948377 -0.292471 -0.122644
vn 0.948377 -0.292471 -0.122644
vn 0.948377 -0.292471 -0.122644
vn 0.948377 -0.292471 -0.122644
vn 0.035496 -0.427157 -0.903481
vn 0.035496 -0.427157 -0.903481
vn 0.035496 -0.427157 -0.903481
vn 0.035496 -0.427157 -0.903481
vn 0.221561 0.560724 0.797809
vn 0.221561 0.560724 0.797809
vn 0.221561 0.560724 0.797809
vn 0.221561 0.560724 0.797809
vn 0.221561 0.560724 0.797809
vn 0.221561 0.560724 0.797809
vn 0.360838 -0.141593 0.921817
vn 0.360838 -0.141593 0.921817
vn 0.360838 -0.141593 0.921817
vn 0.360838 -0.141593 0.921817
vn 0.900613 -0.109253 -0.420667
vn 0.900613 -0.109253 -0.420667
vn 0.900613 -0.109253 -0.420667
vn 0.900613 -0.109253 -0.420667
vn 0.900613 -0.109253 -0.420667
vn 0.900613 -0.109253 -0.420667
vn 0.908944 -0.261722 -0.324536
vn 0.908944 -0.261722 -0.324536
vn 0.908944 -0.261722 -0.324536
vn 0.908944 -0.261722 -0.324536
vn 0.908944 -0.261722 -0.324536
vn 0.908944 -0.261722 -0.324536
vn 0.908944 -0.261722 -0.324536
vn -0.002999 0.950274 0.311401
vn -0.002999 0.950274 0.311401
vn -0.002999 0.950274 0.311401
vn -0.002999 0.950274 0.311401
vn 0.967328 0.195930 0.160896
vn 0.967328 0.195930 0.160896
vn 0.967328 0.195930 0.160896
vn 0.967328 0.195930 0.160896
vn 0.183670 0.920933 0.343727
vn 0.183670 0.920933 0.343727
vn 0.183670 0.920933 0.343727
vn 0.183670 0.920933 0.343727
vn 0.346947 -0.921221 -0.176012
vn 0.346947 -0.921221 -0.176012
vn 0.346947 -0.921221 -0.176012
vn 0.346947 -0.921221 -0.176012
vn 0.796627 0.603076 0.041057
vn 0.796627 0.603076 0.041057
vn 0.796627 0.603076 0.041057
vn 0.796627 0.603076 0.041057
vn 0.261471 0.706621 -0.657511
vn 0.261471 0.706621 -0.657511
vn 0.261471 0.706621 -0.657511
vn 0.261471 0.706621 -0.657511
vn 0.243976 0.710021 0.660565
vn 0.243976 0.710021 0.660565
vn 0.243976 0.710021 0.660565
vn 0.377865 0.923949 0.059474
vn 0.377865 0.923949 0.059474
vn 0.377865 0.923949 0.059474
vn 0.377865 0.923949 0.059474
vn 0.543649 -0.521723 0.657458
vn 0.543649 -0.521723 0.657458
vn 0.543649 -0.521723 0.657458
vn 0.888590 -0.450129 -0.088273
vn 0.888590 -0.450129 -0.088273
vn 0.888590 -0.450129 -0.088273
vn 0.504746 0.121747 -0.854640
vn 0.504746 0.121747 -0.854640
vn 0.504746 0.121747 -0.854640
vn 0.504746 0.121747 -0.854640
vn 0.648144 0.371133 0.664959
vn 0.648144 0.371133 0.664959
vn 0.648144 0.371133 0.664959
vn 0.535131 -0.128326 0.834965
vn 0.535131 -0.128326 0.834965
vn 0.535131 -0.128326 0.834965
vn 0.480636 0.118254 0.868910
vn 0.480636 0.118254 0.868910
vn 0.480636 0.118254 0.868910
vn 0.480636 0.118254 0.868910
vn 0.486865 -0.428665 0.761057
vn 0.486865 -0.428665 0.761057
vn 0.486865 -0.428665 0.761057
vn 0.844825 -0.504701 0.177616
vn 0.844825 -0.504701 0.177616
vn 0.844825 -0.504701 0.177616
vn 0.979631 -0.055481 0.192989
vn 0.979631 -0.055481 0.192989
vn 0.979631 -0.055481 0.192989
vn 0.979631 -0.055481 0.192989
vn 0.979573 -0.127396 -0.155587
vn 0.979573 -0.127396 -0.155587
vn 0.979573 -0.127396 -0.155587
vn 0.979573 -0.127396 -0.155587
vn 0.803643 0.405115 -0.435936
vn 0.803643 0.405115 -0.435936
vn 0.803643 0.405115 -0.435936
vn 0.803643 0.405115 -0.435936
vn 0.589230 0.364635 0.721006
vn 0.589230 0.364635 0.721006
vn 0.589230 0.364635 0.721006
vn 0.412962 0.500732 0.760743
vn 0.412962 0.500732 0.760743
vn 0.412962 0.500732 0.760743
vn 0.412962 0.500732 0.760743
vn 0.289244 -0.905386 -0.310828
vn 0.289244 -0.905386 -0.310828
vn 0.289244 -0.905386 -0.310828
vn 0.883745 -0.457088 -0.100325
vn 0.883745 -0.457088 -0.100325
vn 0.883745 -0.457088 -0.100325
vn 0.883745 -0.457088 -0.100325
vn 0.988683 -0.147387 -0.027996
vn 0.988683 -0.147387 -0.027996
vn 0.988683 -0.147387 -0.027996
vn 0.988683 -0.147387 -0.027996
vn 0.316652 0.948145 -0.027424
vn 0.316652 0.948145 -0.027424
vn 0.316652 0.948145 -0.027424
vn 0.316652 0.948145 -0.027424
vn 0.824382 0.565581 -0.022640
vn 0.824382 0.565581 -0.022640
vn 0.824382 0.565581 -0.022640
vn 0.824382 0.565581 -0.022640
vn 0.852188 -0.500476 0.152643
vn 0.852188 -0.500476 0.152643
vn 0.852188 -0.500476 0.152643
vn 0.852188 -0.500476 0.152643
vn 0.604368 -0.126988 0.786520
vn 0.604368 -0.126988 0.786520
vn 0.604368 -0.126988 0.786520
vn 0.604368 -0.126988 0.786520
vn 0.496156 -0.152252 0.854780
vn 0.496156 -0.152252 0.854780
vn 0.496156 -0.152252 0.854780
vn 0.496156 -0.152252 0.854780
vn 0.285562 0.264973 -0.921002
vn 0.285562 0.264973 -0.921002
vn 0.285562 0.264973 -0.921002
vn 0.285562 0.264973 -0.921002
vn 0.927886 0.093086 -0.361057
vn 0.927886 0.093086 -0.361057
vn 0.927886 0.093086 -0.361057
vn 0.927886 0.093086 -0.361057
vn 0.927113 -0.101275 0.360839
vn 0.927113 -0.101275 0.360839
vn 0.927113 -0.101275 0.360839
vn 0.927113 -0.101275 0.360839
vn 0.414370 -0.270829 0.868878
vn 0.414370 -0.270829 0.868878
vn 0.414370 -0.270829 0.868878
vn 0.414370 -0.270829 0.868878
vn 0.134979 0.986448 0.093278
vn 0.134979 0.986448 0.093278
vn 0.134979 0.986448 0.093278
vn 0.134979 0.986448 0.093278
vn 0.481438 -0.255602 -0.838382
vn 0.481438 -0.255602 -0.838382
vn 0.481438 -0.255602 -0.838382
vn 0.481438 -0.255602 -0.838382
vn 0.481438 -0.255602 -0.838382
vn 0.338481 -0.790408 -0.510574
vn 0.338481 -0.790408 -0.510574
vn 0.338481 -0.790408 -0.510574
vn 0.338481 -0.790408 -0.510574
vn 0.260865 -0.833385 -0.487256
vn 0.260865 -0.833385 -0.487256
vn 0.260865 -0.833385 -0.487256
vn 0.260865 -0.833385 -0.487256
vn 0.456362 -0.777538 -0.432630
vn 0.456362 -0.777538 -0.432630
vn 0.456362 -0.777538 -0.432630
vn 0.456362 -0.777538 -0.432630
vn 0.301370 -0.807485 -0.507094
vn 0.301370 -0.807485 -0.507094
vn 0.301370 -0.807485 -0.507094
vn 0.965505 -0.011279 -0.260140
vn 0.965505 -0.011279 -0.260140
vn 0.965505 -0.011279 -0.260140
vn 0.965505 -0.011279 -0.260140
vn 0.987511 0.025211 -0.155519
vn 0.987511 0.025211 -0.155519
vn 0.871705 0.296060 -0.390485
vn 0.871705 0.296060 -0.390485
vn 0.294970 0.943874 0.148640
vn 0.294970 0.943874 0.148640
vn 0.294970 0.943874 0.148640
vn 0.294970 0.943874 0.148640
vn 0.317559 0.924963 0.208806
vn 0.317559 0.924963 0.208806
vn 0.317559 0.924963 0.208806
vn 0.317559 0.924963 0.208806
vn -0.013398 -0.430843 -0.902327
vn -0.013398 -0.430843 -0.902327
vn -0.013398 -0.430843 -0.902327
vn 0.089190 -0.222210 -0.970911
vn 0.089190 -0.222210 -0.970911
vn 0.089190 -0.222210 -0.970911
vn 0.089190 -0.222210 -0.970911
vn 0.427548 0.467078 -0.773977
vn 0.427548 0.467078 -0.773977
vn 0.427548 0.467078 -0.773977
vn 0.861534 0.331722 0.384343
vn 0.861534 0.331722 0.384343
vn 0.861534 0.331722 0.384343
vn 0.861534 0.331722 0.384343
vn 0.904703 0.351921 -0.240133
vn 0.904703 0.351921 -0.240133
vn 0.904703 0.351921 -0.240133
vn 0.904703 0.351921 -0.240133
vn 0.904703 0.351921 -0.240133
vn 0.904703 0.351921 -0.240133
vn 0.103683 0.514189 -0.851387
vn 0.103683 0.514189 -0.851387
vn 0.103683 0.514189 -0.851387
vn 0.103683 0.514189 -0.851387
vn 0.375263 -0.278888 -0.883968
vn 0.375263 -0.278888 -0.883968
vn 0.375263 -0.278888 -0.883968
vn -0.879423 0.027444 -0.475249
vn -0.879423 0.027444 -0.475249
vn -0.879423 0.027444 -0.475249
vn -0.819080 0.083384 -0.567587
vn -0.819080 0.083384 -0.567587
vn -0.819080 0.083384 -0.567587
vn -0.819080 0.083384 -0.567587
vn 0.084489 0.148000 -0.985372
vn 0.084489 0.148000 -0.985372
vn 0.084489 0.148000 -0.985372
vn 0.084489 0.148000 -0.985372
vn -0.759364 0.115573 -0.640320
vn -0.759364 0.115573 -0.640320
vn -0.759364 0.115573 -0.640320
vn 0.665036 0.292884 -0.686984
vn 0.665036 0.292884 -0.686984
vn 0.665036 0.292884 -0.686984
vn 0.665036 0.292884 -0.686984
vn 0.138081 -0.389624 -0.910564
vn 0.138081 -0.389624 -0.910564
vn 0.138081 -0.389624 -0.910564
vn 0.774062 0.270126 -0.572591
vn 0.774062 0.270126 -0.572591
vn 0.774062 0.270126 -0.572591
vn 0.258666 0.208332 -0.943234
vn 0.258666 0.208332 -0.943234
vn 0.258666 0.208332 -0.943234
vn 0.258666 0.208332 -0.943234
vn 0.276162 0.603744 -0.747815
vn 0.276162 0.603744 -0.747815
vn 0.276162 0.603744 -0.747815
vn 0.186277 0.547477 -0.815824
vn 0.186277 0.547477 -0.815824
vn 0.186277 0.547477 -0.815824
vn 0.118587 -0.364696 -0.923544
vn 0.118587 -0.364696 -0.923544
vn 0.118587 -0.364696 -0.923544
vn 0.350468 -0.274326 -0.895498
vn 0.350468 -0.274326 -0.895498
vn 0.350468 -0.274326 -0.895498
vn 0.223176 -0.068690 -0.972355
vn 0.223176 -0.068690 -0.972355
vn 0.223176 -0.068690 -0.972355
vn 0.279476 -0.100142 -0.954916
vn 0.279476 -0.100142 -0.954916
vn 0.279476 -0.100142 -0.954916
vn 0.348852 0.229267 0.908702
vn 0.348852 0.229267 0.908702
vn 0.348852 0.229267 0.908702
vn 0.348852 0.229267 0.908702
vn -0.947646 -0.291898 -0.129473
vn -0.947646 -0.291898 -0.129473
vn -0.947646 -0.291898 -0.129473
vn -0.947646 -0.291898 -0.129473
vn 0.424872 -0.187044 -0.885719
vn 0.424872 -0.187044 -0.885719
vn 0.424872 -0.187044 -0.885719
vn 0.424872 -0.187044 -0.885719
vn 0.910990 0.013055 0.412221
vn 0.910990 0.013055 0.412221
vn 0.910990 0.013055 0.412221
vn 0.910990 0.013055 0.412221
vn -0.193973 -0.168389 0.966447
vn -0.193973 -0.168389 0.966447
vn -0.193973 -0.168389 0.966447
vn -0.193973 -0.168389 0.966447
vn -0.601935 -0.398861 0.691798
vn -0.601935 -0.398861 0.691798
vn -0.601935 -0.398861 0.691798
vn -0.601935 -0.398861 0.691798
vn 0.886686 -0.084413 0.454601
vn 0.886686 -0.084413 0.454601
vn 0.886686 -0.084413 0.454601
vn 0.886686 -0.084413 0.454601
vn 0.923541 -0.080419 -0.374973
vn 0.923541 -0.080419 -0.374973
vn 0.923541 -0.080419 -0.374973
vn 0.923541 -0.080419 -0.374973
vn -0.943587 -0.291558 0.156961
vn -0.943587 -0.291558 0.156961
vn -0.943587 -0.291558 0.156961
vn -0.943587 -0.291558 0.156961
vn -0.095884 -0.300255 -0.949027
vn -0.095884 -0.300255 -0.949027
vn -0.095884 -0.300255 -0.949027
vn -0.095884 -0.300255 -0.949027
vn 0.543543 0.034467 0.838673
vn 0.543543 0.034467 0.838673
vn 0.543543 0.034467 0.838673
vn 0.543543 0.034467 0.838673
vn 0.429542 0.208090 -0.878745
vn 0.429542 0.208090 -0.878745
vn 0.429542 0.208090 -0.878745
vn 0.429542 0.208090 -0.878745
vn -0.886878 -0.225423 0.403276
vn -0.886878 -0.225423 0.403276
vn -0.886878 -0.225423 0.403276
vn -0.886878 -0.225423 0.403276
vn -0.888200 -0.139890 -0.437644
vn -0.888200 -0.139890 -0.437644
vn -0.888200 -0.139890 -0.437644
vn -0.888200 -0.139890 -0.437644
vn 0.656042 -0.228802 0.719207
vn 0.656042 -0.228802 0.719207
vn 0.656042 -0.228802 0.719207
vn 0.656042 -0.228802 0.719207
vn -0.522552 -0.035340 -0.851875
vn -0.522552 -0.035340 -0.851875
vn -0.522552 -0.035340 -0.851875
vn -0.522552 -0.035340 -0.851875
vn -0.887408 -0.308326 0.342698
vn -0.887408 -0.308326 0.342698
vn -0.887408 -0.308326 0.342698
vn -0.887408 -0.308326 0.342698
vn 0.516057 0.122681 -0.847723
vn 0.516057 0.122681 -0.847723
vn 0.516057 0.122681 -0.847723
vn 0.516057 0.122681 -0.847723
vn 0.785867 0.142239 -0.601814
vn 0.785867 0.142239 -0.601814
vn 0.785867 0.142239 -0.601814
vn 0.785867 0.142239 -0.601814
vn 0.796123 0.005865 -0.605107
vn 0.796123 0.005865 -0.605107
vn 0.796123 0.005865 -0.605107
vn 0.796123 0.005865 -0.605107
vn -0.886821 -0.007035 -0.462059
vn -0.886821 -0.007035 -0.462059
vn -0.886821 -0.007035 -0.462059
vn -0.886821 -0.007035 -0.462059
vn 0.850107 -0.014381 0.526413
vn 0.850107 -0.014381 0.526413
vn 0.850107 -0.014381 0.526413
vn 0.850107 -0.014381 0.526413
vn 0.600955 -0.102680 0.792660
vn 0.600955 -0.102680 0.792660
vn 0.600955 -0.102680 0.792660
vn 0.600955 -0.102680 0.792660
vn -0.437964 0.091830 -0.894290
vn -0.437964 0.091830 -0.894290
vn -0.437964 0.091830 -0.894290
vn -0.437964 0.091830 -0.894290
vn -0.568872 -0.259043 0.780565
vn -0.568872 -0.259043 0.780565
vn -0.568872 -0.259043 0.780565
vn -0.568872 -0.259043 0.780565
vn -0.847488 -0.036960 -0.529526
vn -0.847488 -0.036960 -0.529526
vn -0.847488 -0.036960 -0.529526
vn -0.847488 -0.036960 -0.529526
vn 0.709255 0.205263 -0.674407
vn 0.709255 0.205263 -0.674407
vn 0.709255 0.205263 -0.674407
vn 0.709255 0.205263 -0.674407
vn -0.589227 -0.170721 -0.789725
vn -0.589227 -0.170721 -0.789725
vn -0.589227 -0.170721 -0.789725
vn -0.589227 -0.170721 -0.789725
vn 0.548052 0.020873 0.836184
vn 0.548052 0.020873 0.836184
vn 0.548052 0.020873 0.836184
vn 0.548052 0.020873 0.836184
vn -0.943537 0.003869 0.331245
vn -0.943537 0.003869 0.331245
vn -0.943537 0.003869 0.331245
vn -0.943537 0.003869 0.331245
vn 0.502521 0.169074 -0.847872
vn 0.502521 0.169074 -0.847872
vn 0.502521 0.169074 -0.847872
vn 0.502521 0.169074 -0.847872
vn 0.891172 0.022180 0.453123
vn 0.891172 0.022180 0.453123
vn 0.891172 0.022180 0.453123
vn 0.891172 0.022180 0.453123
vn 0.577046 0.166953 0.799465
vn 0.577046 0.166953 0.799465
vn 0.577046 0.166953 0.799465
vn 0.577046 0.166953 0.799465
vn -0.497167 0.168920 -0.851053
vn -0.497167 0.168920 -0.851053
vn -0.497167 0.168920 -0.851053
vn -0.497167 0.168920 -0.851053
vn -0.571553 0.166922 0.803408
vn -0.571553 0.166922 0.803408
vn -0.571553 0.166922 0.803408
vn -0.571553 0.166922 0.803408
vn 0.729754 0.232387 -0.643005
vn 0.729754 0.232387 -0.643005
vn 0.729754 0.232387 -0.643005
vn 0.729754 0.232387 -0.643005
vn -0.864663 0.009713 -0.502258
vn -0.864663 0.009713 -0.502258
vn -0.864663 0.009713 -0.502258
vn -0.864663 0.009713 -0.502258
vn -0.607849 -0.219732 0.763045
vn -0.607849 -0.219732 0.763045
vn -0.607849 -0.219732 0.763045
vn -0.607849 -0.219732 0.763045
vn -0.472443 0.032811 -0.880750
vn -0.472443 0.032811 -0.880750
vn -0.472443 0.032811 -0.880750
vn -0.472443 0.032811 -0.880750
vn 0.637476 -0.056844 0.768370
vn 0.637476 -0.056844 0.768370
vn 0.637476 -0.056844 0.768370
vn 0.637476 -0.056844 0.768370
vn 0.870152 0.103862 0.481714
vn 0.870152 0.103862 0.481714
vn 0.870152 0.103862 0.481714
vn 0.870152 0.103862 0.481714
vn -0.920508 -0.115607 0.373229
vn -0.920508 -0.115607 0.373229
vn -0.920508 -0.115607 0.373229
vn -0.920508 -0.115607 0.373229
vn 0.465957 0.156368 -0.870881
vn 0.465957 0.156368 -0.870881
vn 0.465957 0.156368 -0.870881
vn 0.465957 0.156368 -0.870881
vn 0.842253 -0.221083 -0.491662
vn 0.842253 -0.221083 -0.491662
vn 0.842253 -0.221083 -0.491662
vn 0.842253 -0.221083 -0.491662
vn -0.913833 -0.177550 -0.365220
vn -0.913833 -0.177550 -0.365220
vn -0.913833 -0.177550 -0.365220
vn -0.913833 -0.177550 -0.365220
vn -0.542446 0.019501 0.839864
vn -0.542446 0.019501 0.839864
vn -0.542446 0.019501 0.839864
vn -0.542446 0.019501 0.839864
vn -0.916567 -0.130823 -0.377876
vn -0.916567 -0.130823 -0.377876
vn -0.916567 -0.130823 -0.377876
vn -0.916567 -0.130823 -0.377876
vn 0.846678 -0.148070 -0.511089
vn 0.846678 -0.148070 -0.511089
vn 0.846678 -0.148070 -0.511089
vn 0.846678 -0.148070 -0.511089
vn -0.957789 -0.050038 0.283084
vn -0.957789 -0.050038 0.283084
vn -0.957789 -0.050038 0.283084
vn -0.957789 -0.050038 0.283084
vn 0.594918 -0.168257 -0.785979
vn 0.594918 -0.168257 -0.785979
vn 0.594918 -0.168257 -0.785979
vn 0.594918 -0.168257 -0.785979
vn 0.919289 -0.039880 0.391559
vn 0.919289 -0.039880 0.391559
vn 0.919289 -0.039880 0.391559
vn 0.919289 -0.039880 0.391559
vn 0.925476 0.222328 0.306699
vn 0.925476 0.222328 0.306699
vn 0.925476 0.222328 0.306699
vn 0.925476 0.222328 0.306699
vn 0.564733 -0.401027 -0.721286
vn 0.564733 -0.401027 -0.721286
vn 0.564733 -0.401027 -0.721286
vn 0.564733 -0.401027 -0.721286
vn -0.962261 0.031233 0.270331
vn -0.962261 0.031233 0.270331
vn -0.962261 0.031233 0.270331
vn -0.962261 0.031233 0.270331
vn 0.587351 -0.312700 -0.746483
vn 0.587351 -0.312700 -0.746483
vn 0.587351 -0.312700 -0.746483
vn 0.587351 -0.312700 -0.746483
vn 0.924649 0.062271 0.375695
vn 0.924649 0.062271 0.375695
vn 0.924649 0.062271 0.375695
vn 0.924649 0.062271 0.375695
vn 0.553517 0.184676 0.812104
vn 0.553517 0.184676 0.812104
vn 0.553517 0.184676 0.812104
vn 0.553517 0.184676 0.812104
vn -0.581638 -0.315218 -0.749890
vn -0.581638 -0.315218 -0.749890
vn -0.581638 -0.315218 -0.749890
vn -0.581638 -0.315218 -0.749890
vn -0.547953 0.184531 0.815902
vn -0.547953 0.184531 0.815902
vn -0.547953 0.184531 0.815902
vn -0.547953 0.184531 0.815902
vn 0.000000 -0.992920 0.118789
vn 0.000000 -0.992920 0.118789
vn 0.000000 -0.992920 0.118789
vn 0.000000 -0.992920 0.118789
vn 0.000000 -0.992920 0.118789
vn 0.000000 -0.992920 0.118789
vn 0.000000 -0.992920 0.118789
vn 0.000000 -0.992920 0.118789
vn 0.000000 -0.992920 0.118789
vn 0.000000 -0.992920 0.118789
vn 0.471858 0.589846 0.655310
vn 0.471858 0.589846 0.655310
vn 0.471858 0.589846 0.655310
vn 0.471858 0.589846 0.655310
vn -0.559150 -0.402844 -0.724616
vn -0.559150 -0.402844 -0.724616
vn -0.559150 -0.402844 -0.724616
vn -0.559150 -0.402844 -0.724616
vn -0.466531 0.591685 0.657463
vn -0.466531 0.591685 0.657463
vn -0.466531 0.591685 0.657463
vn -0.466531 0.591685 0.657463
vn -0.907409 -0.204201 -0.367302
vn -0.907409 -0.204201 -0.367302
vn -0.907409 -0.204201 -0.367302
vn -0.907409 -0.204201 -0.367302
vn 0.829352 -0.271450 -0.488355
vn 0.829352 -0.271450 -0.488355
vn 0.829352 -0.271450 -0.488355
vn 0.829352 -0.271450 -0.488355
vn -0.962592 0.159005 0.219396
vn -0.962592 0.159005 0.219396
vn -0.962592 0.159005 0.219396
vn -0.962592 0.159005 0.219396
vn 0.521960 0.129790 -0.843038
vn 0.521960 0.129790 -0.843038
vn 0.521960 0.129790 -0.843038
vn 0.521960 0.129790 -0.843038
vn 0.764920 0.584827 0.269952
vn 0.764920 0.584827 0.269952
vn 0.764920 0.584827 0.269952
vn 0.000000 -0.992920 0.118789
vn 0.000000 -0.992920 0.118789
vn 0.000000 -0.992920 0.118789
vn 0.000000 -0.992920 0.118789
vn 0.000000 -0.992920 0.118789
vn 0.000000 -0.992920 0.118789
vn 0.000000 -0.992920 0.118789
vn 0.000000 -0.992920 0.118789
vn 0.797235 0.575833 0.181195
vn 0.797235 0.575833 0.181195
vn 0.797235 0.575833 0.181195
vn 0.357371 0.909178 0.213732
vn 0.357371 0.909178 0.213732
vn 0.357371 0.909178 0.213732
vn 0.357371 0.909178 0.213732
vn 0.754236 0.257771 0.603890
vn 0.754236 0.257771 0.603890
vn 0.754236 0.257771 0.603890
vn 0.754236 0.257771 0.603890
vn -0.526742 0.051582 -0.848459
vn -0.526742 0.051582 -0.848459
vn -0.526742 0.051582 -0.848459
vn -0.526742 0.051582 -0.848459
vn -0.955205 0.292647 0.044060
vn -0.955205 0.292647 0.044060
vn -0.955205 0.292647 0.044060
vn 0.000000 -0.992920 0.118789
vn 0.000000 -0.992920 0.118789
vn 0.000000 -0.992920 0.118789
vn 0.000000 -0.992920 0.118789
vn 0.000000 -0.992920 0.118789
vn 0.000000 -0.992920 0.118789
vn 0.000000 -0.992920 0.118789
vn 0.000000 -0.992920 0.118789
vn 0.000000 -0.992920 0.118789
vn 0.000000 -0.992920 0.118789
vn -0.931586 0.325475 0.161908
vn -0.931586 0.325475 0.161908
vn -0.931586 0.325475 0.161908
vn -0.250464 0.939301 0.234480
vn -0.250464 0.939301 0.234480
vn -0.250464 0.939301 0.234480
vn -0.250464 0.939301 0.234480
vn -0.547341 0.323487 0.771864
vn -0.547341 0.323487 0.771864
vn -0.547341 0.323487 0.771864
vn -0.547341 0.323487 0.771864
vn -0.373943 0.819811 0.433679
vn -0.373943 0.819811 0.433679
vn -0.373943 0.819811 0.433679
vn -0.373943 0.819811 0.433679
vn 0.421040 0.809040 0.410097
vn 0.421040 0.809040 0.410097
vn 0.421040 0.809040 0.410097
vn 0.421040 0.809040 0.410097
vn -0.997753 -0.022674 0.063045
vn -0.997753 -0.022674 0.063045
vn -0.997753 -0.022674 0.063045
vn -0.520128 -0.177596 -0.835420
vn -0.520128 -0.177596 -0.835420
vn -0.520128 -0.177596 -0.835420
vn -0.520128 -0.177596 -0.835420
vn 0.948295 0.292926 0.122190
vn 0.948295 0.292926 0.122190
vn 0.948295 0.292926 0.122190
vn 0.556662 -0.131966 -0.820190
vn 0.556662 -0.131966 -0.820190
vn 0.556662 -0.131966 -0.820190
vn 0.556662 -0.131966 -0.820190
vn 0.588907 0.791695 0.162501
vn 0.588907 0.791695 0.162501
vn 0.588907 0.791695 0.162501
vn -0.587373 0.771262 0.245250
vn -0.587373 0.771262 0.245250
vn -0.587373 0.771262 0.245250
vn 0.860450 0.238527 -0.450256
vn 0.860450 0.238527 -0.450256
vn 0.860450 0.238527 -0.450256
vn 0.860450 0.238527 -0.450256
vn -0.966848 0.092293 -0.238092
vn -0.966848 0.092293 -0.238092
vn -0.966848 0.092293 -0.238092
vn -0.966848 0.092293 -0.238092
vn 0.889773 0.446591 0.094132
vn 0.889773 0.446591 0.094132
vn 0.889773 0.446591 0.094132
vn -0.992053 0.117106 0.046020
vn -0.992053 0.117106 0.046020
vn -0.992053 0.117106 0.046020
vn -0.908521 0.124281 0.398928
vn -0.908521 0.124281 0.398928
vn -0.908521 0.124281 0.398928
vn -0.995752 -0.022143 0.089371
vn -0.995752 -0.022143 0.089371
vn -0.995752 -0.022143 0.089371
vn 0.924869 -0.005806 -0.380243
vn 0.924869 -0.005806 -0.380243
vn 0.924869 -0.005806 -0.380243
vn 0.967363 -0.118362 -0.224050
vn 0.967363 -0.118362 -0.224050
vn 0.967363 -0.118362 -0.224050
vn -0.986915 0.092042 -0.132390
vn -0.986915 0.092042 -0.132390
vn -0.986915 0.092042 -0.132390
vn -0.997926 -0.030272 0.056807
vn -0.997926 -0.030272 0.056807
vn -0.997926 -0.030272 0.056807
vn 0.942758 0.279424 0.182016
vn 0.942758 0.279424 0.182016
vn 0.942758 0.279424 0.182016
vn 0.942758 0.279424 0.182016
vn -0.963444 0.213866 -0.161358
vn -0.963444 0.213866 -0.161358
vn -0.963444 0.213866 -0.161358
vn -0.959816 0.215394 -0.179884
vn -0.959816 0.215394 -0.179884
vn -0.959816 0.215394 -0.179884
vn -0.946126 0.323199 -0.019729
vn -0.946126 0.323199 -0.019729
vn -0.946126 0.323199 -0.019729
vn -0.707328 0.379913 0.596115
vn -0.707328 0.379913 0.596115
vn -0.707328 0.379913 0.596115
vn 0.454937 0.326811 -0.828388
vn 0.454937 0.326811 -0.828388
vn 0.454937 0.326811 -0.828388
vn 0.454937 0.326811 -0.828388
vn 0.878190 0.406728 0.251706
vn 0.878190 0.406728 0.251706
vn 0.878190 0.406728 0.251706
vn 0.010499 0.649154 0.760585
vn 0.010499 0.649154 0.760585
vn 0.010499 0.649154 0.760585
vn 0.010499 0.649154 0.760585
vn 0.898652 0.316988 0.303221
vn 0.898652 0.316988 0.303221
vn 0.898652 0.316988 0.303221
vn 0.898652 0.316988 0.303221
vn 0.042292 0.982106 0.183521
vn 0.042292 0.982106 0.183521
vn 0.042292 0.982106 0.183521
vn 0.042292 0.982106 0.183521
vn 0.042292 0.982106 0.183521
vn 0.042292 0.982106 0.183521
vn 0.811037 0.199293 -0.550001
vn 0.811037 0.199293 -0.550001
vn 0.811037 0.199293 -0.550001
vn 0.811037 0.199293 -0.550001
vn 0.887874 0.344215 -0.305279
vn 0.887874 0.344215 -0.305279
vn 0.887874 0.344215 -0.305279
vn 0.251366 -0.016761 0.967747
vn 0.251366 -0.016761 0.967747
vn 0.251366 -0.016761 0.967747
vn 0.251366 -0.016761 0.967747
vn 0.190670 0.856978 -0.478783
vn 0.190670 0.856978 -0.478783
vn 0.190670 0.856978 -0.478783
vn 0.100885 0.979405 0.174894
vn 0.100885 0.979405 0.174894
vn 0.100885 0.979405 0.174894
vn 0.248365 0.722376 0.645359
vn 0.248365 0.722376 0.645359
vn 0.248365 0.722376 0.645359
vn 0.248365 0.722376 0.645359
vn 0.434467 0.261909 -0.861767
vn 0.434467 0.261909 -0.861767
vn 0.434467 0.261909 -0.861767
vn 0.577028 -0.648741 -0.496159
vn 0.577028 -0.648741 -0.496159
vn 0.577028 -0.648741 -0.496159
vn 0.251775 0.077141 0.964706
vn 0.251775 0.077141 0.964706
vn 0.251775 0.077141 0.964706
vn 0.251775 0.077141 0.964706
vn 0.865411 0.187361 -0.464714
vn 0.865411 0.187361 -0.464714
vn 0.865411 0.187361 -0.464714
vn 0.865411 0.187361 -0.464714
vn 0.138383 -0.065580 0.988205
vn 0.138383 -0.065580 0.988205
vn 0.138383 -0.065580 0.988205
vn 0.138383 -0.065580 0.988205
vn 0.138383 -0.065580 0.988205
vn 0.913182 0.239214 0.329963
vn 0.913182 0.239214 0.329963
vn 0.913182 0.239214 0.329963
vn 0.913182 0.239214 0.329963
vn 0.390151 -0.036046 -0.920045
vn 0.390151 -0.036046 -0.920045
vn 0.390151 -0.036046 -0.920045
vn 0.390151 -0.036046 -0.920045
vn 0.589719 0.625907 -0.510365
vn 0.589719 0.625907 -0.510365
vn 0.589719 0.625907 -0.510365
vn 0.850356 0.144225 -0.506058
vn 0.850356 0.144225 -0.506058
vn 0.850356 0.144225 -0.506058
vn 0.878076 0.429539 0.210898
vn 0.878076 0.429539 0.210898
vn 0.878076 0.429539 0.210898
vn 0.014698 0.987812 0.154959
vn 0.014698 0.987812 0.154959
vn 0.014698 0.987812 0.154959
vn 0.327355 0.378113 -0.865950
vn 0.327355 0.378113 -0.865950
vn 0.327355 0.378113 -0.865950
vn 0.059093 -0.828056 0.557522
vn 0.059093 -0.828056 0.557522
vn 0.059093 -0.828056 0.557522
vn -0.866181 -0.486984 0.112149
vn -0.866181 -0.486984 0.112149
vn -0.866181 -0.486984 0.112149
vn -0.866181 -0.486984 0.112149
vn -0.795962 -0.587857 0.144461
vn -0.795962 -0.587857 0.144461
vn -0.795962 -0.587857 0.144461
vn -0.944998 -0.326928 -0.009841
vn -0.944998 -0.326928 -0.009841
vn -0.944998 -0.326928 -0.009841
vn -0.944998 -0.326928 -0.009841
vn 0.168473 -0.318747 0.932747
vn 0.168473 -0.318747 0.932747
vn 0.168473 -0.318747 0.932747
vn 0.168473 -0.318747 0.932747
vn 0.354066 -0.484473 -0.799952
vn 0.354066 -0.484473 -0.799952
vn 0.354066 -0.484473 -0.799952
vn 0.354066 -0.484473 -0.799952
vn 0.769724 -0.410039 -0.489278
vn 0.769724 -0.410039 -0.489278
vn 0.769724 -0.410039 -0.489278
vn 0.769724 -0.410039 -0.489278
vn -0.837012 -0.543310 0.065000
vn -0.837012 -0.543310 0.065000
vn -0.837012 -0.543310 0.065000
vn -0.837012 -0.543310 0.065000
vn -0.174770 -0.104636 0.979034
vn -0.174770 -0.104636 0.979034
vn -0.174770 -0.104636 0.979034
vn -0.174770 -0.104636 0.979034
vn -0.164281 -0.391720 -0.905300
vn -0.164281 -0.391720 -0.905300
vn -0.164281 -0.391720 -0.905300
vn -0.164281 -0.391720 -0.905300
vn 0.329451 -0.167859 -0.929131
vn 0.329451 -0.167859 -0.929131
vn 0.329451 -0.167859 -0.929131
vn 0.329451 -0.167859 -0.929131
vn -0.816169 -0.509443 -0.272648
vn -0.816169 -0.509443 -0.272648
vn -0.816169 -0.509443 -0.272648
vn -0.816169 -0.509443 -0.272648
vn -0.892433 -0.363364 -0.267450
vn -0.892433 -0.363364 -0.267450
vn -0.892433 -0.363364 -0.267450
vn -0.892433 -0.363364 -0.267450
vn 0.253963 -0.456994 -0.852443
vn 0.253963 -0.456994 -0.852443
vn 0.253963 -0.456994 -0.852443
vn 0.253963 -0.456994 -0.852443
vn -0.236362 -0.504697 -0.830309
vn -0.236362 -0.504697 -0.830309
vn -0.236362 -0.504697 -0.830309
vn -0.236362 -0.504697 -0.830309
vn -0.864296 -0.334497 0.375639
vn -0.864296 -0.334497 0.375639
vn -0.864296 -0.334497 0.375639
vn -0.094590 0.166373 0.981516
vn -0.094590 0.166373 0.981516
vn -0.094590 0.166373 0.981516
vn -0.094590 0.166373 0.981516
vn -0.937674 -0.310627 0.155815
vn -0.937674 -0.310627 0.155815
vn -0.937674 -0.310627 0.155815
vn -0.937674 -0.310627 0.155815
vn 0.140180 0.246849 0.958861
vn 0.140180 0.246849 0.958861
vn 0.140180 0.246849 0.958861
vn 0.140180 0.246849 0.958861
vn 0.918168 0.008817 -0.396093
vn 0.918168 0.008817 -0.396093
vn 0.918168 0.008817 -0.396093
vn 0.918168 0.008817 -0.396093
vn 0.938578 0.170933 0.299754
vn 0.938578 0.170933 0.299754
vn 0.938578 0.170933 0.299754
vn 0.896393 0.173398 -0.407937
vn 0.896393 0.173398 -0.407937
vn 0.896393 0.173398 -0.407937
vn 0.896393 0.173398 -0.407937
vn 0.896393 0.173398 -0.407937
vn -0.237077 -0.105666 -0.965727
vn -0.237077 -0.105666 -0.965727
vn -0.237077 -0.105666 -0.965727
vn -0.237077 -0.105666 -0.965727
vn -0.237077 -0.105666 -0.965727
vn 0.224873 0.141897 -0.964001
vn 0.224873 0.141897 -0.964001
vn 0.224873 0.141897 -0.964001
vn 0.224873 0.141897 -0.964001
vn -0.911476 -0.400853 -0.092353
vn -0.911476 -0.400853 -0.092353
vn -0.911476 -0.400853 -0.092353
vn -0.911476 -0.400853 -0.092353
vn -0.911476 -0.400853 -0.092353
vn 0.030997 -0.274223 -0.961166
vn 0.030997 -0.274223 -0.961166
vn 0.030997 -0.274223 -0.961166
vn -0.009199 -0.265703 -0.964011
vn -0.009199 -0.265703 -0.964011
vn -0.009199 -0.265703 -0.964011
vn 0.900387 0.262596 0.346910
vn 0.900387 0.262596 0.346910
vn 0.900387 0.262596 0.346910
vn 0.900387 0.262596 0.346910
vn 0.266160 0.963165 0.038356
vn 0.266160 0.963165 0.038356
vn 0.266160 0.963165 0.038356
vn 0.332154 0.924830 -0.185372
vn 0.332154 0.924830 -0.185372
vn 0.332154 0.924830 -0.185372
vn -0.904542 -0.368827 0.213940
vn -0.904542 -0.368827 0.213940
vn -0.904542 -0.368827 0.213940
vn -0.904542 -0.368827 0.213940
vn -0.904542 -0.368827 0.213940
vn -0.020298 -0.077853 -0.996758
vn -0.020298 -0.077853 -0.996758
vn -0.020298 -0.077853 -0.996758
vn -0.020298 -0.077853 -0.996758
vn 0.195574 -0.029451 -0.980247
vn 0.195574 -0.029451 -0.980247
vn 0.195574 -0.029451 -0.980247
vn 0.195574 -0.029451 -0.980247
vn 0.201161 0.159302 -0.966518
vn 0.201161 0.159302 -0.966518
vn 0.201161 0.159302 -0.966518
vn -0.949278 -0.312222 0.037252
vn -0.949278 -0.312222 0.037252
vn -0.949278 -0.312222 0.037252
vn -0.949278 -0.312222 0.037252
vn -0.532961 -0.845769 0.025040
vn -0.532961 -0.845769 0.025040
vn -0.532961 -0.845769 0.025040
vn -0.532961 -0.845769 0.025040
vn -0.708648 -0.129955 0.693492
vn -0.708648 -0.129955 0.693492
vn -0.708648 -0.129955 0.693492
vn -0.845078 -0.147941 0.513767
vn -0.845078 -0.147941 0.513767
vn -0.845078 -0.147941 0.513767
vn -0.765108 -0.087135 0.637980
vn -0.765108 -0.087135 0.637980
vn -0.765108 -0.087135 0.637980
vn -0.799981 -0.563151 -0.207102
vn -0.799981 -0.563151 -0.207102
vn -0.799981 -0.563151 -0.207102
vn -0.799981 -0.563151 -0.207102
vn -0.284749 -0.601502 -0.746400
vn -0.284749 -0.601502 -0.746400
vn -0.284749 -0.601502 -0.746400
vn -0.284749 -0.601502 -0.746400
vn -0.080690 -0.369033 0.925907
vn -0.080690 -0.369033 0.925907
vn -0.080690 -0.369033 0.925907
vn -0.080690 -0.369033 0.925907
vn 0.856376 -0.291142 0.426447
vn 0.856376 -0.291142 0.426447
vn 0.856376 -0.291142 0.426447
vn 0.856376 -0.291142 0.426447
vn 0.742743 0.362740 -0.562807
vn 0.742743 0.362740 -0.562807
vn 0.742743 0.362740 -0.562807
vn 0.742743 0.362740 -0.562807
vn -0.960915 0.274883 -0.032886
vn -0.960915 0.274883 -0.032886
vn -0.960915 0.274883 -0.032886
vn -0.960915 0.274883 -0.032886
vn 0.172284 0.485848 0.856896
vn 0.172284 0.485848 0.856896
vn 0.172284 0.485848 0.856896
vn 0.172284 0.485848 0.856896
vn -0.308556 0.252237 -0.917153
vn -0.308556 0.252237 -0.917153
vn -0.308556 0.252237 -0.917153
vn -0.308556 0.252237 -0.917153
vn 0.343668 0.273956 -0.898243
vn 0.343668 0.273956 -0.898243
vn 0.343668 0.273956 -0.898243
vn 0.343668 0.273956 -0.898243
vn -0.910720 0.233859 -0.340440
vn -0.910720 0.233859 -0.340440
vn -0.910720 0.233859 -0.340440
vn -0.910720 0.233859 -0.340440
vn 0.819870 0.476095 0.318035
vn 0.819870 0.476095 0.318035
vn 0.819870 0.476095 0.318035
vn 0.819870 0.476095 0.318035
vn -0.100188 0.481071 0.870938
vn -0.100188 0.481071 0.870938
vn -0.100188 0.481071 0.870938
vn -0.100188 0.481071 0.870938
vn -0.866547 -0.443145 -0.229607
vn -0.866547 -0.443145 -0.229607
vn -0.906666 -0.333709 -0.258062
vn -0.906666 -0.333709 -0.258062
vn -0.210681 -0.128506 0.969072
vn -0.210681 -0.128506 0.969072
vn -0.198348 -0.051866 0.978758
vn -0.198348 -0.051866 0.978758
vn 0.209878 0.019555 0.977532
vn 0.209878 0.019555 0.977532
vn 0.206720 0.048281 0.977208
vn 0.206720 0.048281 0.977208
vn 0.421062 -0.140047 -0.896155
vn 0.421062 -0.140047 -0.896155
vn 0.414719 -0.131910 -0.900338
vn 0.414719 -0.131910 -0.900338
vn -0.902259 -0.427268 0.058067
vn -0.902259 -0.427268 0.058067
vn -0.948912 -0.312513 0.043614
vn -0.948912 -0.312513 0.043614
vn -0.460932 -0.402309 -0.791005
vn -0.460932 -0.402309 -0.791005
vn -0.452838 -0.315605 -0.833865
vn -0.452838 -0.315605 -0.833865
vn 0.852580 -0.014954 -0.522383
vn 0.852580 -0.014954 -0.522383
vn 0.848823 -0.030635 -0.527788
vn 0.848823 -0.030635 -0.527788
vn 0.926759 0.108788 0.359558
vn 0.926759 0.108788 0.359558
vn 0.925422 0.089526 0.368212
vn 0.925422 0.089526 0.368212
vn 0.803859 0.509678 0.306659
vn 0.803859 0.509678 0.306659
vn 0.803859 0.509678 0.306659
vn 0.803859 0.509678 0.306659
vn 0.733640 0.386027 -0.559245
vn 0.733640 0.386027 -0.559245
vn 0.733640 0.386027 -0.559245
vn 0.733640 0.386027 -0.559245
vn -0.325860 0.057716 -0.943655
vn -0.325860 0.057716 -0.943655
vn -0.325860 0.057716 -0.943655
vn -0.325860 0.057716 -0.943655
vn -0.998703 -0.050547 0.006047
vn -0.998703 -0.050547 0.006047
vn -0.998703 -0.050547 0.006047
vn -0.998703 -0.050547 0.006047
vn 0.350668 0.228448 -0.908209
vn 0.350668 0.228448 -0.908209
vn 0.350668 0.228448 -0.908209
vn 0.350668 0.228448 -0.908209
vn 0.177872 0.407195 0.895854
vn 0.177872 0.407195 0.895854
vn 0.177872 0.407195 0.895854
vn 0.177872 0.407195 0.895854
vn -0.102287 0.344109 0.933341
vn -0.102287 0.344109 0.933341
vn -0.102287 0.344109 0.933341
vn -0.102287 0.344109 0.933341
vn -0.945760 -0.079289 -0.315043
vn -0.945760 -0.079289 -0.315043
vn -0.945760 -0.079289 -0.315043
vn -0.945760 -0.079289 -0.315043
vn -0.976557 0.165193 -0.138012
vn -0.976557 0.165193 -0.138012
vn -0.976557 0.165193 -0.138012
vn -0.976557 0.165193 -0.138012
vn 0.477548 0.303307 -0.824592
vn 0.477548 0.303307 -0.824592
vn 0.477548 0.303307 -0.824592
vn 0.477548 0.303307 -0.824592
vn 0.832465 0.528031 0.167887
vn 0.832465 0.528031 0.167887
vn 0.832465 0.528031 0.167887
vn 0.832465 0.528031 0.167887
vn -0.636456 -0.064770 0.768589
vn -0.636456 -0.064770 0.768589
vn -0.636456 -0.064770 0.768589
vn 0.204175 -0.047489 0.977782
vn 0.204175 -0.047489 0.977782
vn 0.204175 -0.047489 0.977782
vn 0.227959 0.669407 0.707057
vn 0.227959 0.669407 0.707057
vn 0.227959 0.669407 0.707057
vn 0.227959 0.669407 0.707057
vn -0.586918 0.408018 -0.699320
vn -0.586918 0.408018 -0.699320
vn -0.586918 0.408018 -0.699320
vn -0.586918 0.408018 -0.699320
vn -0.994219 0.104353 -0.025277
vn -0.994219 0.104353 -0.025277
vn -0.994219 0.104353 -0.025277
vn -0.994219 0.104353 -0.025277
vn 0.832158 0.396952 -0.387225
vn 0.832158 0.396952 -0.387225
vn 0.832158 0.396952 -0.387225
vn 0.832158 0.396952 -0.387225
vn -0.971960 -0.234403 -0.018692
vn -0.971960 -0.234403 -0.018692
vn -0.971960 -0.234403 -0.018692
vn -0.971960 -0.234403 -0.018692
vn -0.974163 -0.185415 0.128949
vn -0.974163 -0.185415 0.128949
vn -0.974163 -0.185415 0.128949
vn -0.974163 -0.185415 0.128949
vn -0.995965 -0.073757 0.051128
vn -0.995965 -0.073757 0.051128
vn -0.995965 -0.073757 0.051128
vn -0.995965 -0.073757 0.051128
vn -0.999904 -0.013332 0.003912
vn -0.999904 -0.013332 0.003912
vn -0.999904 -0.013332 0.003912
vn -0.999904 -0.013332 0.003912
vn -0.189080 0.645765 0.739754
vn -0.189080 0.645765 0.739754
vn -0.189080 0.645765 0.739754
vn -0.225167 0.254270 -0.940557
vn -0.225167 0.254270 -0.940557
vn -0.225167 0.254270 -0.940557
vn -0.666381 -0.236101 -0.707243
vn -0.666381 -0.236101 -0.707243
vn -0.666381 -0.236101 -0.707243
vn -0.485658 0.060117 0.872079
vn -0.485658 0.060117 0.872079
vn -0.485658 0.060117 0.872079
vn -0.485658 0.060117 0.872079
vn -0.522874 -0.076000 0.849015
vn -0.522874 -0.076000 0.849015
vn -0.522874 -0.076000 0.849015
vn -0.439148 -0.049494 0.897050
vn -0.439148 -0.049494 0.897050
vn -0.439148 -0.049494 0.897050
vn -0.439148 -0.049494 0.897050
vn -0.581061 -0.278236 -0.764822
vn -0.581061 -0.278236 -0.764822
vn -0.581061 -0.278236 -0.764822
vn -0.593147 -0.257737 -0.762724
vn -0.593147 -0.257737 -0.762724
vn -0.593147 -0.257737 -0.762724
vn -0.593147 -0.257737 -0.762724
vn 0.437467 -0.184852 -0.880030
vn 0.437467 -0.184852 -0.880030
vn 0.437467 -0.184852 -0.880030
vn 0.498838 -0.002167 -0.866693
vn 0.498838 -0.002167 -0.866693
vn 0.498838 -0.002167 -0.866693
vn 0.498838 -0.002167 -0.866693
vn -0.142474 -0.134043 -0.980680
vn -0.142474 -0.134043 -0.980680
vn -0.142474 -0.134043 -0.980680
vn 0.666971 0.530544 0.523137
vn 0.666971 0.530544 0.523137
vn 0.666971 0.530544 0.523137
vn -0.259480 0.071210 0.963120
vn -0.259480 0.071210 0.963120
vn -0.259480 0.071210 0.963120
vn 0.149180 -0.080400 0.985536
vn 0.149180 -0.080400 0.985536
vn 0.149180 -0.080400 0.985536
vn 0.972263 0.131238 0.193602
vn 0.972263 0.131238 0.193602
vn 0.972263 0.131238 0.193602
vn 0.972263 0.131238 0.193602
vn 0.957238 0.068297 -0.281124
vn 0.957238 0.068297 -0.281124
vn 0.957238 0.068297 -0.281124
vn 0.957238 0.068297 -0.281124
vn 0.967565 0.045512 -0.248491
vn 0.967565 0.045512 -0.248491
vn 0.967565 0.045512 -0.248491
vn 0.979639 0.049762 0.194502
vn 0.979639 0.049762 0.194502
vn 0.979639 0.049762 0.194502
vn 0.981907 0.031900 0.186660
vn 0.981907 0.031900 0.186660
vn 0.981907 0.031900 0.186660
vn 0.981907 -0.031900 -0.186660
vn 0.981907 -0.031900 -0.186660
vn 0.981907 -0.031900 -0.186660
vn 0.201378 -0.115685 0.972658
vn 0.201378 -0.115685 0.972658
vn 0.201378 -0.115685 0.972658
vn 0.423951 -0.170865 -0.889422
vn 0.423951 -0.170865 -0.889422
vn 0.423951 -0.170865 -0.889422
vn -0.084884 0.674560 0.733324
vn -0.084884 0.674560 0.733324
vn -0.084884 0.674560 0.733324
vn -0.084884 0.674560 0.733324
vn -0.090586 -0.867692 -0.488779
vn -0.090586 -0.867692 -0.488779
vn -0.090586 -0.867692 -0.488779
vn -0.090586 -0.867692 -0.488779
vn -0.090586 -0.867692 -0.488779
vn 0.051692 0.722498 0.689438
vn 0.051692 0.722498 0.689438
vn 0.051692 0.722498 0.689438
vn -0.982585 -0.160165 0.094202
vn -0.982585 -0.160165 0.094202
vn -0.982585 -0.160165 0.094202
vn -0.982585 -0.160165 0.094202
vn -0.081089 0.374571 0.923645
vn -0.081089 0.374571 0.923645
vn -0.081089 0.374571 0.923645
vn -0.081089 0.374571 0.923645
vn -0.908415 -0.021162 0.417534
vn -0.908415 -0.021162 0.417534
vn -0.908415 -0.021162 0.417534
vn -0.908415 -0.021162 0.417534
vn -0.207277 0.050010 0.977003
vn -0.207277 0.050010 0.977003
vn -0.207277 0.050010 0.977003
vn -0.207277 0.050010 0.977003
vn 0.901795 0.432093 -0.007777
vn 0.901795 0.432093 -0.007777
vn 0.901795 0.432093 -0.007777
vn 0.901795 0.432093 -0.007777
vn 0.425845 -0.821337 0.379556
vn 0.425845 -0.821337 0.379556
vn 0.425845 -0.821337 0.379556
vn 0.425845 -0.821337 0.379556
vn -0.161278 -0.249688 -0.954801
vn -0.161278 -0.249688 -0.954801
vn -0.161278 -0.249688 -0.954801
vn -0.161278 -0.249688 -0.954801
vn -0.959612 -0.080151 0.269670
vn -0.959612 -0.080151 0.269670
vn -0.959612 -0.080151 0.269670
vn -0.959612 -0.080151 0.269670
vn 0.991497 -0.121739 -0.045972
vn 0.991497 -0.121739 -0.045972
vn 0.991497 -0.121739 -0.045972
vn 0.991497 -0.121739 -0.045972
vn -0.274373 0.943432 0.186161
vn -0.274373 0.943432 0.186161
vn -0.274373 0.943432 0.186161
vn -0.274373 0.943432 0.186161
vn -0.090287 0.388768 0.916901
vn -0.090287 0.388768 0.916901
vn -0.090287 0.388768 0.916901
vn -0.090287 0.388768 0.916901
vn 0.995683 -0.048358 -0.079227
vn 0.995683 -0.048358 -0.079227
vn 0.995683 -0.048358 -0.079227
vn 0.995683 -0.048358 -0.079227
vn -0.964836 -0.017574 0.262264
vn -0.964836 -0.017574 0.262264
vn -0.964836 -0.017574 0.262264
vn -0.964836 -0.017574 0.262264
vn -0.156873 -0.146853 -0.976640
vn -0.156873 -0.146853 -0.976640
vn -0.156873 -0.146853 -0.976640
vn -0.156873 -0.146853 -0.976640
vn -0.137087 0.149381 0.979231
vn -0.137087 0.149381 0.979231
vn -0.137087 0.149381 0.979231
vn -0.137087 0.149381 0.979231
vn 0.541143 0.029037 0.840429
vn 0.541143 0.029037 0.840429
vn 0.541143 0.029037 0.840429
vn 0.541143 0.029037 0.840429
vn 0.466257 0.128186 0.875313
vn 0.466257 0.128186 0.875313
vn 0.466257 0.128186 0.875313
vn 0.466257 0.128186 0.875313
vn 0.418548 0.434895 0.797298
vn 0.418548 0.434895 0.797298
vn 0.418548 0.434895 0.797298
vn 0.418548 0.434895 0.797298
vn 0.479768 0.450362 0.752992
vn 0.479768 0.450362 0.752992
vn 0.479768 0.450362 0.752992
vn 0.479768 0.450362 0.752992
vn 0.460256 0.679684 0.571134
vn 0.460256 0.679684 0.571134
vn 0.460256 0.679684 0.571134
vn 0.460256 0.679684 0.571134
vn 0.382755 0.923515 0.024876
vn 0.382755 0.923515 0.024876
vn 0.382755 0.923515 0.024876
vn 0.382755 0.923515 0.024876
vn 0.115284 0.914770 0.387177
vn 0.115284 0.914770 0.387177
vn 0.115284 0.914770 0.387177
vn 0.334153 0.686477 0.645826
vn 0.334153 0.686477 0.645826
vn 0.334153 0.686477 0.645826
vn 0.115284 0.914770 0.387177
vn 0.115284 0.914770 0.387177
vn 0.115284 0.914770 0.387177
vn 0.991078 0.078277 0.107879
vn 0.991078 0.078277 0.107879
vn 0.991078 0.078277 0.107879
vn 0.991078 0.078277 0.107879
vn 0.883752 0.380139 0.272903
vn 0.883752 0.380139 0.272903
vn 0.883752 0.380139 0.272903
vn 0.869023 -0.000474 -0.494772
vn 0.869023 -0.000474 -0.494772
vn 0.869023 -0.000474 -0.494772
vn 0.869023 -0.000474 -0.494772
vn -0.783281 0.102960 0.613082
vn -0.783281 0.102960 0.613082
vn -0.783281 0.102960 0.613082
vn -0.896528 0.187812 0.401203
vn -0.896528 0.187812 0.401203
vn -0.896528 0.187812 0.401203
vn -0.896528 0.187812 0.401203
vn -0.535617 0.296233 0.790798
vn -0.535617 0.296233 0.790798
vn -0.535617 0.296233 0.790798
vn -0.183175 -0.155510 -0.970703
vn -0.183175 -0.155510 -0.970703
vn -0.183175 -0.155510 -0.970703
vn -0.183175 -0.155510 -0.970703
vn -0.226660 -0.252133 -0.940773
vn -0.226660 -0.252133 -0.940773
vn -0.226660 -0.252133 -0.940773
vn -0.226660 -0.252133 -0.940773
vn -0.298254 -0.818569 0.490907
vn -0.298254 -0.818569 0.490907
vn -0.298254 -0.818569 0.490907
vn -0.298254 -0.818569 0.490907
vn -0.426362 0.679825 0.596702
vn -0.426362 0.679825 0.596702
vn -0.426362 0.679825 0.596702
vn -0.426362 0.679825 0.596702
vn -0.186273 0.036731 -0.981811
vn -0.186273 0.036731 -0.981811
vn -0.186273 0.036731 -0.981811
vn -0.186273 0.036731 -0.981811
vn -0.250979 0.215140 0.943782
vn -0.250979 0.215140 0.943782
vn -0.250979 0.215140 0.943782
vn -0.250979 0.215140 0.943782
vn 0.933352 0.093193 -0.346654
vn 0.933352 0.093193 -0.346654
vn 0.933352 0.093193 -0.346654
vn 0.933352 0.093193 -0.346654
vn -0.938593 -0.345023 0.001390
vn -0.938593 -0.345023 0.001390
vn -0.938593 -0.345023 0.001390
vn -0.938593 -0.345023 0.001390
vn -0.583942 -0.047902 -0.810381
vn -0.583942 -0.047902 -0.810381
vn -0.583942 -0.047902 -0.810381
vn -0.583942 -0.047902 -0.810381
vn 0.240173 0.336260 0.910630
vn 0.240173 0.336260 0.910630
vn 0.240173 0.336260 0.910630
vn 0.240173 0.336260 0.910630
vn 0.240173 0.336260 0.910630
vn 0.953780 0.200163 0.224139
vn 0.953780 0.200163 0.224139
vn 0.953780 0.200163 0.224139
vn 0.953780 0.200163 0.224139
vn 0.517037 0.126231 -0.846604
vn 0.517037 0.126231 -0.846604
vn 0.517037 0.126231 -0.846604
vn 0.517037 0.126231 -0.846604
vn -0.971619 -0.230201 0.054435
vn -0.971619 -0.230201 0.054435
vn -0.971619 -0.230201 0.054435
vn -0.971619 -0.230201 0.054435
vn 0.837747 -0.253748 -0.483520
vn 0.837747 -0.253748 -0.483520
vn 0.837747 -0.253748 -0.483520
vn -0.364055 -0.301904 -0.881089
vn -0.364055 -0.301904 -0.881089
vn -0.364055 -0.301904 -0.881089
vn 0.854018 -0.053947 -0.517439
vn 0.854018 -0.053947 -0.517439
vn 0.854018 -0.053947 -0.517439
vn 0.854018 -0.053947 -0.517439
vn -0.846071 -0.532515 -0.024324
vn -0.846071 -0.532515 -0.024324
vn -0.846071 -0.532515 -0.024324
vn -0.846071 -0.532515 -0.024324
vn -0.825668 -0.560162 0.067016
vn -0.825668 -0.560162 0.067016
vn -0.825668 -0.560162 0.067016
vn 0.807953 -0.585075 0.069996
vn 0.807953 -0.585075 0.069996
vn 0.807953 -0.585075 0.069996
vn -0.955149 -0.035176 -0.294029
vn -0.955149 -0.035176 -0.294029
vn -0.955149 -0.035176 -0.294029
vn -0.955149 -0.035176 -0.294029
vn 0.475336 -0.104511 -0.873575
vn 0.475336 -0.104511 -0.873575
vn 0.475336 -0.104511 -0.873575
vn 0.475336 -0.104511 -0.873575
vn 0.790478 0.097819 0.604629
vn 0.790478 0.097819 0.604629
vn 0.790478 0.097819 0.604629
vn 0.790478 0.097819 0.604629
vn -0.829747 -0.461275 0.314239
vn -0.829747 -0.461275 0.314239
vn -0.829747 -0.461275 0.314239
vn -0.396348 0.157262 0.904531
vn -0.396348 0.157262 0.904531
vn -0.396348 0.157262 0.904531
vn -0.396348 0.157262 0.904531
vn 0.931204 -0.172940 0.320858
vn 0.931204 -0.172940 0.320858
vn 0.931204 -0.172940 0.320858
vn 0.931204 -0.172940 0.320858
vn 0.439538 -0.160124 -0.883836
vn 0.439538 -0.160124 -0.883836
vn 0.439538 -0.160124 -0.883836
vn 0.439538 -0.160124 -0.883836
vn -0.923465 0.069068 -0.377414
vn -0.923465 0.069068 -0.377414
vn -0.923465 0.069068 -0.377414
vn -0.923465 0.069068 -0.377414
vn 0.881170 -0.052773 0.469844
vn 0.881170 -0.052773 0.469844
vn 0.881170 -0.052773 0.469844
vn 0.881170 -0.052773 0.469844
vn 0.299251 -0.939275 0.167963
vn 0.299251 -0.939275 0.167963
vn 0.299251 -0.939275 0.167963
vn -0.853755 0.036163 -0.519418
vn -0.853755 0.036163 -0.519418
vn -0.853755 0.036163 -0.519418
vn -0.853755 0.036163 -0.519418
vn -0.470747 0.135520 0.871798
vn -0.470747 0.135520 0.871798
vn -0.470747 0.135520 0.871798
vn -0.470747 0.135520 0.871798
vn 0.371531 -0.222933 -0.901258
vn 0.371531 -0.222933 -0.901258
vn 0.371531 -0.222933 -0.901258
vn 0.371531 -0.222933 -0.901258
vn -0.470747 -0.073958 -0.879163
vn -0.470747 -0.073958 -0.879163
vn -0.470747 -0.073958 -0.879163
vn -0.470747 -0.073958 -0.879163
vn 0.371531 -0.004038 0.928412
vn 0.371531 -0.004038 0.928412
vn 0.371531 -0.004038 0.928412
vn 0.371531 -0.004038 0.928412
vn -0.190969 -0.891764 0.410230
vn -0.190969 -0.891764 0.410230
vn -0.190969 -0.891764 0.410230
vn -0.396348 -0.060551 -0.916101
vn -0.396348 -0.060551 -0.916101
vn -0.396348 -0.060551 -0.916101
vn -0.396348 -0.060551 -0.916101
vn 0.439538 0.052889 0.896666
vn 0.439538 0.052889 0.896666
vn 0.439538 0.052889 0.896666
vn 0.439538 0.052889 0.896666
vn -0.837295 -0.168009 -0.520298
vn -0.837295 -0.168009 -0.520298
vn -0.837295 -0.168009 -0.520298
vn -0.837295 -0.168009 -0.520298
vn -0.371139 -0.110305 -0.922003
vn -0.371139 -0.110305 -0.922003
vn -0.371139 -0.110305 -0.922003
vn -0.371139 -0.110305 -0.922003
vn -0.190969 -0.963368 -0.188289
vn -0.190969 -0.963368 -0.188289
vn -0.190969 -0.963368 -0.188289
vn -0.853755 0.157671 0.496228
vn -0.853755 0.157671 0.496228
vn -0.853755 0.157671 0.496228
vn -0.853755 0.157671 0.496228
vn 0.299251 -0.952389 0.058348
vn 0.299251 -0.952389 0.058348
vn 0.299251 -0.952389 0.058348
vn 0.881170 -0.162118 -0.444136
vn 0.881170 -0.162118 -0.444136
vn 0.881170 -0.162118 -0.444136
vn 0.881170 -0.162118 -0.444136
vn -0.923465 0.156149 0.350470
vn -0.923465 0.156149 0.350470
vn -0.923465 0.156149 0.350470
vn -0.923465 0.156149 0.350470
vn 0.931204 -0.243749 -0.271007
vn 0.931204 -0.243749 -0.271007
vn 0.931204 -0.243749 -0.271007
vn 0.931204 -0.243749 -0.271007
vn 0.854027 -0.061797 -0.516545
vn 0.854027 -0.061797 -0.516545
vn 0.854027 -0.061797 -0.516545
vn 0.854027 -0.061797 -0.516545
vn -0.955149 0.035176 0.294029
vn -0.955149 0.035176 0.294029
vn -0.955149 0.035176 0.294029
vn -0.955149 0.035176 0.294029
vn -0.301064 -0.894785 0.329729
vn -0.301064 -0.894785 0.329729
vn -0.301064 -0.894785 0.329729
vn 0.108386 -0.905067 0.411226
vn 0.108386 -0.905067 0.411226
vn 0.108386 -0.905067 0.411226
vn 0.108386 -0.976531 -0.186119
vn 0.108386 -0.976531 -0.186119
vn 0.108386 -0.976531 -0.186119
vn -0.301064 -0.947314 -0.109348
vn -0.301064 -0.947314 -0.109348
vn -0.301064 -0.947314 -0.109348
vn -0.955149 -0.035176 -0.294029
vn -0.955149 -0.035176 -0.294029
vn -0.955149 -0.035176 -0.294029
vn -0.955149 -0.035176 -0.294029
vn 0.475336 -0.104511 -0.873575
vn 0.475336 -0.104511 -0.873575
vn 0.475336 -0.104511 -0.873575
vn 0.475336 -0.104511 -0.873575
vn 0.854027 0.061797 0.516545
vn 0.854027 0.061797 0.516545
vn 0.854027 0.061797 0.516545
vn 0.854027 0.061797 0.516545
vn -0.371139 0.110305 0.922003
vn -0.371139 0.110305 0.922003
vn -0.371139 0.110305 0.922003
vn -0.371139 0.110305 0.922003
vn -0.396463 0.151632 0.905442
vn -0.396463 0.151632 0.905442
vn -0.396463 0.151632 0.905442
vn -0.396463 0.151632 0.905442
vn 0.939511 -0.127039 0.318089
vn 0.939511 -0.127039 0.318089
vn 0.939511 -0.127039 0.318089
vn 0.939511 -0.127039 0.318089
vn 0.439644 -0.153807 -0.884905
vn 0.439644 -0.153807 -0.884905
vn 0.439644 -0.153807 -0.884905
vn 0.439644 -0.153807 -0.884905
vn -0.924789 0.055902 -0.376352
vn -0.924789 0.055902 -0.376352
vn -0.924789 0.055902 -0.376352
vn -0.924789 0.055902 -0.376352
vn 0.882304 -0.040191 0.468961
vn 0.882304 -0.040191 0.468961
vn 0.882304 -0.040191 0.468961
vn 0.882304 -0.040191 0.468961
vn 0.299251 -0.939275 0.167963
vn 0.299251 -0.939275 0.167963
vn 0.299251 -0.939275 0.167963
vn -0.855371 0.014298 -0.517819
vn -0.855371 0.014298 -0.517819
vn -0.855371 0.014298 -0.517819
vn -0.855371 0.014298 -0.517819
vn -0.470832 0.128590 0.872801
vn -0.470832 0.128590 0.872801
vn -0.470832 0.128590 0.872801
vn -0.470832 0.128590 0.872801
vn 0.372450 -0.197810 -0.906726
vn 0.372450 -0.197810 -0.906726
vn 0.372450 -0.197810 -0.906726
vn 0.372450 -0.197810 -0.906726
vn -0.470832 -0.080930 -0.878503
vn -0.470832 -0.080930 -0.878503
vn -0.470832 -0.080930 -0.878503
vn -0.470832 -0.080930 -0.878503
vn 0.372450 0.021665 0.927800
vn 0.372450 0.021665 0.927800
vn 0.372450 0.021665 0.927800
vn 0.372450 0.021665 0.927800
vn -0.190969 -0.891764 0.410230
vn -0.190969 -0.891764 0.410230
vn -0.190969 -0.891764 0.410230
vn -0.396463 -0.066237 -0.915658
vn -0.396463 -0.066237 -0.915658
vn -0.396463 -0.066237 -0.915658
vn -0.396463 -0.066237 -0.915658
vn 0.439644 0.059280 0.896214
vn 0.439644 0.059280 0.896214
vn 0.439644 0.059280 0.896214
vn 0.439644 0.059280 0.896214
vn 0.475336 0.104511 0.873575
vn 0.475336 0.104511 0.873575
vn 0.475336 0.104511 0.873575
vn 0.475336 0.104511 0.873575
vn -0.371139 -0.110305 -0.922003
vn -0.371139 -0.110305 -0.922003
vn -0.371139 -0.110305 -0.922003
vn -0.371139 -0.110305 -0.922003
vn -0.190969 -0.963368 -0.188289
vn -0.190969 -0.963368 -0.188289
vn -0.190969 -0.963368 -0.188289
vn -0.855371 0.136046 0.499832
vn -0.855371 0.136046 0.499832
vn -0.855371 0.136046 0.499832
vn -0.855371 0.136046 0.499832
vn 0.299251 -0.952389 0.058348
vn 0.299251 -0.952389 0.058348
vn 0.299251 -0.952389 0.058348
vn 0.882304 -0.149683 -0.446245
vn 0.882304 -0.149683 -0.446245
vn 0.882304 -0.149683 -0.446245
vn 0.882304 -0.149683 -0.446245
vn -0.924789 0.143104 0.352544
vn -0.924789 0.143104 0.352544
vn -0.924789 0.143104 0.352544
vn -0.924789 0.143104 0.352544
vn 0.939511 -0.198489 -0.279144
vn 0.939511 -0.198489 -0.279144
vn 0.939511 -0.198489 -0.279144
vn 0.939511 -0.198489 -0.279144
vn 0.854027 -0.061797 -0.516545
vn 0.854027 -0.061797 -0.516545
vn 0.854027 -0.061797 -0.516545
vn 0.854027 -0.061797 -0.516545
vn -0.955149 0.035176 0.294029
vn -0.955149 0.035176 0.294029
vn -0.955149 0.035176 0.294029
vn -0.955149 0.035176 0.294029
vn -0.301064 -0.894785 0.329729
vn -0.301064 -0.894785 0.329729
vn -0.301064 -0.894785 0.329729
vn 0.108386 -0.905067 0.411226
vn 0.108386 -0.905067 0.411226
vn 0.108386 -0.905067 0.411226
vn 0.108386 -0.976531 -0.186119
vn 0.108386 -0.976531 -0.186119
vn 0.108386 -0.976531 -0.186119
vn -0.301064 -0.947314 -0.109348
vn -0.301064 -0.947314 -0.109348
vn -0.301064 -0.947314 -0.109348
vn -0.955149 -0.035176 -0.294029
vn -0.955149 -0.035176 -0.294029
vn -0.955149 -0.035176 -0.294029
vn -0.955149 -0.035176 -0.294029
vn 0.475336 -0.104511 -0.873575
vn 0.475336 -0.104511 -0.873575
vn 0.475336 -0.104511 -0.873575
vn 0.475336 -0.104511 -0.873575
vn 0.854027 0.061797 0.516545
vn 0.854027 0.061797 0.516545
vn 0.854027 0.061797 0.516545
vn 0.854027 0.061797 0.516545
vn -0.371139 0.110305 0.922003
vn -0.371139 0.110305 0.922003
vn -0.371139 0.110305 0.922003
vn -0.371139 0.110305 0.922003
vn -0.396363 0.156474 0.904661
vn -0.396363 0.156474 0.904661
vn -0.396363 0.156474 0.904661
vn -0.396363 0.156474 0.904661
vn 0.930714 -0.175238 0.321035
vn 0.930714 -0.175238 0.321035
vn 0.930714 -0.175238 0.321035
vn 0.930714 -0.175238 0.321035
vn 0.439559 -0.159238 -0.883986
vn 0.439559 -0.159238 -0.883986
vn 0.439559 -0.159238 -0.883986
vn 0.439559 -0.159238 -0.883986
vn -0.923682 0.067282 -0.377207
vn -0.923682 0.067282 -0.377207
vn -0.923682 0.067282 -0.377207
vn -0.923682 0.067282 -0.377207
vn 0.881335 -0.051071 0.469723
vn 0.881335 -0.051071 0.469723
vn 0.881335 -0.051071 0.469723
vn 0.881335 -0.051071 0.469723
vn 0.299251 -0.939275 0.167963
vn 0.299251 -0.939275 0.167963
vn 0.299251 -0.939275 0.167963
vn -0.853636 0.037255 -0.519537
vn -0.853636 0.037255 -0.519537
vn -0.853636 0.037255 -0.519537
vn -0.853636 0.037255 -0.519537
vn -0.470741 0.135916 0.871740
vn -0.470741 0.135916 0.871740
vn -0.470741 0.135916 0.871740
vn -0.470741 0.135916 0.871740
vn 0.371462 -0.224119 -0.900992
vn 0.371462 -0.224119 -0.900992
vn 0.371462 -0.224119 -0.900992
vn 0.371462 -0.224119 -0.900992
vn -0.470741 -0.073560 -0.879200
vn -0.470741 -0.073560 -0.879200
vn -0.470741 -0.073560 -0.879200
vn -0.470741 -0.073560 -0.879200
vn 0.371462 -0.005254 0.928433
vn 0.371462 -0.005254 0.928433
vn 0.371462 -0.005254 0.928433
vn 0.371462 -0.005254 0.928433
vn -0.190969 -0.891764 0.410230
vn -0.190969 -0.891764 0.410230
vn -0.190969 -0.891764 0.410230
vn -0.396363 -0.061348 -0.916042
vn -0.396363 -0.061348 -0.916042
vn -0.396363 -0.061348 -0.916042
vn -0.396363 -0.061348 -0.916042
vn 0.439559 0.053785 0.896602
vn 0.439559 0.053785 0.896602
vn 0.439559 0.053785 0.896602
vn 0.439559 0.053785 0.896602
vn 0.475336 0.104511 0.873575
vn 0.475336 0.104511 0.873575
vn 0.475336 0.104511 0.873575
vn 0.475336 0.104511 0.873575
vn -0.371139 -0.110305 -0.922003
vn -0.371139 -0.110305 -0.922003
vn -0.371139 -0.110305 -0.922003
vn -0.371139 -0.110305 -0.922003
vn -0.190969 -0.963368 -0.188289
vn -0.190969 -0.963368 -0.188289
vn -0.190969 -0.963368 -0.188289
vn -0.853636 0.158760 0.496086
vn -0.853636 0.158760 0.496086
vn -0.853636 0.158760 0.496086
vn -0.853636 0.158760 0.496086
vn 0.299251 -0.952389 0.058348
vn 0.299251 -0.952389 0.058348
vn 0.299251 -0.952389 0.058348
vn 0.881335 -0.160435 -0.444419
vn 0.881335 -0.160435 -0.444419
vn 0.881335 -0.160435 -0.444419
vn 0.881335 -0.160435 -0.444419
vn -0.923682 0.154365 0.350690
vn -0.923682 0.154365 0.350690
vn -0.923682 0.154365 0.350690
vn -0.923682 0.154365 0.350690
vn 0.930714 -0.246023 -0.270637
vn 0.930714 -0.246023 -0.270637
vn 0.930714 -0.246023 -0.270637
vn 0.930714 -0.246023 -0.270637
vn 0.854027 -0.061797 -0.516545
vn 0.854027 -0.061797 -0.516545
vn 0.854027 -0.061797 -0.516545
vn 0.854027 -0.061797 -0.516545
vn -0.955149 0.035176 0.294029
vn -0.955149 0.035176 0.294029
vn -0.955149 0.035176 0.294029
vn -0.955149 0.035176 0.294029
vn -0.301064 -0.894785 0.329729
vn -0.301064 -0.894785 0.329729
vn -0.301064 -0.894785 0.329729
vn 0.108386 -0.905067 0.411226
vn 0.108386 -0.905067 0.411226
vn 0.108386 -0.905067 0.411226
vn 0.108386 -0.976531 -0.186119
vn 0.108386 -0.976531 -0.186119
vn 0.108386 -0.976531 -0.186119
vn -0.301064 -0.947314 -0.109348
vn -0.301064 -0.947314 -0.109348
vn -0.301064 -0.947314 -0.109348
vn -0.955149 -0.035176 -0.294029
vn -0.955149 -0.035176 -0.294029
vn -0.955149 -0.035176 -0.294029
vn -0.955149 -0.035176 -0.294029
vn 0.475336 -0.104511 -0.873575
vn 0.475336 -0.104511 -0.873575
vn 0.475336 -0.104511 -0.873575
vn 0.475336 -0.104511 -0.873575
vn 0.854027 0.061797 0.516545
vn 0.854027 0.061797 0.516545
vn 0.854027 0.061797 0.516545
vn 0.854027 0.061797 0.516545
vn -0.371139 0.110305 0.922003
vn -0.371139 0.110305 0.922003
vn -0.371139 0.110305 0.922003
vn -0.371139 0.110305 0.922003
vn -0.396054 0.171965 0.901981
vn -0.396054 0.171965 0.901981
vn -0.396054 0.171965 0.901981
vn -0.396054 0.171965 0.901981
vn 0.925847 -0.197659 0.322085
vn 0.925847 -0.197659 0.322085
vn 0.925847 -0.197659 0.322085
vn 0.925847 -0.197659 0.322085
vn 0.439038 -0.176400 -0.880982
vn 0.439038 -0.176400 -0.880982
vn 0.439038 -0.176400 -0.880982
vn 0.439038 -0.176400 -0.880982
vn -0.919291 0.103234 -0.379799
vn -0.919291 0.103234 -0.379799
vn -0.919291 0.103234 -0.379799
vn -0.919291 0.103234 -0.379799
vn 0.877540 -0.085467 0.471826
vn 0.877540 -0.085467 0.471826
vn 0.877540 -0.085467 0.471826
vn 0.877540 -0.085467 0.471826
vn 0.299251 -0.939275 0.167963
vn 0.299251 -0.939275 0.167963
vn 0.299251 -0.939275 0.167963
vn -0.852666 0.048052 -0.520242
vn -0.852666 0.048052 -0.520242
vn -0.852666 0.048052 -0.520242
vn -0.852666 0.048052 -0.520242
vn -0.470730 0.139277 0.871215
vn -0.470730 0.139277 0.871215
vn -0.470730 0.139277 0.871215
vn -0.470730 0.139277 0.871215
vn 0.370849 -0.236555 -0.898061
vn 0.370849 -0.236555 -0.898061
vn 0.370849 -0.236555 -0.898061
vn 0.370849 -0.236555 -0.898061
vn -0.470730 -0.070170 -0.879483
vn -0.470730 -0.070170 -0.879483
vn -0.470730 -0.070170 -0.879483
vn -0.470730 -0.070170 -0.879483
vn 0.370849 -0.018030 0.928518
vn 0.370849 -0.018030 0.928518
vn 0.370849 -0.018030 0.928518
vn 0.370849 -0.018030 0.928518
vn -0.190969 -0.891764 0.410230
vn -0.190969 -0.891764 0.410230
vn -0.190969 -0.891764 0.410230
vn -0.396054 -0.045662 -0.917091
vn -0.396054 -0.045662 -0.917091
vn -0.396054 -0.045662 -0.917091
vn -0.396054 -0.045662 -0.917091
vn 0.439038 0.036398 0.897731
vn 0.439038 0.036398 0.897731
vn 0.439038 0.036398 0.897731
vn 0.439038 0.036398 0.897731
vn 0.475336 0.104511 0.873575
vn 0.475336 0.104511 0.873575
vn 0.475336 0.104511 0.873575
vn 0.475336 0.104511 0.873575
vn -0.371139 -0.110305 -0.922003
vn -0.371139 -0.110305 -0.922003
vn -0.371139 -0.110305 -0.922003
vn -0.371139 -0.110305 -0.922003
vn -0.190969 -0.963368 -0.188289
vn -0.190969 -0.963368 -0.188289
vn -0.190969 -0.963368 -0.188289
vn -0.852666 0.169419 0.494225
vn -0.852666 0.169419 0.494225
vn -0.852666 0.169419 0.494225
vn -0.852666 0.169419 0.494225
vn 0.299251 -0.952389 0.058348
vn 0.299251 -0.952389 0.058348
vn 0.299251 -0.952389 0.058348
vn 0.877540 -0.194357 -0.438349
vn 0.877540 -0.194357 -0.438349
vn 0.877540 -0.194357 -0.438349
vn 0.877540 -0.194357 -0.438349
vn -0.919291 0.189914 0.344728
vn -0.919291 0.189914 0.344728
vn -0.919291 0.189914 0.344728
vn -0.919291 0.189914 0.344728
vn 0.925847 -0.268059 -0.266368
vn 0.925847 -0.268059 -0.266368
vn 0.925847 -0.268059 -0.266368
vn 0.925847 -0.268059 -0.266368
vn 0.854027 -0.061797 -0.516545
vn 0.854027 -0.061797 -0.516545
vn 0.854027 -0.061797 -0.516545
vn 0.854027 -0.061797 -0.516545
vn -0.955149 0.035176 0.294029
vn -0.955149 0.035176 0.294029
vn -0.955149 0.035176 0.294029
vn -0.955149 0.035176 0.294029
vn -0.301064 -0.894785 0.329729
vn -0.301064 -0.894785 0.329729
vn -0.301064 -0.894785 0.329729
vn 0.108386 -0.905067 0.411226
vn 0.108386 -0.905067 0.411226
vn 0.108386 -0.905067 0.411226
vn 0.108386 -0.976531 -0.186119
vn 0.108386 -0.976531 -0.186119
vn 0.108386 -0.976531 -0.186119
vn -0.301064 -0.947314 -0.109348
vn -0.301064 -0.947314 -0.109348
vn -0.301064 -0.947314 -0.109348
vn 0.000000 -0.992920 0.118789
vn 0.000000 -0.992920 0.118789
vn 0.000000 -0.992920 0.118789
vn 0.000000 -0.992920 0.118789
vn 0.000000 -0.992920 0.118789
vn 0.000000 -0.992920 0.118789
vn 0.000000 -0.992920 0.118789
vn 0.000000 -0.992920 0.118789
vn 0.000000 -0.992920 0.118789
vn 0.000000 -0.992920 0.118789
vn 0.000000 -0.992920 0.118789
vn 0.000000 -0.992920 0.118789
vn 0.000000 -0.992920 0.118789
vn 0.000000 -0.992920 0.118789
vn 0.000000 -0.992920 0.118789
vn 0.000000 -0.992920 0.118789
vn 0.000000 -0.992920 0.118789
vn 0.000000 -0.992920 0.118789
vn 0.000000 -0.992920 0.118789
vn 0.000000 -0.992920 0.118789
vn 0.000000 -0.992920 0.118789
vn 0.000000 -0.992920 0.118789
vn 0.000000 -0.992920 0.118789
vn 0.000000 -0.992920 0.118789
vn -0.410167 0.098202 0.906708
vn -0.410167 0.098202 0.906708
vn -0.410167 0.098202 0.906708
vn -0.410167 0.098202 0.906708
vn 0.321954 0.122784 0.938760
vn 0.321954 0.122784 0.938760
vn 0.321954 0.122784 0.938760
vn 0.321954 0.122784 0.938760
vn -0.628155 -0.517060 -0.581439
vn -0.628155 -0.517060 -0.581439
vn -0.628155 -0.517060 -0.581439
vn -0.628155 -0.517060 -0.581439
vn -0.695741 -0.654662 0.295571
vn -0.695741 -0.654662 0.295571
vn -0.695741 -0.654662 0.295571
vn -0.852946 -0.519889 -0.046883
vn -0.852946 -0.519889 -0.046883
vn -0.852946 -0.519889 -0.046883
vn -0.852946 -0.519889 -0.046883
vn -0.813354 -0.579858 0.047113
vn -0.813354 -0.579858 0.047113
vn -0.813354 -0.579858 0.047113
vn -0.813354 -0.579858 0.047113
vn 0.507143 0.070975 -0.858935
vn 0.507143 0.070975 -0.858935
vn 0.507143 0.070975 -0.858935
vn 0.507143 0.070975 -0.858935
vn 0.469450 -0.089778 -0.878383
vn 0.469450 -0.089778 -0.878383
vn 0.469450 -0.089778 -0.878383
vn 0.469450 -0.089778 -0.878383
vn -0.777730 -0.613301 0.137833
vn -0.777730 -0.613301 0.137833
vn -0.777730 -0.613301 0.137833
vn -0.777730 -0.613301 0.137833
vn -0.921898 -0.293639 -0.252748
vn -0.921898 -0.293639 -0.252748
vn -0.921898 -0.293639 -0.252748
vn -0.814462 -0.575024 0.077456
vn -0.814462 -0.575024 0.077456
vn -0.814462 -0.575024 0.077456
vn -0.814462 -0.575024 0.077456
vn -0.813784 -0.574103 0.090339
vn -0.813784 -0.574103 0.090339
vn -0.813784 -0.574103 0.090339
vn -0.813784 -0.574103 0.090339
vn -0.891445 -0.323761 0.317025
vn -0.891445 -0.323761 0.317025
vn -0.891445 -0.323761 0.317025
vn -0.861976 -0.484937 0.147761
vn -0.861976 -0.484937 0.147761
vn -0.861976 -0.484937 0.147761
vn -0.861976 -0.484937 0.147761
vn -0.814256 -0.574636 0.082345
vn -0.814256 -0.574636 0.082345
vn -0.814256 -0.574636 0.082345
vn -0.814256 -0.574636 0.082345
vn -0.850813 -0.524593 0.030326
vn -0.850813 -0.524593 0.030326
vn -0.850813 -0.524593 0.030326
vn -0.850813 -0.524593 0.030326
vn -0.825668 -0.560162 0.067016
vn -0.825668 -0.560162 0.067016
vn -0.825668 -0.560162 0.067016
vn -0.325365 -0.176817 0.928910
vn -0.325365 -0.176817 0.928910
vn -0.325365 -0.176817 0.928910
vn -0.325365 -0.176817 0.928910
vn -0.287755 -0.239958 0.927155
vn -0.287755 -0.239958 0.927155
vn -0.287755 -0.239958 0.927155
vn -0.287755 -0.239958 0.927155
vn 0.754402 -0.609439 0.243846
vn 0.754402 -0.609439 0.243846
vn 0.754402 -0.609439 0.243846
vn 0.754402 -0.609439 0.243846
vn 0.754402 -0.609439 0.243846
vn 0.729378 -0.569257 -0.379413
vn 0.729378 -0.569257 -0.379413
vn 0.729378 -0.569257 -0.379413
vn 0.835241 -0.146804 0.529926
vn 0.835241 -0.146804 0.529926
vn 0.835241 -0.146804 0.529926
vn 0.895505 -0.441835 -0.053408
vn 0.895505 -0.441835 -0.053408
vn 0.895505 -0.441835 -0.053408
vn 0.895505 -0.441835 -0.053408
vn 0.895505 -0.441835 -0.053408
vn 0.715868 -0.688935 -0.113585
vn 0.715868 -0.688935 -0.113585
vn 0.715868 -0.688935 -0.113585
vn 0.715868 -0.688935 -0.113585
vn 0.867871 -0.467647 0.167650
vn 0.867871 -0.467647 0.167650
vn 0.867871 -0.467647 0.167650
vn 0.867871 -0.467647 0.167650
vn 0.951664 -0.307111 -0.004253
vn 0.951664 -0.307111 -0.004253
vn 0.951664 -0.307111 -0.004253
vn 0.894598 -0.335105 0.295635
vn 0.894598 -0.335105 0.295635
vn 0.894598 -0.335105 0.295635
vn 0.894598 -0.335105 0.295635
vn 0.907488 -0.394198 0.145167
vn 0.907488 -0.394198 0.145167
vn 0.907488 -0.394198 0.145167
vn 0.907488 -0.394198 0.145167
vn 0.187268 -0.055689 0.980729
vn 0.187268 -0.055689 0.980729
vn 0.187268 -0.055689 0.980729
vn 0.187268 -0.055689 0.980729
vn 0.874097 -0.384164 0.297273
vn 0.874097 -0.384164 0.297273
vn 0.874097 -0.384164 0.297273
vn 0.874097 -0.384164 0.297273
vn 0.717971 -0.179715 0.672473
vn 0.717971 -0.179715 0.672473
vn 0.717971 -0.179715 0.672473
vn -0.864448 0.183795 0.467919
vn -0.864448 0.183795 0.467919
vn -0.922258 0.023800 0.385841
vn -0.922258 0.023800 0.385841
vn -0.274249 -0.014428 -0.961550
vn -0.274249 -0.014428 -0.961550
vn -0.274249 -0.014428 -0.961550
vn -0.339265 0.094746 0.935907
vn -0.339265 0.094746 0.935907
vn -0.339265 0.094746 0.935907
vn -0.339265 0.094746 0.935907
vn -0.339265 0.094746 0.935907
vn -0.304268 -0.010529 0.952528
vn -0.304268 -0.010529 0.952528
vn -0.304268 -0.010529 0.952528
vn -0.304268 -0.010529 0.952528
vn -0.197677 -0.580085 -0.790206
vn -0.197677 -0.580085 -0.790206
vn -0.197677 -0.580085 -0.790206
vn -0.858090 -0.334877 0.389280
vn -0.858090 -0.334877 0.389280
vn -0.963355 0.202569 -0.175822
vn -0.963355 0.202569 -0.175822
vn -0.106580 0.377584 -0.919821
vn -0.106580 0.377584 -0.919821
vn -0.106580 0.377584 -0.919821
vn -0.106580 0.377584 -0.919821
vn -0.106580 0.377584 -0.919821
vn -0.975591 0.202225 0.085598
vn -0.975591 0.202225 0.085598
vn -0.975591 0.202225 0.085598
vn -0.975591 0.202225 0.085598
vn -0.975591 0.202225 0.085598
vn -0.975591 0.202225 0.085598
vn -0.948377 -0.292471 -0.122644
vn -0.948377 -0.292471 -0.122644
vn -0.948377 -0.292471 -0.122644
vn -0.948377 -0.292471 -0.122644
vn -0.948377 -0.292471 -0.122644
vn -0.035496 -0.427157 -0.903481
vn -0.035496 -0.427157 -0.903481
vn -0.035496 -0.427157 -0.903481
vn -0.035496 -0.427157 -0.903481
vn -0.221561 0.560724 0.797809
vn -0.221561 0.560724 0.797809
vn -0.221561 0.560724 0.797809
vn -0.221561 0.560724 0.797809
vn -0.221561 0.560724 0.797809
vn -0.221561 0.560724 0.797809
vn -0.360838 -0.141593 0.921817
vn -0.360838 -0.141593 0.921817
vn -0.360838 -0.141593 0.921817
vn -0.360838 -0.141593 0.921817
vn -0.900613 -0.109253 -0.420667
vn -0.900613 -0.109253 -0.420667
vn -0.900613 -0.109253 -0.420667
vn -0.900613 -0.109253 -0.420667
vn -0.900613 -0.109253 -0.420667
vn -0.900613 -0.109253 -0.420667
vn -0.908944 -0.261722 -0.324536
vn -0.908944 -0.261722 -0.324536
vn -0.908944 -0.261722 -0.324536
vn -0.908944 -0.261722 -0.324536
vn -0.908944 -0.261722 -0.324536
vn -0.908944 -0.261722 -0.324536
vn -0.908944 -0.261722 -0.324536
vn 0.002999 0.950274 0.311401
vn 0.002999 0.950274 0.311401
vn 0.002999 0.950274 0.311401
vn 0.002999 0.950274 0.311401
vn -0.967328 0.195930 0.160896
vn -0.967328 0.195930 0.160896
vn -0.967328 0.195930 0.160896
vn -0.967328 0.195930 0.160896
vn -0.183670 0.920933 0.343727
vn -0.183670 0.920933 0.343727
vn -0.183670 0.920933 0.343727
vn -0.183670 0.920933 0.343727
vn -0.346947 -0.921221 -0.176012
vn -0.346947 -0.921221 -0.176012
vn -0.346947 -0.921221 -0.176012
vn -0.346947 -0.921221 -0.176012
vn -0.796627 0.603076 0.041057
vn -0.796627 0.603076 0.041057
vn -0.796627 0.603076 0.041057
vn -0.796627 0.603076 0.041057
vn -0.261471 0.706621 -0.657511
vn -0.261471 0.706621 -0.657511
vn -0.261471 0.706621 -0.657511
vn -0.261471 0.706621 -0.657511
vn -0.243976 0.710021 0.660565
vn -0.243976 0.710021 0.660565
vn -0.243976 0.710021 0.660565
vn -0.377865 0.923949 0.059474
vn -0.377865 0.923949 0.059474
vn -0.377865 0.923949 0.059474
vn -0.377865 0.923949 0.059474
vn -0.543649 -0.521723 0.657458
vn -0.543649 -0.521723 0.657458
vn -0.543649 -0.521723 0.657458
vn -0.888590 -0.450129 -0.088273
vn -0.888590 -0.450129 -0.088273
vn -0.888590 -0.450129 -0.088273
vn -0.504746 0.121747 -0.854640
vn -0.504746 0.121747 -0.854640
vn -0.504746 0.121747 -0.854640
vn -0.504746 0.121747 -0.854640
vn -0.648144 0.371133 0.664959
vn -0.648144 0.371133 0.664959
vn -0.648144 0.371133 0.664959
vn -0.535131 -0.128326 0.834965
vn -0.535131 -0.128326 0.834965
vn -0.535131 -0.128326 0.834965
vn -0.480636 0.118254 0.868910
vn -0.480636 0.118254 0.868910
vn -0.480636 0.118254 0.868910
vn -0.480636 0.118254 0.868910
vn -0.486865 -0.428665 0.761057
vn -0.486865 -0.428665 0.761057
vn -0.486865 -0.428665 0.761057
vn -0.844825 -0.504701 0.177616
vn -0.844825 -0.504701 0.177616
vn -0.844825 -0.504701 0.177616
vn -0.979631 -0.055481 0.192989
vn -0.979631 -0.055481 0.192989
vn -0.979631 -0.055481 0.192989
vn -0.979631 -0.055481 0.192989
vn -0.979573 -0.127396 -0.155587
vn -0.979573 -0.127396 -0.155587
vn -0.979573 -0.127396 -0.155587
vn -0.979573 -0.127396 -0.155587
vn -0.803643 0.405115 -0.435936
vn -0.803643 0.405115 -0.435936
vn -0.803643 0.405115 -0.435936
vn -0.803643 0.405115 -0.435936
vn -0.589230 0.364635 0.721006
vn -0.589230 0.364635 0.721006
vn -0.589230 0.364635 0.721006
vn -0.412962 0.500732 0.760743
vn -0.412962 0.500732 0.760743
vn -0.412962 0.500732 0.760743
vn -0.412962 0.500732 0.760743
vn -0.289244 -0.905386 -0.310828
vn -0.289244 -0.905386 -0.310828
vn -0.289244 -0.905386 -0.310828
vn -0.883745 -0.457088 -0.100325
vn -0.883745 -0.457088 -0.100325
vn -0.883745 -0.457088 -0.100325
vn -0.883745 -0.457088 -0.100325
vn -0.988683 -0.147387 -0.027996
vn -0.988683 -0.147387 -0.027996
vn -0.988683 -0.147387 -0.027996
vn -0.988683 -0.147387 -0.027996
vn -0.316652 0.948145 -0.027424
vn -0.316652 0.948145 -0.027424
vn -0.316652 0.948145 -0.027424
vn -0.316652 0.948145 -0.027424
vn -0.824382 0.565581 -0.022640
vn -0.824382 0.565581 -0.022640
vn -0.824382 0.565581 -0.022640
vn -0.824382 0.565581 -0.022640
vn -0.852188 -0.500476 0.152643
vn -0.852188 -0.500476 0.152643
vn -0.852188 -0.500476 0.152643
vn -0.852188 -0.500476 0.152643
vn -0.604368 -0.126988 0.786520
vn -0.604368 -0.126988 0.786520
vn -0.604368 -0.126988 0.786520
vn -0.604368 -0.126988 0.786520
vn -0.496156 -0.152252 0.854780
vn -0.496156 -0.152252 0.854780
vn -0.496156 -0.152252 0.854780
vn -0.496156 -0.152252 0.854780
vn -0.285562 0.264973 -0.921002
vn -0.285562 0.264973 -0.921002
vn -0.285562 0.264973 -0.921002
vn -0.285562 0.264973 -0.921002
vn -0.927886 0.093086 -0.361057
vn -0.927886 0.093086 -0.361057
vn -0.927886 0.093086 -0.361057
vn -0.927886 0.093086 -0.361057
vn -0.927113 -0.101275 0.360839
vn -0.927113 -0.101275 0.360839
vn -0.927113 -0.101275 0.360839
vn -0.927113 -0.101275 0.360839
vn -0.414370 -0.270829 0.868878
vn -0.414370 -0.270829 0.868878
vn -0.414370 -0.270829 0.868878
vn -0.414370 -0.270829 0.868878
vn -0.134979 0.986448 0.093278
vn -0.134979 0.986448 0.093278
vn -0.134979 0.986448 0.093278
vn -0.134979 0.986448 0.093278
vn -0.481438 -0.255602 -0.838382
vn -0.481438 -0.255602 -0.838382
vn -0.481438 -0.255602 -0.838382
vn -0.481438 -0.255602 -0.838382
vn -0.481438 -0.255602 -0.838382
vn -0.338481 -0.790408 -0.510574
vn -0.338481 -0.790408 -0.510574
vn -0.338481 -0.790408 -0.510574
vn -0.338481 -0.790408 -0.510574
vn -0.260865 -0.833385 -0.487256
vn -0.260865 -0.833385 -0.487256
vn -0.260865 -0.833385 -0.487256
vn -0.260865 -0.833385 -0.487256
vn -0.456362 -0.777538 -0.432630
vn -0.456362 -0.777538 -0.432630
vn -0.456362 -0.777538 -0.432630
vn -0.456362 -0.777538 -0.432630
vn -0.301370 -0.807485 -0.507094
vn -0.301370 -0.807485 -0.507094
vn -0.301370 -0.807485 -0.507094
vn -0.965505 -0.011279 -0.260140
vn -0.965505 -0.011279 -0.260140
vn -0.965505 -0.011279 -0.260140
vn -0.965505 -0.011279 -0.260140
vn -0.987511 0.025211 -0.155519
vn -0.987511 0.025211 -0.155519
vn -0.871705 0.296060 -0.390485
vn -0.871705 0.296060 -0.390485
vn -0.294970 0.943874 0.148640
vn -0.294970 0.943874 0.148640
vn -0.294970 0.943874 0.148640
vn -0.294970 0.943874 0.148640
vn -0.317559 0.924963 0.208806
vn -0.317559 0.924963 0.208806
vn -0.317559 0.924963 0.208806
vn -0.317559 0.924963 0.208806
vn 0.013398 -0.430843 -0.902327
vn 0.013398 -0.430843 -0.902327
vn 0.013398 -0.430843 -0.902327
vn -0.089190 -0.222210 -0.970911
vn -0.089190 -0.222210 -0.970911
vn -0.089190 -0.222210 -0.970911
vn -0.089190 -0.222210 -0.970911
vn -0.427548 0.467078 -0.773977
vn -0.427548 0.467078 -0.773977
vn -0.427548 0.467078 -0.773977
vn -0.861534 0.331722 0.384343
vn -0.861534 0.331722 0.384343
vn -0.861534 0.331722 0.384343
vn -0.861534 0.331722 0.384343
vn -0.203674 0.175459 0.963188
vn -0.203674 0.175459 0.963188
vn -0.203674 0.175459 0.963188
vn -0.203674 0.175459 0.963188
vn -0.904703 0.351921 -0.240133
vn -0.904703 0.351921 -0.240133
vn -0.904703 0.351921 -0.240133
vn -0.904703 0.351921 -0.240133
vn -0.904703 0.351921 -0.240133
vn -0.904703 0.351921 -0.240133
vn -0.103683 0.514189 -0.851387
vn -0.103683 0.514189 -0.851387
vn -0.103683 0.514189 -0.851387
vn -0.103683 0.514189 -0.851387
vn -0.375263 -0.278888 -0.883968
vn -0.375263 -0.278888 -0.883968
vn -0.375263 -0.278888 -0.883968
vn 0.879423 0.027444 -0.475249
vn 0.879423 0.027444 -0.475249
vn 0.879423 0.027444 -0.475249
vn 0.819080 0.083384 -0.567587
vn 0.819080 0.083384 -0.567587
vn 0.819080 0.083384 -0.567587
vn 0.819080 0.083384 -0.567587
vn -0.084489 0.148000 -0.985372
vn -0.084489 0.148000 -0.985372
vn -0.084489 0.148000 -0.985372
vn -0.084489 0.148000 -0.985372
vn 0.759364 0.115573 -0.640320
vn 0.759364 0.115573 -0.640320
vn 0.759364 0.115573 -0.640320
vn -0.665036 0.292884 -0.686984
vn -0.665036 0.292884 -0.686984
vn -0.665036 0.292884 -0.686984
vn -0.665036 0.292884 -0.686984
vn -0.138081 -0.389624 -0.910564
vn -0.138081 -0.389624 -0.910564
vn -0.138081 -0.389624 -0.910564
vn -0.774062 0.270126 -0.572591
vn -0.774062 0.270126 -0.572591
vn -0.774062 0.270126 -0.572591
vn -0.258666 0.208332 -0.943234
vn -0.258666 0.208332 -0.943234
vn -0.258666 0.208332 -0.943234
vn -0.258666 0.208332 -0.943234
vn -0.276162 0.603744 -0.747815
vn -0.276162 0.603744 -0.747815
vn -0.276162 0.603744 -0.747815
vn -0.186277 0.547477 -0.815824
vn -0.186277 0.547477 -0.815824
vn -0.186277 0.547477 -0.815824
vn -0.118587 -0.364696 -0.923544
vn -0.118587 -0.364696 -0.923544
vn -0.118587 -0.364696 -0.923544
vn -0.350468 -0.274326 -0.895498
vn -0.350468 -0.274326 -0.895498
vn -0.350468 -0.274326 -0.895498
vn -0.223176 -0.068690 -0.972355
vn -0.223176 -0.068690 -0.972355
vn -0.223176 -0.068690 -0.972355
vn -0.279476 -0.100142 -0.954916
vn -0.279476 -0.100142 -0.954916
vn -0.279476 -0.100142 -0.954916
vn -0.348852 0.229267 0.908702
vn -0.348852 0.229267 0.908702
vn -0.348852 0.229267 0.908702
vn -0.348852 0.229267 0.908702
vn 0.947646 -0.291898 -0.129473
vn 0.947646 -0.291898 -0.129473
vn 0.947646 -0.291898 -0.129473
vn 0.947646 -0.291898 -0.129473
vn -0.424872 -0.187044 -0.885719
vn -0.424872 -0.187044 -0.885719
vn -0.424872 -0.187044 -0.885719
vn -0.424872 -0.187044 -0.885719
vn -0.910990 0.013055 0.412221
vn -0.910990 0.013055 0.412221
vn -0.910990 0.013055 0.412221
vn -0.910990 0.013055 0.412221
vn 0.193973 -0.168389 0.966447
vn 0.193973 -0.168389 0.966447
vn 0.193973 -0.168389 0.966447
vn 0.193973 -0.168389 0.966447
vn 0.601935 -0.398861 0.691798
vn 0.601935 -0.398861 0.691798
vn 0.601935 -0.398861 0.691798
vn 0.601935 -0.398861 0.691798
vn -0.886686 -0.084413 0.454601
vn -0.886686 -0.084413 0.454601
vn -0.886686 -0.084413 0.454601
vn -0.886686 -0.084413 0.454601
vn -0.923541 -0.080419 -0.374973
vn -0.923541 -0.080419 -0.374973
vn -0.923541 -0.080419 -0.374973
vn -0.923541 -0.080419 -0.374973
vn 0.943587 -0.291558 0.156961
vn 0.943587 -0.291558 0.156961
vn 0.943587 -0.291558 0.156961
vn 0.943587 -0.291558 0.156961
vn 0.095884 -0.300255 -0.949027
vn 0.095884 -0.300255 -0.949027
vn 0.095884 -0.300255 -0.949027
vn 0.095884 -0.300255 -0.949027
vn -0.543543 0.034467 0.838673
vn -0.543543 0.034467 0.838673
vn -0.543543 0.034467 0.838673
vn -0.543543 0.034467 0.838673
vn -0.429542 0.208090 -0.878745
vn -0.429542 0.208090 -0.878745
vn -0.429542 0.208090 -0.878745
vn -0.429542 0.208090 -0.878745
vn 0.886878 -0.225423 0.403276
vn 0.886878 -0.225423 0.403276
vn 0.886878 -0.225423 0.403276
vn 0.886878 -0.225423 0.403276
vn 0.888200 -0.139890 -0.437644
vn 0.888200 -0.139890 -0.437644
vn 0.888200 -0.139890 -0.437644
vn 0.888200 -0.139890 -0.437644
vn -0.656042 -0.228802 0.719207
vn -0.656042 -0.228802 0.719207
vn -0.656042 -0.228802 0.719207
vn -0.656042 -0.228802 0.719207
vn 0.522552 -0.035340 -0.851875
vn 0.522552 -0.035340 -0.851875
vn 0.522552 -0.035340 -0.851875
vn 0.522552 -0.035340 -0.851875
vn 0.887408 -0.308326 0.342698
vn 0.887408 -0.308326 0.342698
vn 0.887408 -0.308326 0.342698
vn 0.887408 -0.308326 0.342698
vn -0.516057 0.122681 -0.847723
vn -0.516057 0.122681 -0.847723
vn -0.516057 0.122681 -0.847723
vn -0.516057 0.122681 -0.847723
vn -0.785867 0.142239 -0.601814
vn -0.785867 0.142239 -0.601814
vn -0.785867 0.142239 -0.601814
vn -0.785867 0.142239 -0.601814
vn -0.796123 0.005865 -0.605107
vn -0.796123 0.005865 -0.605107
vn -0.796123 0.005865 -0.605107
vn -0.796123 0.005865 -0.605107
vn 0.886821 -0.007035 -0.462059
vn 0.886821 -0.007035 -0.462059
vn 0.886821 -0.007035 -0.462059
vn 0.886821 -0.007035 -0.462059
vn -0.850107 -0.014381 0.526413
vn -0.850107 -0.014381 0.526413
vn -0.850107 -0.014381 0.526413
vn -0.850107 -0.014381 0.526413
vn -0.600955 -0.102680 0.792660
vn -0.600955 -0.102680 0.792660
vn -0.600955 -0.102680 0.792660
vn -0.600955 -0.102680 0.792660
vn 0.437964 0.091830 -0.894290
vn 0.437964 0.091830 -0.894290
vn 0.437964 0.091830 -0.894290
vn 0.437964 0.091830 -0.894290
vn 0.568872 -0.259043 0.780565
vn 0.568872 -0.259043 0.780565
vn 0.568872 -0.259043 0.780565
vn 0.568872 -0.259043 0.780565
vn 0.847488 -0.036960 -0.529526
vn 0.847488 -0.036960 -0.529526
vn 0.847488 -0.036960 -0.529526
vn 0.847488 -0.036960 -0.529526
vn -0.709255 0.205263 -0.674407
vn -0.709255 0.205263 -0.674407
vn -0.709255 0.205263 -0.674407
vn -0.709255 0.205263 -0.674407
vn 0.589227 -0.170721 -0.789725
vn 0.589227 -0.170721 -0.789725
vn 0.589227 -0.170721 -0.789725
vn 0.589227 -0.170721 -0.789725
vn -0.548052 0.020873 0.836184
vn -0.548052 0.020873 0.836184
vn -0.548052 0.020873 0.836184
vn -0.548052 0.020873 0.836184
vn 0.943537 0.003869 0.331245
vn 0.943537 0.003869 0.331245
vn 0.943537 0.003869 0.331245
vn 0.943537 0.003869 0.331245
vn -0.502521 0.169074 -0.847872
vn -0.502521 0.169074 -0.847872
vn -0.502521 0.169074 -0.847872
vn -0.502521 0.169074 -0.847872
vn -0.891172 0.022180 0.453123
vn -0.891172 0.022180 0.453123
vn -0.891172 0.022180 0.453123
vn -0.891172 0.022180 0.453123
vn -0.577046 0.166953 0.799465
vn -0.577046 0.166953 0.799465
vn -0.577046 0.166953 0.799465
vn -0.577046 0.166953 0.799465
vn 0.497167 0.168920 -0.851053
vn 0.497167 0.168920 -0.851053
vn 0.497167 0.168920 -0.851053
vn 0.497167 0.168920 -0.851053
vn 0.571553 0.166922 0.803408
vn 0.571553 0.166922 0.803408
vn 0.571553 0.166922 0.803408
vn 0.571553 0.166922 0.803408
vn -0.729754 0.232387 -0.643005
vn -0.729754 0.232387 -0.643005
vn -0.729754 0.232387 -0.643005
vn -0.729754 0.232387 -0.643005
vn 0.864663 0.009713 -0.502258
vn 0.864663 0.009713 -0.502258
vn 0.864663 0.009713 -0.502258
vn 0.864663 0.009713 -0.502258
vn 0.607849 -0.219732 0.763045
vn 0.607849 -0.219732 0.763045
vn 0.607849 -0.219732 0.763045
vn 0.607849 -0.219732 0.763045
vn 0.472443 0.032811 -0.880750
vn 0.472443 0.032811 -0.880750
vn 0.472443 0.032811 -0.880750
vn 0.472443 0.032811 -0.880750
vn -0.637476 -0.056844 0.768370
vn -0.637476 -0.056844 0.768370
vn -0.637476 -0.056844 0.768370
vn -0.637476 -0.056844 0.768370
vn -0.870152 0.103862 0.481714
vn -0.870152 0.103862 0.481714
vn -0.870152 0.103862 0.481714
vn -0.870152 0.103862 0.481714
vn 0.920508 -0.115607 0.373229
vn 0.920508 -0.115607 0.373229
vn 0.920508 -0.115607 0.373229
vn 0.920508 -0.115607 0.373229
vn -0.465957 0.156368 -0.870881
vn -0.465957 0.156368 -0.870881
vn -0.465957 0.156368 -0.870881
vn -0.465957 0.156368 -0.870881
vn -0.842253 -0.221083 -0.491662
vn -0.842253 -0.221083 -0.491662
vn -0.842253 -0.221083 -0.491662
vn -0.842253 -0.221083 -0.491662
vn 0.913833 -0.177550 -0.365220
vn 0.913833 -0.177550 -0.365220
vn 0.913833 -0.177550 -0.365220
vn 0.913833 -0.177550 -0.365220
vn 0.542446 0.019501 0.839864
vn 0.542446 0.019501 0.839864
vn 0.542446 0.019501 0.839864
vn 0.542446 0.019501 0.839864
vn 0.916567 -0.130823 -0.377876
vn 0.916567 -0.130823 -0.377876
vn 0.916567 -0.130823 -0.377876
vn 0.916567 -0.130823 -0.377876
vn -0.846678 -0.148070 -0.511089
vn -0.846678 -0.148070 -0.511089
vn -0.846678 -0.148070 -0.511089
vn -0.846678 -0.148070 -0.511089
vn 0.957789 -0.050038 0.283084
vn 0.957789 -0.050038 0.283084
vn 0.957789 -0.050038 0.283084
vn 0.957789 -0.050038 0.283084
vn -0.594918 -0.168257 -0.785979
vn -0.594918 -0.168257 -0.785979
vn -0.594918 -0.168257 -0.785979
vn -0.594918 -0.168257 -0.785979
vn -0.919289 -0.039880 0.391559
vn -0.919289 -0.039880 0.391559
vn -0.919289 -0.039880 0.391559
vn -0.919289 -0.039880 0.391559
vn -0.925476 0.222328 0.306699
vn -0.925476 0.222328 0.306699
vn -0.925476 0.222328 0.306699
vn -0.925476 0.222328 0.306699
vn -0.564733 -0.401027 -0.721286
vn -0.564733 -0.401027 -0.721286
vn -0.564733 -0.401027 -0.721286
vn -0.564733 -0.401027 -0.721286
vn 0.962261 0.031233 0.270331
vn 0.962261 0.031233 0.270331
vn 0.962261 0.031233 0.270331
vn 0.962261 0.031233 0.270331
vn -0.587351 -0.312700 -0.746483
vn -0.587351 -0.312700 -0.746483
vn -0.587351 -0.312700 -0.746483
vn -0.587351 -0.312700 -0.746483
vn -0.924649 0.062271 0.375695
vn -0.924649 0.062271 0.375695
vn -0.924649 0.062271 0.375695
vn -0.924649 0.062271 0.375695
vn -0.553517 0.184676 0.812104
vn -0.553517 0.184676 0.812104
vn -0.553517 0.184676 0.812104
vn -0.553517 0.184676 0.812104
vn 0.581638 -0.315218 -0.749890
vn 0.581638 -0.315218 -0.749890
vn 0.581638 -0.315218 -0.749890
vn 0.581638 -0.315218 -0.749890
vn 0.547953 0.184531 0.815902
vn 0.547953 0.184531 0.815902
vn 0.547953 0.184531 0.815902
vn 0.547953 0.184531 0.815902
vn 0.000000 -0.992920 0.118789
vn 0.000000 -0.992920 0.118789
vn 0.000000 -0.992920 0.118789
vn 0.000000 -0.992920 0.118789
vn 0.000000 -0.992920 0.118789
vn 0.000000 -0.992920 0.118789
vn 0.000000 -0.992920 0.118789
vn 0.000000 -0.992920 0.118789
vn 0.000000 -0.992920 0.118789
vn 0.000000 -0.992920 0.118789
vn -0.471858 0.589846 0.655310
vn -0.471858 0.589846 0.655310
vn -0.471858 0.589846 0.655310
vn -0.471858 0.589846 0.655310
vn 0.559150 -0.402844 -0.724616
vn 0.559150 -0.402844 -0.724616
vn 0.559150 -0.402844 -0.724616
vn 0.559150 -0.402844 -0.724616
vn 0.466531 0.591685 0.657463
vn 0.466531 0.591685 0.657463
vn 0.466531 0.591685 0.657463
vn 0.466531 0.591685 0.657463
vn 0.907409 -0.204201 -0.367302
vn 0.907409 -0.204201 -0.367302
vn 0.907409 -0.204201 -0.367302
vn 0.907409 -0.204201 -0.367302
vn -0.829352 -0.271450 -0.488355
vn -0.829352 -0.271450 -0.488355
vn -0.829352 -0.271450 -0.488355
vn -0.829352 -0.271450 -0.488355
vn 0.962592 0.159005 0.219396
vn 0.962592 0.159005 0.219396
vn 0.962592 0.159005 0.219396
vn 0.962592 0.159005 0.219396
vn -0.521960 0.129790 -0.843038
vn -0.521960 0.129790 -0.843038
vn -0.521960 0.129790 -0.843038
vn -0.521960 0.129790 -0.843038
vn -0.764920 0.584827 0.269952
vn -0.764920 0.584827 0.269952
vn -0.764920 0.584827 0.269952
vn 0.000000 -0.992920 0.118789
vn 0.000000 -0.992920 0.118789
vn 0.000000 -0.992920 0.118789
vn 0.000000 -0.992920 0.118789
vn 0.000000 -0.992920 0.118789
vn 0.000000 -0.992920 0.118789
vn 0.000000 -0.992920 0.118789
vn 0.000000 -0.992920 0.118789
vn -0.797235 0.575833 0.181195
vn -0.797235 0.575833 0.181195
vn -0.797235 0.575833 0.181195
vn -0.357371 0.909178 0.213732
vn -0.357371 0.909178 0.213732
vn -0.357371 0.909178 0.213732
vn -0.357371 0.909178 0.213732
vn -0.754236 0.257771 0.603890
vn -0.754236 0.257771 0.603890
vn -0.754236 0.257771 0.603890
vn -0.754236 0.257771 0.603890
vn 0.526742 0.051582 -0.848459
vn 0.526742 0.051582 -0.848459
vn 0.526742 0.051582 -0.848459
vn 0.526742 0.051582 -0.848459
vn 0.955205 0.292647 0.044060
vn 0.955205 0.292647 0.044060
vn 0.955205 0.292647 0.044060
vn 0.000000 -0.992920 0.118789
vn 0.000000 -0.992920 0.118789
vn 0.000000 -0.992920 0.118789
vn 0.000000 -0.992920 0.118789
vn 0.000000 -0.992920 0.118789
vn 0.000000 -0.992920 0.118789
vn 0.000000 -0.992920 0.118789
vn 0.000000 -0.992920 0.118789
vn 0.000000 -0.992920 0.118789
vn 0.000000 -0.992920 0.118789
vn 0.931586 0.325475 0.161908
vn 0.931586 0.325475 0.161908
vn 0.931586 0.325475 0.161908
vn 0.250464 0.939301 0.234480
vn 0.250464 0.939301 0.234480
vn 0.250464 0.939301 0.234480
vn 0.250464 0.939301 0.234480
vn 0.547341 0.323487 0.771864
vn 0.547341 0.323487 0.771864
vn 0.547341 0.323487 0.771864
vn 0.547341 0.323487 0.771864
vn 0.373943 0.819811 0.433679
vn 0.373943 0.819811 0.433679
vn 0.373943 0.819811 0.433679
vn 0.373943 0.819811 0.433679
vn -0.421040 0.809040 0.410097
vn -0.421040 0.809040 0.410097
vn -0.421040 0.809040 0.410097
vn -0.421040 0.809040 0.410097
vn 0.997753 -0.022674 0.063045
vn 0.997753 -0.022674 0.063045
vn 0.997753 -0.022674 0.063045
vn 0.520128 -0.177596 -0.835420
vn 0.520128 -0.177596 -0.835420
vn 0.520128 -0.177596 -0.835420
vn 0.520128 -0.177596 -0.835420
vn -0.948295 0.292926 0.122190
vn -0.948295 0.292926 0.122190
vn -0.948295 0.292926 0.122190
vn -0.556662 -0.131966 -0.820190
vn -0.556662 -0.131966 -0.820190
vn -0.556662 -0.131966 -0.820190
vn -0.556662 -0.131966 -0.820190
vn -0.588907 0.791695 0.162501
vn -0.588907 0.791695 0.162501
vn -0.588907 0.791695 0.162501
vn 0.587373 0.771262 0.245250
vn 0.587373 0.771262 0.245250
vn 0.587373 0.771262 0.245250
vn -0.860450 0.238527 -0.450256
vn -0.860450 0.238527 -0.450256
vn -0.860450 0.238527 -0.450256
vn -0.860450 0.238527 -0.450256
vn 0.966848 0.092293 -0.238092
vn 0.966848 0.092293 -0.238092
vn 0.966848 0.092293 -0.238092
vn 0.966848 0.092293 -0.238092
vn -0.889773 0.446591 0.094132
vn -0.889773 0.446591 0.094132
vn -0.889773 0.446591 0.094132
vn 0.992053 0.117106 0.046020
vn 0.992053 0.117106 0.046020
vn 0.992053 0.117106 0.046020
vn 0.908521 0.124281 0.398928
vn 0.908521 0.124281 0.398928
vn 0.908521 0.124281 0.398928
vn 0.995752 -0.022143 0.089371
vn 0.995752 -0.022143 0.089371
vn 0.995752 -0.022143 0.089371
vn -0.924869 -0.005806 -0.380243
vn -0.924869 -0.005806 -0.380243
vn -0.924869 -0.005806 -0.380243
vn -0.967363 -0.118362 -0.224050
vn -0.967363 -0.118362 -0.224050
vn -0.967363 -0.118362 -0.224050
vn 0.986915 0.092042 -0.132390
vn 0.986915 0.092042 -0.132390
vn 0.986915 0.092042 -0.132390
vn 0.997926 -0.030272 0.056807
vn 0.997926 -0.030272 0.056807
vn 0.997926 -0.030272 0.056807
vn -0.942758 0.279424 0.182016
vn -0.942758 0.279424 0.182016
vn -0.942758 0.279424 0.182016
vn -0.942758 0.279424 0.182016
vn 0.963444 0.213866 -0.161358
vn 0.963444 0.213866 -0.161358
vn 0.963444 0.213866 -0.161358
vn 0.959816 0.215394 -0.179884
vn 0.959816 0.215394 -0.179884
vn 0.959816 0.215394 -0.179884
vn 0.946126 0.323199 -0.019729
vn 0.946126 0.323199 -0.019729
vn 0.946126 0.323199 -0.019729
vn 0.707328 0.379913 0.596115
vn 0.707328 0.379913 0.596115
vn 0.707328 0.379913 0.596115
vn -0.454937 0.326811 -0.828388
vn -0.454937 0.326811 -0.828388
vn -0.454937 0.326811 -0.828388
vn -0.454937 0.326811 -0.828388
vn -0.878190 0.406728 0.251706
vn -0.878190 0.406728 0.251706
vn -0.878190 0.406728 0.251706
vn -0.010499 0.649154 0.760585
vn -0.010499 0.649154 0.760585
vn -0.010499 0.649154 0.760585
vn -0.010499 0.649154 0.760585
vn -0.898652 0.316988 0.303221
vn -0.898652 0.316988 0.303221
vn -0.898652 0.316988 0.303221
vn -0.898652 0.316988 0.303221
vn -0.042292 0.982106 0.183521
vn -0.042292 0.982106 0.183521
vn -0.042292 0.982106 0.183521
vn -0.042292 0.982106 0.183521
vn -0.042292 0.982106 0.183521
vn -0.042292 0.982106 0.183521
vn -0.811037 0.199293 -0.550001
vn -0.811037 0.199293 -0.550001
vn -0.811037 0.199293 -0.550001
vn -0.811037 0.199293 -0.550001
vn -0.887874 0.344215 -0.305279
vn -0.887874 0.344215 -0.305279
vn -0.887874 0.344215 -0.305279
vn -0.251366 -0.016761 0.967747
vn -0.251366 -0.016761 0.967747
vn -0.251366 -0.016761 0.967747
vn -0.251366 -0.016761 0.967747
vn -0.190670 0.856978 -0.478783
vn -0.190670 0.856978 -0.478783
vn -0.190670 0.856978 -0.478783
vn -0.100885 0.979405 0.174894
vn -0.100885 0.979405 0.174894
vn -0.100885 0.979405 0.174894
vn -0.248365 0.722376 0.645359
vn -0.248365 0.722376 0.645359
vn -0.248365 0.722376 0.645359
vn -0.248365 0.722376 0.645359
vn -0.434467 0.261909 -0.861767
vn -0.434467 0.261909 -0.861767
vn -0.434467 0.261909 -0.861767
vn -0.577028 -0.648741 -0.496159
vn -0.577028 -0.648741 -0.496159
vn -0.577028 -0.648741 -0.496159
vn -0.251775 0.077141 0.964706
vn -0.251775 0.077141 0.964706
vn -0.251775 0.077141 0.964706
vn -0.251775 0.077141 0.964706
vn -0.865411 0.187361 -0.464714
vn -0.865411 0.187361 -0.464714
vn -0.865411 0.187361 -0.464714
vn -0.865411 0.187361 -0.464714
vn -0.138383 -0.065580 0.988205
vn -0.138383 -0.065580 0.988205
vn -0.138383 -0.065580 0.988205
vn -0.138383 -0.065580 0.988205
vn -0.138383 -0.065580 0.988205
vn -0.913215 0.239210 0.329875
vn -0.913215 0.239210 0.329875
vn -0.913215 0.239210 0.329875
vn -0.913215 0.239210 0.329875
vn -0.390151 -0.036046 -0.920045
vn -0.390151 -0.036046 -0.920045
vn -0.390151 -0.036046 -0.920045
vn -0.390151 -0.036046 -0.920045
vn -0.589719 0.625907 -0.510365
vn -0.589719 0.625907 -0.510365
vn -0.589719 0.625907 -0.510365
vn -0.850356 0.144225 -0.506058
vn -0.850356 0.144225 -0.506058
vn -0.850356 0.144225 -0.506058
vn -0.878076 0.429539 0.210898
vn -0.878076 0.429539 0.210898
vn -0.878076 0.429539 0.210898
vn -0.014698 0.987812 0.154959
vn -0.014698 0.987812 0.154959
vn -0.014698 0.987812 0.154959
vn -0.327355 0.378113 -0.865950
vn -0.327355 0.378113 -0.865950
vn -0.327355 0.378113 -0.865950
vn -0.059093 -0.828056 0.557522
vn -0.059093 -0.828056 0.557522
vn -0.059093 -0.828056 0.557522
vn 0.866181 -0.486984 0.112149
vn 0.866181 -0.486984 0.112149
vn 0.866181 -0.486984 0.112149
vn 0.866181 -0.486984 0.112149
vn 0.795962 -0.587857 0.144461
vn 0.795962 -0.587857 0.144461
vn 0.795962 -0.587857 0.144461
vn 0.944998 -0.326928 -0.009841
vn 0.944998 -0.326928 -0.009841
vn 0.944998 -0.326928 -0.009841
vn 0.944998 -0.326928 -0.009841
vn -0.168473 -0.318747 0.932747
vn -0.168473 -0.318747 0.932747
vn -0.168473 -0.318747 0.932747
vn -0.168473 -0.318747 0.932747
vn -0.354066 -0.484473 -0.799952
vn -0.354066 -0.484473 -0.799952
vn -0.354066 -0.484473 -0.799952
vn -0.354066 -0.484473 -0.799952
vn -0.769724 -0.410039 -0.489278
vn -0.769724 -0.410039 -0.489278
vn -0.769724 -0.410039 -0.489278
vn -0.769724 -0.410039 -0.489278
vn 0.837012 -0.543310 0.065000
vn 0.837012 -0.543310 0.065000
vn 0.837012 -0.543310 0.065000
vn 0.837012 -0.543310 0.065000
vn 0.174770 -0.104636 0.979034
vn 0.174770 -0.104636 0.979034
vn 0.174770 -0.104636 0.979034
vn 0.174770 -0.104636 0.979034
vn 0.164281 -0.391720 -0.905300
vn 0.164281 -0.391720 -0.905300
vn 0.164281 -0.391720 -0.905300
vn 0.164281 -0.391720 -0.905300
vn -0.329451 -0.167859 -0.929131
vn -0.329451 -0.167859 -0.929131
vn -0.329451 -0.167859 -0.929131
vn -0.329451 -0.167859 -0.929131
vn 0.816169 -0.509443 -0.272648
vn 0.816169 -0.509443 -0.272648
vn 0.816169 -0.509443 -0.272648
vn 0.816169 -0.509443 -0.272648
vn 0.892433 -0.363364 -0.267450
vn 0.892433 -0.363364 -0.267450
vn 0.892433 -0.363364 -0.267450
vn 0.892433 -0.363364 -0.267450
vn -0.253963 -0.456994 -0.852443
vn -0.253963 -0.456994 -0.852443
vn -0.253963 -0.456994 -0.852443
vn -0.253963 -0.456994 -0.852443
vn 0.236362 -0.504697 -0.830309
vn 0.236362 -0.504697 -0.830309
vn 0.236362 -0.504697 -0.830309
vn 0.236362 -0.504697 -0.830309
vn 0.864296 -0.334497 0.375639
vn 0.864296 -0.334497 0.375639
vn 0.864296 -0.334497 0.375639
vn 0.094590 0.166373 0.981516
vn 0.094590 0.166373 0.981516
vn 0.094590 0.166373 0.981516
vn 0.094590 0.166373 0.981516
vn 0.937674 -0.310627 0.155815
vn 0.937674 -0.310627 0.155815
vn 0.937674 -0.310627 0.155815
vn 0.937674 -0.310627 0.155815
vn -0.140180 0.246849 0.958861
vn -0.140180 0.246849 0.958861
vn -0.140180 0.246849 0.958861
vn -0.140180 0.246849 0.958861
vn -0.918168 0.008817 -0.396093
vn -0.918168 0.008817 -0.396093
vn -0.918168 0.008817 -0.396093
vn -0.918168 0.008817 -0.396093
vn -0.938578 0.170933 0.299754
vn -0.938578 0.170933 0.299754
vn -0.938578 0.170933 0.299754
vn -0.896393 0.173398 -0.407937
vn -0.896393 0.173398 -0.407937
vn -0.896393 0.173398 -0.407937
vn -0.896393 0.173398 -0.407937
vn -0.896393 0.173398 -0.407937
vn 0.237077 -0.105666 -0.965727
vn 0.237077 -0.105666 -0.965727
vn 0.237077 -0.105666 -0.965727
vn 0.237077 -0.105666 -0.965727
vn 0.237077 -0.105666 -0.965727
vn -0.224873 0.141897 -0.964001
vn -0.224873 0.141897 -0.964001
vn -0.224873 0.141897 -0.964001
vn -0.224873 0.141897 -0.964001
vn 0.911476 -0.400853 -0.092353
vn 0.911476 -0.400853 -0.092353
vn 0.911476 -0.400853 -0.092353
vn 0.911476 -0.400853 -0.092353
vn 0.911476 -0.400853 -0.092353
vn -0.030997 -0.274223 -0.961166
vn -0.030997 -0.274223 -0.961166
vn -0.030997 -0.274223 -0.961166
vn 0.009199 -0.265703 -0.964011
vn 0.009199 -0.265703 -0.964011
vn 0.009199 -0.265703 -0.964011
vn -0.900387 0.262596 0.346910
vn -0.900387 0.262596 0.346910
vn -0.900387 0.262596 0.346910
vn -0.900387 0.262596 0.346910
vn -0.266160 0.963165 0.038356
vn -0.266160 0.963165 0.038356
vn -0.266160 0.963165 0.038356
vn -0.332154 0.924830 -0.185372
vn -0.332154 0.924830 -0.185372
vn -0.332154 0.924830 -0.185372
vn 0.904542 -0.368827 0.213940
vn 0.904542 -0.368827 0.213940
vn 0.904542 -0.368827 0.213940
vn 0.904542 -0.368827 0.213940
vn 0.904542 -0.368827 0.213940
vn 0.020298 -0.077853 -0.996758
vn 0.020298 -0.077853 -0.996758
vn 0.020298 -0.077853 -0.996758
vn 0.020298 -0.077853 -0.996758
vn -0.195574 -0.029451 -0.980247
vn -0.195574 -0.029451 -0.980247
vn -0.195574 -0.029451 -0.980247
vn -0.195574 -0.029451 -0.980247
vn -0.201161 0.159302 -0.966518
vn -0.201161 0.159302 -0.966518
vn -0.201161 0.159302 -0.966518
vn 0.949278 -0.312222 0.037252
vn 0.949278 -0.312222 0.037252
vn 0.949278 -0.312222 0.037252
vn 0.949278 -0.312222 0.037252
vn 0.532961 -0.845769 0.025040
vn 0.532961 -0.845769 0.025040
vn 0.532961 -0.845769 0.025040
vn 0.532961 -0.845769 0.025040
vn 0.708648 -0.129955 0.693492
vn 0.708648 -0.129955 0.693492
vn 0.708648 -0.129955 0.693492
vn 0.845078 -0.147941 0.513767
vn 0.845078 -0.147941 0.513767
vn 0.845078 -0.147941 0.513767
vn 0.765108 -0.087135 0.637980
vn 0.765108 -0.087135 0.637980
vn 0.765108 -0.087135 0.637980
vn 0.799981 -0.563151 -0.207102
vn 0.799981 -0.563151 -0.207102
vn 0.799981 -0.563151 -0.207102
vn 0.799981 -0.563151 -0.207102
vn 0.284749 -0.601502 -0.746400
vn 0.284749 -0.601502 -0.746400
vn 0.284749 -0.601502 -0.746400
vn 0.284749 -0.601502 -0.746400
vn 0.080690 -0.369033 0.925907
vn 0.080690 -0.369033 0.925907
vn 0.080690 -0.369033 0.925907
vn 0.080690 -0.369033 0.925907
vn -0.856376 -0.291142 0.426447
vn -0.856376 -0.291142 0.426447
vn -0.856376 -0.291142 0.426447
vn -0.856376 -0.291142 0.426447
vn -0.742743 0.362740 -0.562807
vn -0.742743 0.362740 -0.562807
vn -0.742743 0.362740 -0.562807
vn -0.742743 0.362740 -0.562807
vn 0.960915 0.274883 -0.032886
vn 0.960915 0.274883 -0.032886
vn 0.960915 0.274883 -0.032886
vn 0.960915 0.274883 -0.032886
vn -0.172284 0.485848 0.856896
vn -0.172284 0.485848 0.856896
vn -0.172284 0.485848 0.856896
vn -0.172284 0.485848 0.856896
vn 0.308556 0.252237 -0.917153
vn 0.308556 0.252237 -0.917153
vn 0.308556 0.252237 -0.917153
vn 0.308556 0.252237 -0.917153
vn -0.343668 0.273956 -0.898243
vn -0.343668 0.273956 -0.898243
vn -0.343668 0.273956 -0.898243
vn -0.343668 0.273956 -0.898243
vn 0.910720 0.233859 -0.340440
vn 0.910720 0.233859 -0.340440
vn 0.910720 0.233859 -0.340440
vn 0.910720 0.233859 -0.340440
vn -0.819870 0.476095 0.318035
vn -0.819870 0.476095 0.318035
vn -0.819870 0.476095 0.318035
vn -0.819870 0.476095 0.318035
vn 0.100188 0.481071 0.870938
vn 0.100188 0.481071 0.870938
vn 0.100188 0.481071 0.870938
vn 0.100188 0.481071 0.870938
vn 0.866547 -0.443145 -0.229607
vn 0.866547 -0.443145 -0.229607
vn 0.866547 -0.443145 -0.229607
vn 0.866547 -0.443145 -0.229607
vn 0.210681 -0.128506 0.969072
vn 0.210681 -0.128506 0.969072
vn 0.210681 -0.128506 0.969072
vn 0.210681 -0.128506 0.969072
vn -0.209878 0.019555 0.977532
vn -0.209878 0.019555 0.977532
vn -0.209878 0.019555 0.977532
vn -0.209878 0.019555 0.977532
vn -0.421062 -0.140047 -0.896155
vn -0.421062 -0.140047 -0.896155
vn -0.421062 -0.140047 -0.896155
vn -0.421062 -0.140047 -0.896155
vn 0.902259 -0.427268 0.058067
vn 0.902259 -0.427268 0.058067
vn 0.902259 -0.427268 0.058067
vn 0.902259 -0.427268 0.058067
vn 0.460932 -0.402309 -0.791005
vn 0.460932 -0.402309 -0.791005
vn 0.460932 -0.402309 -0.791005
vn 0.460932 -0.402309 -0.791005
vn -0.852580 -0.014954 -0.522383
vn -0.852580 -0.014954 -0.522383
vn -0.852580 -0.014954 -0.522383
vn -0.852580 -0.014954 -0.522383
vn -0.926759 0.108788 0.359558
vn -0.926759 0.108788 0.359558
vn -0.926759 0.108788 0.359558
vn -0.926759 0.108788 0.359558
vn -0.803859 0.509678 0.306659
vn -0.803859 0.509678 0.306659
vn -0.803859 0.509678 0.306659
vn -0.803859 0.509678 0.306659
vn -0.733640 0.386027 -0.559245
vn -0.733640 0.386027 -0.559245
vn -0.733640 0.386027 -0.559245
vn -0.733640 0.386027 -0.559245
vn 0.325860 0.057716 -0.943655
vn 0.325860 0.057716 -0.943655
vn 0.325860 0.057716 -0.943655
vn 0.325860 0.057716 -0.943655
vn 0.998703 -0.050547 0.006047
vn 0.998703 -0.050547 0.006047
vn 0.998703 -0.050547 0.006047
vn 0.998703 -0.050547 0.006047
vn -0.350668 0.228448 -0.908209
vn -0.350668 0.228448 -0.908209
vn -0.350668 0.228448 -0.908209
vn -0.350668 0.228448 -0.908209
vn -0.177872 0.407195 0.895854
vn -0.177872 0.407195 0.895854
vn -0.177872 0.407195 0.895854
vn -0.177872 0.407195 0.895854
vn 0.102287 0.344109 0.933341
vn 0.102287 0.344109 0.933341
vn 0.102287 0.344109 0.933341
vn 0.102287 0.344109 0.933341
vn 0.945760 -0.079289 -0.315043
vn 0.945760 -0.079289 -0.315043
vn 0.945760 -0.079289 -0.315043
vn 0.945760 -0.079289 -0.315043
vn 0.976557 0.165193 -0.138012
vn 0.976557 0.165193 -0.138012
vn 0.976557 0.165193 -0.138012
vn 0.976557 0.165193 -0.138012
vn -0.477548 0.303307 -0.824592
vn -0.477548 0.303307 -0.824592
vn -0.477548 0.303307 -0.824592
vn -0.477548 0.303307 -0.824592
vn -0.832465 0.528031 0.167887
vn -0.832465 0.528031 0.167887
vn -0.832465 0.528031 0.167887
vn -0.832465 0.528031 0.167887
vn 0.636456 -0.064770 0.768589
vn 0.636456 -0.064770 0.768589
vn 0.636456 -0.064770 0.768589
vn -0.204175 -0.047489 0.977782
vn -0.204175 -0.047489 0.977782
vn -0.204175 -0.047489 0.977782
vn -0.227959 0.669407 0.707057
vn -0.227959 0.669407 0.707057
vn -0.227959 0.669407 0.707057
vn -0.227959 0.669407 0.707057
vn 0.586918 0.408018 -0.699320
vn 0.586918 0.408018 -0.699320
vn 0.586918 0.408018 -0.699320
vn 0.586918 0.408018 -0.699320
vn 0.994219 0.104353 -0.025277
vn 0.994219 0.104353 -0.025277
vn 0.994219 0.104353 -0.025277
vn 0.994219 0.104353 -0.025277
vn -0.832158 0.396952 -0.387225
vn -0.832158 0.396952 -0.387225
vn -0.832158 0.396952 -0.387225
vn -0.832158 0.396952 -0.387225
vn 0.971960 -0.234403 -0.018692
vn 0.971960 -0.234403 -0.018692
vn 0.971960 -0.234403 -0.018692
vn 0.971960 -0.234403 -0.018692
vn 0.974163 -0.185415 0.128949
vn 0.974163 -0.185415 0.128949
vn 0.974163 -0.185415 0.128949
vn 0.974163 -0.185415 0.128949
vn 0.995965 -0.073757 0.051128
vn 0.995965 -0.073757 0.051128
vn 0.995965 -0.073757 0.051128
vn 0.995965 -0.073757 0.051128
vn 0.999904 -0.013332 0.003912
vn 0.999904 -0.013332 0.003912
vn 0.999904 -0.013332 0.003912
vn 0.999904 -0.013332 0.003912
vn 0.189080 0.645765 0.739754
vn 0.189080 0.645765 0.739754
vn 0.189080 0.645765 0.739754
vn 0.225167 0.254270 -0.940557
vn 0.225167 0.254270 -0.940557
vn 0.225167 0.254270 -0.940557
vn 0.666381 -0.236101 -0.707243
vn 0.666381 -0.236101 -0.707243
vn 0.666381 -0.236101 -0.707243
vn 0.485658 0.060117 0.872079
vn 0.485658 0.060117 0.872079
vn 0.485658 0.060117 0.872079
vn 0.485658 0.060117 0.872079
vn 0.522874 -0.076000 0.849015
vn 0.522874 -0.076000 0.849015
vn 0.522874 -0.076000 0.849015
vn 0.439148 -0.049494 0.897050
vn 0.439148 -0.049494 0.897050
vn 0.439148 -0.049494 0.897050
vn 0.439148 -0.049494 0.897050
vn 0.581061 -0.278236 -0.764822
vn 0.581061 -0.278236 -0.764822
vn 0.581061 -0.278236 -0.764822
vn 0.593147 -0.257737 -0.762724
vn 0.593147 -0.257737 -0.762724
vn 0.593147 -0.257737 -0.762724
vn 0.593147 -0.257737 -0.762724
vn -0.437467 -0.184852 -0.880030
vn -0.437467 -0.184852 -0.880030
vn -0.437467 -0.184852 -0.880030
vn -0.498838 -0.002167 -0.866693
vn -0.498838 -0.002167 -0.866693
vn -0.498838 -0.002167 -0.866693
vn -0.498838 -0.002167 -0.866693
vn 0.142474 -0.134043 -0.980680
vn 0.142474 -0.134043 -0.980680
vn 0.142474 -0.134043 -0.980680
vn -0.666971 0.530544 0.523137
vn -0.666971 0.530544 0.523137
vn -0.666971 0.530544 0.523137
vn 0.259480 0.071210 0.963120
vn 0.259480 0.071210 0.963120
vn 0.259480 0.071210 0.963120
vn -0.149180 -0.080400 0.985536
vn -0.149180 -0.080400 0.985536
vn -0.149180 -0.080400 0.985536
vn -0.972263 0.131238 0.193602
vn -0.972263 0.131238 0.193602
vn -0.972263 0.131238 0.193602
vn -0.972263 0.131238 0.193602
vn -0.957238 0.068297 -0.281124
vn -0.957238 0.068297 -0.281124
vn -0.957238 0.068297 -0.281124
vn -0.957238 0.068297 -0.281124
vn -0.967565 0.045512 -0.248491
vn -0.967565 0.045512 -0.248491
vn -0.967565 0.045512 -0.248491
vn -0.979639 0.049762 0.194502
vn -0.979639 0.049762 0.194502
vn -0.979639 0.049762 0.194502
vn -0.981907 0.031900 0.186660
vn -0.981907 0.031900 0.186660
vn -0.981907 0.031900 0.186660
vn -0.981907 -0.031900 -0.186660
vn -0.981907 -0.031900 -0.186660
vn -0.981907 -0.031900 -0.186660
vn -0.201378 -0.115685 0.972658
vn -0.201378 -0.115685 0.972658
vn -0.201378 -0.115685 0.972658
vn -0.423951 -0.170865 -0.889422
vn -0.423951 -0.170865 -0.889422
vn -0.423951 -0.170865 -0.889422
vn 0.084884 0.674560 0.733324
vn 0.084884 0.674560 0.733324
vn 0.084884 0.674560 0.733324
vn 0.084884 0.674560 0.733324
vn 0.090586 -0.867692 -0.488779
vn 0.090586 -0.867692 -0.488779
vn 0.090586 -0.867692 -0.488779
vn 0.090586 -0.867692 -0.488779
vn 0.090586 -0.867692 -0.488779
vn -0.051692 0.722498 0.689438
vn -0.051692 0.722498 0.689438
vn -0.051692 0.722498 0.689438
vn 0.982585 -0.160165 0.094202
vn 0.982585 -0.160165 0.094202
vn 0.982585 -0.160165 0.094202
vn 0.982585 -0.160165 0.094202
vn 0.081089 0.374571 0.923645
vn 0.081089 0.374571 0.923645
vn 0.081089 0.374571 0.923645
vn 0.081089 0.374571 0.923645
vn 0.908415 -0.021162 0.417534
vn 0.908415 -0.021162 0.417534
vn 0.908415 -0.021162 0.417534
vn 0.908415 -0.021162 0.417534
vn 0.207277 0.050010 0.977003
vn 0.207277 0.050010 0.977003
vn 0.207277 0.050010 0.977003
vn 0.207277 0.050010 0.977003
vn -0.901795 0.432093 -0.007777
vn -0.901795 0.432093 -0.007777
vn -0.901795 0.432093 -0.007777
vn -0.901795 0.432093 -0.007777
vn -0.425845 -0.821337 0.379556
vn -0.425845 -0.821337 0.379556
vn -0.425845 -0.821337 0.379556
vn -0.425845 -0.821337 0.379556
vn 0.161278 -0.249688 -0.954801
vn 0.161278 -0.249688 -0.954801
vn 0.161278 -0.249688 -0.954801
vn 0.161278 -0.249688 -0.954801
vn 0.959612 -0.080151 0.269670
vn 0.959612 -0.080151 0.269670
vn 0.959612 -0.080151 0.269670
vn 0.959612 -0.080151 0.269670
vn -0.991497 -0.121739 -0.045972
vn -0.991497 -0.121739 -0.045972
vn -0.991497 -0.121739 -0.045972
vn -0.991497 -0.121739 -0.045972
vn 0.274373 0.943432 0.186161
vn 0.274373 0.943432 0.186161
vn 0.274373 0.943432 0.186161
vn 0.274373 0.943432 0.186161
vn 0.090287 0.388768 0.916901
vn 0.090287 0.388768 0.916901
vn 0.090287 0.388768 0.916901
vn 0.090287 0.388768 0.916901
vn -0.995683 -0.048358 -0.079227
vn -0.995683 -0.048358 -0.079227
vn -0.995683 -0.048358 -0.079227
vn -0.995683 -0.048358 -0.079227
vn 0.964836 -0.017574 0.262264
vn 0.964836 -0.017574 0.262264
vn 0.964836 -0.017574 0.262264
vn 0.964836 -0.017574 0.262264
vn 0.156873 -0.146853 -0.976640
vn 0.156873 -0.146853 -0.976640
vn 0.156873 -0.146853 -0.976640
vn 0.156873 -0.146853 -0.976640
vn 0.137087 0.149381 0.979231
vn 0.137087 0.149381 0.979231
vn 0.137087 0.149381 0.979231
vn 0.137087 0.149381 0.979231
vn -0.541143 0.029037 0.840429
vn -0.541143 0.029037 0.840429
vn -0.541143 0.029037 0.840429
vn -0.541143 0.029037 0.840429
vn -0.466257 0.128186 0.875313
vn -0.466257 0.128186 0.875313
vn -0.466257 0.128186 0.875313
vn -0.466257 0.128186 0.875313
vn -0.418548 0.434895 0.797298
vn -0.418548 0.434895 0.797298
vn -0.418548 0.434895 0.797298
vn -0.418548 0.434895 0.797298
vn -0.479768 0.450362 0.752992
vn -0.479768 0.450362 0.752992
vn -0.479768 0.450362 0.752992
vn -0.479768 0.450362 0.752992
vn -0.460256 0.679684 0.571134
vn -0.460256 0.679684 0.571134
vn -0.460256 0.679684 0.571134
vn -0.460256 0.679684 0.571134
vn -0.382755 0.923515 0.024876
vn -0.382755 0.923515 0.024876
vn -0.382755 0.923515 0.024876
vn -0.382755 0.923515 0.024876
vn -0.115185 0.914780 0.387181
vn -0.115185 0.914780 0.387181
vn -0.115185 0.914780 0.387181
vn -0.334153 0.686477 0.645826
vn -0.334153 0.686477 0.645826
vn -0.334153 0.686477 0.645826
vn -0.115284 0.914770 0.387177
vn -0.115284 0.914770 0.387177
vn -0.115284 0.914770 0.387177
vn -0.991078 0.078277 0.107879
vn -0.991078 0.078277 0.107879
vn -0.991078 0.078277 0.107879
vn -0.991078 0.078277 0.107879
vn -0.883752 0.380139 0.272903
vn -0.883752 0.380139 0.272903
vn -0.883752 0.380139 0.272903
vn -0.869023 -0.000474 -0.494772
vn -0.869023 -0.000474 -0.494772
vn -0.869023 -0.000474 -0.494772
vn -0.869023 -0.000474 -0.494772
vn 0.783281 0.102960 0.613082
vn 0.783281 0.102960 0.613082
vn 0.783281 0.102960 0.613082
vn 0.896528 0.187812 0.401203
vn 0.896528 0.187812 0.401203
vn 0.896528 0.187812 0.401203
vn 0.896528 0.187812 0.401203
vn 0.535617 0.296233 0.790798
vn 0.535617 0.296233 0.790798
vn 0.535617 0.296233 0.790798
vn 0.183175 -0.155510 -0.970703
vn 0.183175 -0.155510 -0.970703
vn 0.183175 -0.155510 -0.970703
vn 0.183175 -0.155510 -0.970703
vn 0.226660 -0.252133 -0.940773
vn 0.226660 -0.252133 -0.940773
vn 0.226660 -0.252133 -0.940773
vn 0.226660 -0.252133 -0.940773
vn 0.298254 -0.818569 0.490907
vn 0.298254 -0.818569 0.490907
vn 0.298254 -0.818569 0.490907
vn 0.298254 -0.818569 0.490907
vn 0.426362 0.679825 0.596702
vn 0.426362 0.679825 0.596702
vn 0.426362 0.679825 0.596702
vn 0.426362 0.679825 0.596702
vn 0.186273 0.036731 -0.981811
vn 0.186273 0.036731 -0.981811
vn 0.186273 0.036731 -0.981811
vn 0.186273 0.036731 -0.981811
vn 0.250979 0.215140 0.943782
vn 0.250979 0.215140 0.943782
vn 0.250979 0.215140 0.943782
vn 0.250979 0.215140 0.943782
vn -0.933352 0.093193 -0.346654
vn -0.933352 0.093193 -0.346654
vn -0.933352 0.093193 -0.346654
vn -0.933352 0.093193 -0.346654
vn 0.938593 -0.345023 0.001390
vn 0.938593 -0.345023 0.001390
vn 0.938593 -0.345023 0.001390
vn 0.938593 -0.345023 0.001390
vn 0.583942 -0.047902 -0.810381
vn 0.583942 -0.047902 -0.810381
vn 0.583942 -0.047902 -0.810381
vn 0.583942 -0.047902 -0.810381
vn -0.240173 0.336260 0.910630
vn -0.240173 0.336260 0.910630
vn -0.240173 0.336260 0.910630
vn -0.240173 0.336260 0.910630
vn -0.240173 0.336260 0.910630
vn -0.953780 0.200163 0.224139
vn -0.953780 0.200163 0.224139
vn -0.953780 0.200163 0.224139
vn -0.953780 0.200163 0.224139
vn -0.517037 0.126231 -0.846604
vn -0.517037 0.126231 -0.846604
vn -0.517037 0.126231 -0.846604
vn -0.517037 0.126231 -0.846604
vn 0.971619 -0.230201 0.054435
vn 0.971619 -0.230201 0.054435
vn 0.971619 -0.230201 0.054435
vn 0.971619 -0.230201 0.054435
vn -0.837747 -0.253748 -0.483520
vn -0.837747 -0.253748 -0.483520
vn -0.837747 -0.253748 -0.483520
vn 0.364055 -0.301904 -0.881089
vn 0.364055 -0.301904 -0.881089
vn 0.364055 -0.301904 -0.881089
vn -0.854018 -0.053947 -0.517439
vn -0.854018 -0.053947 -0.517439
vn -0.854018 -0.053947 -0.517439
vn -0.854018 -0.053947 -0.517439
vn 0.846071 -0.532515 -0.024324
vn 0.846071 -0.532515 -0.024324
vn 0.846071 -0.532515 -0.024324
vn 0.846071 -0.532515 -0.024324
vn 0.825668 -0.560162 0.067016
vn 0.825668 -0.560162 0.067016
vn 0.825668 -0.560162 0.067016
vn -0.807953 -0.585075 0.069996
vn -0.807953 -0.585075 0.069996
vn -0.807953 -0.585075 0.069996
vn 0.955149 -0.035176 -0.294029
vn 0.955149 -0.035176 -0.294029
vn 0.955149 -0.035176 -0.294029
vn 0.955149 -0.035176 -0.294029
vn -0.475336 -0.104511 -0.873575
vn -0.475336 -0.104511 -0.873575
vn -0.475336 -0.104511 -0.873575
vn -0.475336 -0.104511 -0.873575
vn -0.790478 0.097819 0.604629
vn -0.790478 0.097819 0.604629
vn -0.790478 0.097819 0.604629
vn -0.790478 0.097819 0.604629
vn 0.829747 -0.461275 0.314239
vn 0.829747 -0.461275 0.314239
vn 0.829747 -0.461275 0.314239
vn 0.396348 0.157262 0.904531
vn 0.396348 0.157262 0.904531
vn 0.396348 0.157262 0.904531
vn 0.396348 0.157262 0.904531
vn -0.931204 -0.172940 0.320858
vn -0.931204 -0.172940 0.320858
vn -0.931204 -0.172940 0.320858
vn -0.931204 -0.172940 0.320858
vn -0.439538 -0.160124 -0.883836
vn -0.439538 -0.160124 -0.883836
vn -0.439538 -0.160124 -0.883836
vn -0.439538 -0.160124 -0.883836
vn 0.923465 0.069068 -0.377414
vn 0.923465 0.069068 -0.377414
vn 0.923465 0.069068 -0.377414
vn 0.923465 0.069068 -0.377414
vn -0.881170 -0.052773 0.469844
vn -0.881170 -0.052773 0.469844
vn -0.881170 -0.052773 0.469844
vn -0.881170 -0.052773 0.469844
vn -0.299251 -0.939275 0.167963
vn -0.299251 -0.939275 0.167963
vn -0.299251 -0.939275 0.167963
vn 0.853755 0.036163 -0.519418
vn 0.853755 0.036163 -0.519418
vn 0.853755 0.036163 -0.519418
vn 0.853755 0.036163 -0.519418
vn 0.470747 0.135520 0.871798
vn 0.470747 0.135520 0.871798
vn 0.470747 0.135520 0.871798
vn 0.470747 0.135520 0.871798
vn -0.371531 -0.222933 -0.901258
vn -0.371531 -0.222933 -0.901258
vn -0.371531 -0.222933 -0.901258
vn -0.371531 -0.222933 -0.901258
vn 0.470747 -0.073958 -0.879163
vn 0.470747 -0.073958 -0.879163
vn 0.470747 -0.073958 -0.879163
vn 0.470747 -0.073958 -0.879163
vn -0.371531 -0.004038 0.928412
vn -0.371531 -0.004038 0.928412
vn -0.371531 -0.004038 0.928412
vn -0.371531 -0.004038 0.928412
vn 0.190969 -0.891764 0.410230
vn 0.190969 -0.891764 0.410230
vn 0.190969 -0.891764 0.410230
vn 0.396348 -0.060551 -0.916101
vn 0.396348 -0.060551 -0.916101
vn 0.396348 -0.060551 -0.916101
vn 0.396348 -0.060551 -0.916101
vn -0.439538 0.052889 0.896666
vn -0.439538 0.052889 0.896666
vn -0.439538 0.052889 0.896666
vn -0.439538 0.052889 0.896666
vn 0.837295 -0.168009 -0.520298
vn 0.837295 -0.168009 -0.520298
vn 0.837295 -0.168009 -0.520298
vn 0.837295 -0.168009 -0.520298
vn 0.371139 -0.110305 -0.922003
vn 0.371139 -0.110305 -0.922003
vn 0.371139 -0.110305 -0.922003
vn 0.371139 -0.110305 -0.922003
vn 0.190969 -0.963368 -0.188289
vn 0.190969 -0.963368 -0.188289
vn 0.190969 -0.963368 -0.188289
vn 0.853755 0.157671 0.496228
vn 0.853755 0.157671 0.496228
vn 0.853755 0.157671 0.496228
vn 0.853755 0.157671 0.496228
vn -0.299251 -0.952389 0.058348
vn -0.299251 -0.952389 0.058348
vn -0.299251 -0.952389 0.058348
vn -0.881170 -0.162118 -0.444136
vn -0.881170 -0.162118 -0.444136
vn -0.881170 -0.162118 -0.444136
vn -0.881170 -0.162118 -0.444136
vn 0.923465 0.156149 0.350470
vn 0.923465 0.156149 0.350470
vn 0.923465 0.156149 0.350470
vn 0.923465 0.156149 0.350470
vn -0.931204 -0.243749 -0.271007
vn -0.931204 -0.243749 -0.271007
vn -0.931204 -0.243749 -0.271007
vn -0.931204 -0.243749 -0.271007
vn -0.854027 -0.061797 -0.516545
vn -0.854027 -0.061797 -0.516545
vn -0.854027 -0.061797 -0.516545
vn -0.854027 -0.061797 -0.516545
vn 0.955149 0.035176 0.294029
vn 0.955149 0.035176 0.294029
vn 0.955149 0.035176 0.294029
vn 0.955149 0.035176 0.294029
vn 0.301064 -0.894785 0.329729
vn 0.301064 -0.894785 0.329729
vn 0.301064 -0.894785 0.329729
vn -0.108386 -0.905067 0.411226
vn -0.108386 -0.905067 0.411226
vn -0.108386 -0.905067 0.411226
vn -0.108386 -0.976531 -0.186119
vn -0.108386 -0.976531 -0.186119
vn -0.108386 -0.976531 -0.186119
vn 0.301064 -0.947314 -0.109348
vn 0.301064 -0.947314 -0.109348
vn 0.301064 -0.947314 -0.109348
vn 0.955149 -0.035176 -0.294029
vn 0.955149 -0.035176 -0.294029
vn 0.955149 -0.035176 -0.294029
vn 0.955149 -0.035176 -0.294029
vn -0.475336 -0.104511 -0.873575
vn -0.475336 -0.104511 -0.873575
vn -0.475336 -0.104511 -0.873575
vn -0.475336 -0.104511 -0.873575
vn -0.854027 0.061797 0.516545
vn -0.854027 0.061797 0.516545
vn -0.854027 0.061797 0.516545
vn -0.854027 0.061797 0.516545
vn 0.371139 0.110305 0.922003
vn 0.371139 0.110305 0.922003
vn 0.371139 0.110305 0.922003
vn 0.371139 0.110305 0.922003
vn 0.396463 0.151632 0.905442
vn 0.396463 0.151632 0.905442
vn 0.396463 0.151632 0.905442
vn 0.396463 0.151632 0.905442
vn -0.939511 -0.127039 0.318089
vn -0.939511 -0.127039 0.318089
vn -0.939511 -0.127039 0.318089
vn -0.939511 -0.127039 0.318089
vn -0.439644 -0.153807 -0.884905
vn -0.439644 -0.153807 -0.884905
vn -0.439644 -0.153807 -0.884905
vn -0.439644 -0.153807 -0.884905
vn 0.924789 0.055902 -0.376352
vn 0.924789 0.055902 -0.376352
vn 0.924789 0.055902 -0.376352
vn 0.924789 0.055902 -0.376352
vn -0.882304 -0.040191 0.468961
vn -0.882304 -0.040191 0.468961
vn -0.882304 -0.040191 0.468961
vn -0.882304 -0.040191 0.468961
vn -0.299251 -0.939275 0.167963
vn -0.299251 -0.939275 0.167963
vn -0.299251 -0.939275 0.167963
vn 0.855371 0.014298 -0.517819
vn 0.855371 0.014298 -0.517819
vn 0.855371 0.014298 -0.517819
vn 0.855371 0.014298 -0.517819
vn 0.470832 0.128590 0.872801
vn 0.470832 0.128590 0.872801
vn 0.470832 0.128590 0.872801
vn 0.470832 0.128590 0.872801
vn -0.372450 -0.197810 -0.906726
vn -0.372450 -0.197810 -0.906726
vn -0.372450 -0.197810 -0.906726
vn -0.372450 -0.197810 -0.906726
vn 0.470832 -0.080930 -0.878503
vn 0.470832 -0.080930 -0.878503
vn 0.470832 -0.080930 -0.878503
vn 0.470832 -0.080930 -0.878503
vn -0.372450 0.021665 0.927800
vn -0.372450 0.021665 0.927800
vn -0.372450 0.021665 0.927800
vn -0.372450 0.021665 0.927800
vn 0.190969 -0.891764 0.410230
vn 0.190969 -0.891764 0.410230
vn 0.190969 -0.891764 0.410230
vn 0.396463 -0.066237 -0.915658
vn 0.396463 -0.066237 -0.915658
vn 0.396463 -0.066237 -0.915658
vn 0.396463 -0.066237 -0.915658
vn -0.439644 0.059280 0.896214
vn -0.439644 0.059280 0.896214
vn -0.439644 0.059280 0.896214
vn -0.439644 0.059280 0.896214
vn -0.475336 0.104511 0.873575
vn -0.475336 0.104511 0.873575
vn -0.475336 0.104511 0.873575
vn -0.475336 0.104511 0.873575
vn 0.371139 -0.110305 -0.922003
vn 0.371139 -0.110305 -0.922003
vn 0.371139 -0.110305 -0.922003
vn 0.371139 -0.110305 -0.922003
vn 0.190969 -0.963368 -0.188289
vn 0.190969 -0.963368 -0.188289
vn 0.190969 -0.963368 -0.188289
vn 0.855371 0.136046 0.499832
vn 0.855371 0.136046 0.499832
vn 0.855371 0.136046 0.499832
vn 0.855371 0.136046 0.499832
vn -0.299251 -0.952389 0.058348
vn -0.299251 -0.952389 0.058348
vn -0.299251 -0.952389 0.058348
vn -0.882304 -0.149683 -0.446245
vn -0.882304 -0.149683 -0.446245
vn -0.882304 -0.149683 -0.446245
vn -0.882304 -0.149683 -0.446245
vn 0.924789 0.143104 0.352544
vn 0.924789 0.143104 0.352544
vn 0.924789 0.143104 0.352544
vn 0.924789 0.143104 0.352544
vn -0.939511 -0.198489 -0.279144
vn -0.939511 -0.198489 -0.279144
vn -0.939511 -0.198489 -0.279144
vn -0.939511 -0.198489 -0.279144
vn -0.854027 -0.061797 -0.516545
vn -0.854027 -0.061797 -0.516545
vn -0.854027 -0.061797 -0.516545
vn -0.854027 -0.061797 -0.516545
vn 0.955149 0.035176 0.294029
vn 0.955149 0.035176 0.294029
vn 0.955149 0.035176 0.294029
vn 0.955149 0.035176 0.294029
vn 0.301064 -0.894785 0.329729
vn 0.301064 -0.894785 0.329729
vn 0.301064 -0.894785 0.329729
vn -0.108386 -0.905067 0.411226
vn -0.108386 -0.905067 0.411226
vn -0.108386 -0.905067 0.411226
vn -0.108386 -0.976531 -0.186119
vn -0.108386 -0.976531 -0.186119
vn -0.108386 -0.976531 -0.186119
vn 0.301064 -0.947314 -0.109348
vn 0.301064 -0.947314 -0.109348
vn 0.301064 -0.947314 -0.109348
vn 0.955149 -0.035176 -0.294029
vn 0.955149 -0.035176 -0.294029
vn 0.955149 -0.035176 -0.294029
vn 0.955149 -0.035176 -0.294029
vn -0.475336 -0.104511 -0.873575
vn -0.475336 -0.104511 -0.873575
vn -0.475336 -0.104511 -0.873575
vn -0.475336 -0.104511 -0.873575
vn -0.854027 0.061797 0.516545
vn -0.854027 0.061797 0.516545
vn -0.854027 0.061797 0.516545
vn -0.854027 0.061797 0.516545
vn 0.371139 0.110305 0.922003
vn 0.371139 0.110305 0.922003
vn 0.371139 0.110305 0.922003
vn 0.371139 0.110305 0.922003
vn 0.396363 0.156474 0.904661
vn 0.396363 0.156474 0.904661
vn 0.396363 0.156474 0.904661
vn 0.396363 0.156474 0.904661
vn -0.930714 -0.175238 0.321035
vn -0.930714 -0.175238 0.321035
vn -0.930714 -0.175238 0.321035
vn -0.930714 -0.175238 0.321035
vn -0.439559 -0.159238 -0.883986
vn -0.439559 -0.159238 -0.883986
vn -0.439559 -0.159238 -0.883986
vn -0.439559 -0.159238 -0.883986
vn 0.923682 0.067282 -0.377207
vn 0.923682 0.067282 -0.377207
vn 0.923682 0.067282 -0.377207
vn 0.923682 0.067282 -0.377207
vn -0.881335 -0.051071 0.469723
vn -0.881335 -0.051071 0.469723
vn -0.881335 -0.051071 0.469723
vn -0.881335 -0.051071 0.469723
vn -0.299251 -0.939275 0.167963
vn -0.299251 -0.939275 0.167963
vn -0.299251 -0.939275 0.167963
vn 0.853636 0.037255 -0.519537
vn 0.853636 0.037255 -0.519537
vn 0.853636 0.037255 -0.519537
vn 0.853636 0.037255 -0.519537
vn 0.470741 0.135916 0.871740
vn 0.470741 0.135916 0.871740
vn 0.470741 0.135916 0.871740
vn 0.470741 0.135916 0.871740
vn -0.371462 -0.224119 -0.900992
vn -0.371462 -0.224119 -0.900992
vn -0.371462 -0.224119 -0.900992
vn -0.371462 -0.224119 -0.900992
vn 0.470741 -0.073560 -0.879200
vn 0.470741 -0.073560 -0.879200
vn 0.470741 -0.073560 -0.879200
vn 0.470741 -0.073560 -0.879200
vn -0.371462 -0.005254 0.928433
vn -0.371462 -0.005254 0.928433
vn -0.371462 -0.005254 0.928433
vn -0.371462 -0.005254 0.928433
vn 0.190969 -0.891764 0.410230
vn 0.190969 -0.891764 0.410230
vn 0.190969 -0.891764 0.410230
vn 0.396363 -0.061348 -0.916042
vn 0.396363 -0.061348 -0.916042
vn 0.396363 -0.061348 -0.916042
vn 0.396363 -0.061348 -0.916042
vn -0.439559 0.053785 0.896602
vn -0.439559 0.053785 0.896602
vn -0.439559 0.053785 0.896602
vn -0.439559 0.053785 0.896602
vn -0.475336 0.104511 0.873575
vn -0.475336 0.104511 0.873575
vn -0.475336 0.104511 0.873575
vn -0.475336 0.104511 0.873575
vn 0.371139 -0.110305 -0.922003
vn 0.371139 -0.110305 -0.922003
vn 0.371139 -0.110305 -0.922003
vn 0.371139 -0.110305 -0.922003
vn 0.190969 -0.963368 -0.188289
vn 0.190969 -0.963368 -0.188289
vn 0.190969 -0.963368 -0.188289
vn 0.853636 0.158760 0.496086
vn 0.853636 0.158760 0.496086
vn 0.853636 0.158760 0.496086
vn 0.853636 0.158760 0.496086
vn -0.299251 -0.952389 0.058348
vn -0.299251 -0.952389 0.058348
vn -0.299251 -0.952389 0.058348
vn -0.881335 -0.160435 -0.444419
vn -0.881335 -0.160435 -0.444419
vn -0.881335 -0.160435 -0.444419
vn -0.881335 -0.160435 -0.444419
vn 0.923682 0.154365 0.350690
vn 0.923682 0.154365 0.350690
vn 0.923682 0.154365 0.350690
vn 0.923682 0.154365 0.350690
vn -0.930714 -0.246023 -0.270637
vn -0.930714 -0.246023 -0.270637
vn -0.930714 -0.246023 -0.270637
vn -0.930714 -0.246023 -0.270637
vn -0.854027 -0.061797 -0.516545
vn -0.854027 -0.061797 -0.516545
vn -0.854027 -0.061797 -0.516545
vn -0.854027 -0.061797 -0.516545
vn 0.955149 0.035176 0.294029
vn 0.955149 0.035176 0.294029
vn 0.955149 0.035176 0.294029
vn 0.955149 0.035176 0.294029
vn 0.301064 -0.894785 0.329729
vn 0.301064 -0.894785 0.329729
vn 0.301064 -0.894785 0.329729
vn -0.108386 -0.905067 0.411226
vn -0.108386 -0.905067 0.411226
vn -0.108386 -0.905067 0.411226
vn -0.108386 -0.976531 -0.186119
vn -0.108386 -0.976531 -0.186119
vn -0.108386 -0.976531 -0.186119
vn 0.301064 -0.947314 -0.109348
vn 0.301064 -0.947314 -0.109348
vn 0.301064 -0.947314 -0.109348
vn 0.955149 -0.035176 -0.294029
vn 0.955149 -0.035176 -0.294029
vn 0.955149 -0.035176 -0.294029
vn 0.955149 -0.035176 -0.294029
vn -0.475336 -0.104511 -0.873575
vn -0.475336 -0.104511 -0.873575
vn -0.475336 -0.104511 -0.873575
vn -0.475336 -0.104511 -0.873575
vn -0.854027 0.061797 0.516545
vn -0.854027 0.061797 0.516545
vn -0.854027 0.061797 0.516545
vn -0.854027 0.061797 0.516545
vn 0.371139 0.110305 0.922003
vn 0.371139 0.110305 0.922003
vn 0.371139 0.110305 0.922003
vn 0.371139 0.110305 0.922003
vn 0.396054 0.171965 0.901981
vn 0.396054 0.171965 0.901981
vn 0.396054 0.171965 0.901981
vn 0.396054 0.171965 0.901981
vn -0.925847 -0.197659 0.322085
vn -0.925847 -0.197659 0.322085
vn -0.925847 -0.197659 0.322085
vn -0.925847 -0.197659 0.322085
vn -0.439038 -0.176400 -0.880982
vn -0.439038 -0.176400 -0.880982
vn -0.439038 -0.176400 -0.880982
vn -0.439038 -0.176400 -0.880982
vn 0.919291 0.103234 -0.379799
vn 0.919291 0.103234 -0.379799
vn 0.919291 0.103234 -0.379799
vn 0.919291 0.103234 -0.379799
vn -0.877540 -0.085467 0.471826
vn -0.877540 -0.085467 0.471826
vn -0.877540 -0.085467 0.471826
vn -0.877540 -0.085467 0.471826
vn -0.299251 -0.939275 0.167963
vn -0.299251 -0.939275 0.167963
vn -0.299251 -0.939275 0.167963
vn 0.852666 0.048052 -0.520242
vn 0.852666 0.048052 -0.520242
vn 0.852666 0.048052 -0.520242
vn 0.852666 0.048052 -0.520242
vn 0.470730 0.139277 0.871215
vn 0.470730 0.139277 0.871215
vn 0.470730 0.139277 0.871215
vn 0.470730 0.139277 0.871215
vn -0.370849 -0.236555 -0.898061
vn -0.370849 -0.236555 -0.898061
vn -0.370849 -0.236555 -0.898061
vn -0.370849 -0.236555 -0.898061
vn 0.470730 -0.070170 -0.879483
vn 0.470730 -0.070170 -0.879483
vn 0.470730 -0.070170 -0.879483
vn 0.470730 -0.070170 -0.879483
vn -0.370849 -0.018030 0.928518
vn -0.370849 -0.018030 0.928518
vn -0.370849 -0.018030 0.928518
vn -0.370849 -0.018030 0.928518
vn 0.190969 -0.891764 0.410230
vn 0.190969 -0.891764 0.410230
vn 0.190969 -0.891764 0.410230
vn 0.396054 -0.045662 -0.917091
vn 0.396054 -0.045662 -0.917091
vn 0.396054 -0.045662 -0.917091
vn 0.396054 -0.045662 -0.917091
vn -0.439038 0.036398 0.897731
vn -0.439038 0.036398 0.897731
vn -0.439038 0.036398 0.897731
vn -0.439038 0.036398 0.897731
vn -0.475336 0.104511 0.873575
vn -0.475336 0.104511 0.873575
vn -0.475336 0.104511 0.873575
vn -0.475336 0.104511 0.873575
vn 0.371139 -0.110305 -0.922003
vn 0.371139 -0.110305 -0.922003
vn 0.371139 -0.110305 -0.922003
vn 0.371139 -0.110305 -0.922003
vn 0.190969 -0.963368 -0.188289
vn 0.190969 -0.963368 -0.188289
vn 0.190969 -0.963368 -0.188289
vn 0.852666 0.169419 0.494225
vn 0.852666 0.169419 0.494225
vn 0.852666 0.169419 0.494225
vn 0.852666 0.169419 0.494225
vn -0.299251 -0.952389 0.058348
vn -0.299251 -0.952389 0.058348
vn -0.299251 -0.952389 0.058348
vn -0.877540 -0.194357 -0.438349
vn -0.877540 -0.194357 -0.438349
vn -0.877540 -0.194357 -0.438349
vn -0.877540 -0.194357 -0.438349
vn 0.919291 0.189914 0.344728
vn 0.919291 0.189914 0.344728
vn 0.919291 0.189914 0.344728
vn 0.919291 0.189914 0.344728
vn -0.925847 -0.268059 -0.266368
vn -0.925847 -0.268059 -0.266368
vn -0.925847 -0.268059 -0.266368
vn -0.925847 -0.268059 -0.266368
vn -0.854027 -0.061797 -0.516545
vn -0.854027 -0.061797 -0.516545
vn -0.854027 -0.061797 -0.516545
vn -0.854027 -0.061797 -0.516545
vn 0.955149 0.035176 0.294029
vn 0.955149 0.035176 0.294029
vn 0.955149 0.035176 0.294029
vn 0.955149 0.035176 0.294029
vn 0.301064 -0.894785 0.329729
vn 0.301064 -0.894785 0.329729
vn 0.301064 -0.894785 0.329729
vn -0.108386 -0.905067 0.411226
vn -0.108386 -0.905067 0.411226
vn -0.108386 -0.905067 0.411226
vn -0.108386 -0.976531 -0.186119
vn -0.108386 -0.976531 -0.186119
vn -0.108386 -0.976531 -0.186119
vn 0.301064 -0.947314 -0.109348
vn 0.301064 -0.947314 -0.109348
vn 0.301064 -0.947314 -0.109348
vn 0.000000 -0.992920 0.118789
vn 0.000000 -0.992920 0.118789
vn 0.000000 -0.992920 0.118789
vn 0.000000 -0.992920 0.118789
vn 0.000000 -0.992920 0.118789
vn 0.000000 -0.992920 0.118789
vn 0.000000 -0.992920 0.118789
vn 0.000000 -0.992920 0.118789
vn 0.000000 -0.992920 0.118789
vn 0.000000 -0.992920 0.118789
vn 0.000000 -0.992920 0.118789
vn 0.000000 -0.992920 0.118789
vn 0.000000 -0.992920 0.118789
vn 0.000000 -0.992920 0.118789
vn 0.000000 -0.992920 0.118789
vn 0.000000 -0.992920 0.118789
vn 0.000000 -0.992920 0.118789
vn 0.000000 -0.992920 0.118789
vn 0.000000 -0.992920 0.118789
vn 0.000000 -0.992920 0.118789
vn 0.000000 -0.992920 0.118789
vn 0.000000 -0.992920 0.118789
vn 0.000000 -0.992920 0.118789
vn 0.000000 -0.992920 0.118789
vn 0.410167 0.098202 0.906708
vn 0.410167 0.098202 0.906708
vn 0.410167 0.098202 0.906708
vn 0.410167 0.098202 0.906708
vn -0.321954 0.122784 0.938760
vn -0.321954 0.122784 0.938760
vn -0.321954 0.122784 0.938760
vn -0.321954 0.122784 0.938760
vn 0.628155 -0.517060 -0.581439
vn 0.628155 -0.517060 -0.581439
vn 0.628155 -0.517060 -0.581439
vn 0.628155 -0.517060 -0.581439
vn 0.695741 -0.654662 0.295571
vn 0.695741 -0.654662 0.295571
vn 0.695741 -0.654662 0.295571
vn 0.852946 -0.519889 -0.046883
vn 0.852946 -0.519889 -0.046883
vn 0.852946 -0.519889 -0.046883
vn 0.852946 -0.519889 -0.046883
vn 0.813354 -0.579858 0.047113
vn 0.813354 -0.579858 0.047113
vn 0.813354 -0.579858 0.047113
vn 0.813354 -0.579858 0.047113
vn -0.507143 0.070975 -0.858935
vn -0.507143 0.070975 -0.858935
vn -0.507143 0.070975 -0.858935
vn -0.507143 0.070975 -0.858935
vn -0.469450 -0.089778 -0.878383
vn -0.469450 -0.089778 -0.878383
vn -0.469450 -0.089778 -0.878383
vn -0.469450 -0.089778 -0.878383
vn 0.777730 -0.613301 0.137833
vn 0.777730 -0.613301 0.137833
vn 0.777730 -0.613301 0.137833
vn 0.777730 -0.613301 0.137833
vn 0.921898 -0.293639 -0.252748
vn 0.921898 -0.293639 -0.252748
vn 0.921898 -0.293639 -0.252748
vn 0.814462 -0.575024 0.077456
vn 0.814462 -0.575024 0.077456
vn 0.814462 -0.575024 0.077456
vn 0.814462 -0.575024 0.077456
vn 0.813784 -0.574103 0.090339
vn 0.813784 -0.574103 0.090339
vn 0.813784 -0.574103 0.090339
vn 0.813784 -0.574103 0.090339
vn 0.891445 -0.323761 0.317025
vn 0.891445 -0.323761 0.317025
vn 0.891445 -0.323761 0.317025
vn 0.861976 -0.484937 0.147761
vn 0.861976 -0.484937 0.147761
vn 0.861976 -0.484937 0.147761
vn 0.861976 -0.484937 0.147761
vn 0.814256 -0.574636 0.082345
vn 0.814256 -0.574636 0.082345
vn 0.814256 -0.574636 0.082345
vn 0.814256 -0.574636 0.082345
vn 0.850813 -0.524593 0.030326
vn 0.850813 -0.524593 0.030326
vn 0.850813 -0.524593 0.030326
vn 0.850813 -0.524593 0.030326
vn 0.825668 -0.560162 0.067016
vn 0.825668 -0.560162 0.067016
vn 0.825668 -0.560162 0.067016
vn 0.325365 -0.176817 0.928910
vn 0.325365 -0.176817 0.928910
vn 0.325365 -0.176817 0.928910
vn 0.325365 -0.176817 0.928910
vn 0.287755 -0.239958 0.927155
vn 0.287755 -0.239958 0.927155
vn 0.287755 -0.239958 0.927155
vn 0.287755 -0.239958 0.927155
vn -0.754402 -0.609439 0.243846
vn -0.754402 -0.609439 0.243846
vn -0.754402 -0.609439 0.243846
vn -0.754402 -0.609439 0.243846
vn -0.754402 -0.609439 0.243846
vn -0.729378 -0.569257 -0.379413
vn -0.729378 -0.569257 -0.379413
vn -0.729378 -0.569257 -0.379413
vn -0.835241 -0.146804 0.529926
vn -0.835241 -0.146804 0.529926
vn -0.835241 -0.146804 0.529926
vn -0.895505 -0.441835 -0.053408
vn -0.895505 -0.441835 -0.053408
vn -0.895505 -0.441835 -0.053408
vn -0.895505 -0.441835 -0.053408
vn -0.895505 -0.441835 -0.053408
vn -0.715868 -0.688935 -0.113585
vn -0.715868 -0.688935 -0.113585
vn -0.715868 -0.688935 -0.113585
vn -0.715868 -0.688935 -0.113585
vn -0.867871 -0.467647 0.167650
vn -0.867871 -0.467647 0.167650
vn -0.867871 -0.467647 0.167650
vn -0.867871 -0.467647 0.167650
vn -0.951664 -0.307111 -0.004253
vn -0.951664 -0.307111 -0.004253
vn -0.951664 -0.307111 -0.004253
vn -0.894598 -0.335105 0.295635
vn -0.894598 -0.335105 0.295635
vn -0.894598 -0.335105 0.295635
vn -0.894598 -0.335105 0.295635
vn -0.907488 -0.394198 0.145167
vn -0.907488 -0.394198 0.145167
vn -0.907488 -0.394198 0.145167
vn -0.907488 -0.394198 0.145167
vn -0.187268 -0.055689 0.980729
vn -0.187268 -0.055689 0.980729
vn -0.187268 -0.055689 0.980729
vn -0.187268 -0.055689 0.980729
vn -0.874097 -0.384164 0.297273
vn -0.874097 -0.384164 0.297273
vn -0.874097 -0.384164 0.297273
vn -0.874097 -0.384164 0.297273
vn -0.717971 -0.179715 0.672473
vn -0.717971 -0.179715 0.672473
vn -0.717971 -0.179715 0.672473
vn 0.203705 0.175412 0.963190
vn 0.203705 0.175412 0.963190
vn 0.203705 0.175412 0.963190
vn 0.203705 0.175412 0.963190
vn -0.938216 -0.301152 0.170465
vn -0.938216 -0.301152 0.170465
vn -0.902259 -0.427268 0.058067
vn -0.902259 -0.427268 0.058067
vn -0.529010 -0.141792 0.836686
vn -0.529010 -0.141792 0.836686
vn -0.210681 -0.128506 0.969072
vn -0.210681 -0.128506 0.969072
vn 0.318466 0.064972 0.945705
vn 0.318466 0.064972 0.945705
vn 0.209878 0.019555 0.977532
vn 0.209878 0.019555 0.977532
vn 0.943674 0.086940 0.319251
vn 0.943674 0.086940 0.319251
vn 0.926759 0.108788 0.359558
vn 0.926759 0.108788 0.359558
vn 0.920441 -0.003240 -0.390868
vn 0.920441 -0.003240 -0.390868
vn 0.852580 -0.014954 -0.522383
vn 0.852580 -0.014954 -0.522383
vn 0.363373 -0.144417 -0.920382
vn 0.363373 -0.144417 -0.920382
vn 0.421062 -0.140047 -0.896155
vn 0.421062 -0.140047 -0.896155
vn -0.556988 -0.325764 -0.763965
vn -0.556988 -0.325764 -0.763965
vn -0.460932 -0.402309 -0.791005
vn -0.460932 -0.402309 -0.791005
vn -0.912741 -0.331969 -0.238117
vn -0.912741 -0.331969 -0.238117
vn -0.866547 -0.443145 -0.229607
vn -0.866547 -0.443145 -0.229607
vn -0.548449 0.829761 -0.103441
vn -0.375459 0.814679 -0.441959
vn 0.803859 0.509678 0.306659
vn 0.803859 0.509678 0.306659
vn 0.372418 -0.814910 0.444101
vn 0.547463 -0.830442 0.103201
vn 0.803859 0.509678 0.306659
vn 0.803859 0.509678 0.306659
vn -0.338510 0.906940 0.250740
vn 0.733640 0.386027 -0.559245
vn 0.335589 -0.907368 -0.253108
vn 0.733640 0.386027 -0.559245
vn 0.086013 0.995262 0.045344
vn -0.097635 0.963848 0.247919
vn -0.325860 0.057716 -0.943655
vn -0.325860 0.057716 -0.943655
vn 0.094593 -0.964111 -0.248076
vn -0.089309 -0.995118 -0.041990
vn -0.325860 0.057716 -0.943655
vn -0.325860 0.057716 -0.943655
vn 0.093649 0.948148 -0.303718
vn 0.130844 0.985901 -0.104302
vn -0.998703 -0.050547 0.006047
vn -0.998703 -0.050547 0.006047
vn -0.132049 -0.985826 0.103494
vn -0.094333 -0.948931 0.301051
vn -0.998703 -0.050547 0.006047
vn -0.998703 -0.050547 0.006047
vn -0.057004 0.856508 -0.512976
vn 0.177872 0.407195 0.895854
vn 0.054202 -0.856135 0.513901
vn 0.177872 0.407195 0.895854
vn -0.179310 0.980853 -0.076002
vn -0.210093 0.968901 -0.130733
vn -0.209557 0.968848 -0.131981
vn -0.183012 0.979942 -0.078870
vn 0.210947 -0.969253 0.126692
vn 0.187619 -0.978922 0.080686
vn -0.902259 -0.427268 0.058067
vn -0.902259 -0.427268 0.058067
vn -0.096024 0.991584 -0.086832
vn -0.096911 0.991612 -0.085516
vn 0.111721 -0.989728 0.089205
vn -0.210681 -0.128506 0.969072
vn -0.114311 0.982387 -0.147814
vn -0.115953 0.982145 -0.148144
vn 0.120712 -0.982202 0.143903
vn 0.209878 0.019555 0.977532
vn -0.144672 0.982768 -0.115055
vn -0.144483 0.983064 -0.112739
vn 0.146742 -0.982438 0.115246
vn 0.926759 0.108788 0.359558
vn -0.119030 0.989990 -0.075842
vn -0.120739 0.989856 -0.074878
vn 0.126637 -0.988654 0.080786
vn 0.852580 -0.014954 -0.522383
vn -0.109797 0.984781 -0.134727
vn -0.110055 0.984649 -0.135475
vn 0.121851 -0.983324 0.135001
vn 0.421062 -0.140047 -0.896155
vn -0.162845 0.971515 -0.172163
vn -0.166667 0.971092 -0.170887
vn 0.168750 -0.971701 0.165290
vn -0.460932 -0.402309 -0.791005
vn -0.107135 -0.993816 -0.029190
vn -0.051627 -0.994641 0.089579
vn -0.796123 0.005865 -0.605107
vn -0.796123 0.005865 -0.605107
vn 0.047457 0.995555 -0.081350
vn 0.086949 0.994491 0.058547
vn -0.796123 0.005865 -0.605107
vn -0.796123 0.005865 -0.605107
vn 0.038999 -0.994576 0.096422
vn 0.099351 -0.994847 -0.020197
vn 0.886821 -0.007035 -0.462059
vn 0.886821 -0.007035 -0.462059
vn -0.081895 0.995364 0.050432
vn -0.036417 0.995321 -0.089496
vn 0.886821 -0.007035 -0.462059
vn 0.886821 -0.007035 -0.462059
vn 0.015707 -0.989675 0.142468
vn 0.943537 0.003869 0.331245
vn -0.018418 0.989098 -0.146101
vn 0.943537 0.003869 0.331245
vn -0.001718 -0.994161 -0.107895
vn -0.502521 0.169074 -0.847872
vn 0.001104 0.992464 0.122530
vn -0.502521 0.169074 -0.847872
vn -0.022359 -0.989219 0.144723
vn -0.891172 0.022180 0.453123
vn 0.023889 0.988599 -0.148667
vn -0.891172 0.022180 0.453123
vn -0.000058 -0.985415 0.170168
vn -0.577046 0.166953 0.799465
vn 0.000136 0.985838 -0.167701
vn -0.577046 0.166953 0.799465
vn -0.065999 -0.970313 0.232672
vn -0.198789 -0.916704 0.346607
vn -0.925476 0.222328 0.306699
vn -0.925476 0.222328 0.306699
vn 0.197188 0.900980 -0.386462
vn 0.047362 0.967079 -0.250030
vn -0.925476 0.222328 0.306699
vn -0.925476 0.222328 0.306699
vn 0.003895 -0.911343 0.411629
vn 0.142009 -0.935245 0.324269
vn -0.564733 -0.401027 -0.721286
vn -0.564733 -0.401027 -0.721286
vn -0.142012 0.935245 -0.324268
vn -0.003894 0.911343 -0.411630
vn -0.564733 -0.401027 -0.721286
vn -0.564733 -0.401027 -0.721286
vn -0.002781 -0.819137 0.573591
vn -0.471858 0.589846 0.655310
vn 0.002783 0.819140 -0.573587
vn -0.471858 0.589846 0.655310
vn -0.136751 -0.940056 0.312399
vn 0.559150 -0.402844 -0.724616
vn 0.136754 0.940057 -0.312396
vn 0.559150 -0.402844 -0.724616
vn 0.187755 -0.923553 0.334362
vn 0.466531 0.591685 0.657463
vn -0.188236 0.908490 -0.373112
vn 0.466531 0.591685 0.657463
vn 0.061755 -0.975735 0.210068
vn 0.907409 -0.204201 -0.367302
vn -0.044006 0.973360 -0.225018
vn 0.907409 -0.204201 -0.367302
s off
g group11 PersonPost
usemtl lambert1SG
f 1325/1890/4776 1334/1891/4777 1364/1889/4778 1327/1895/4779
f 1782/1892/4780 1365/1893/4781 1779/1894/4782
f 1327/1895/4783 1783/1896/4784 1777/1897/4785 1379/1898/4786 1325/1890/4787
f 1324/1899/4788 1776/1900/4789 1783/1896/4790 1327/1895/4791
f 1782/1892/4792 1322/1901/4793 1326/1902/4794
f 1324/1899/4795 1327/1895/4796 1364/1889/4797 1328/1954/4798
f 1794/2031/4799 1793/2032/4800 1338/1905/4801 1330/1904/4802 1331/1903/4803
f 1329/1906/4804 1473/1911/4805 1332/1910/4806 1472/1909/4807 1333/1908/4808 1336/1907/4809
f 1328/1912/4810 1333/1908/4811 1472/1909/4812 1332/1910/4813 1324/1913/4814
f 1335/1914/4815 1322/1916/4816 1778/2033/4817 1841/1915/4818
f 1332/1910/4819 1473/1911/4820 1329/1906/4821 1337/1917/4822 1789/2035/4823 1790/2034/4824
f 1324/1913/4825 1332/1910/4826 1790/2034/4827 1776/1918/4828
f 1331/1903/4829 1330/1904/4830 1336/1907/4831 1333/1908/4832 1494/1920/4833 1471/1919/4834
f 1322/1916/4835 1335/1914/4836 1331/1903/4837 1471/1919/4838 1494/1920/4839 1333/1908/4840 1328/1912/4841
f 1789/2035/4842 1337/1921/4843 1361/2037/4844 1838/2036/4845
f 1330/1904/4846 1470/1922/4847 1329/1906/4848 1336/1907/4849
f 1329/1906/4850 1359/1924/4851 1361/1923/4852 1337/1921/4853
f 1803/1925/4854 1340/2039/4855 1342/2038/4856 1805/1926/4857
f 1354/1927/4858 1356/2042/4859 1341/2041/4860 1346/2040/4861
f 1812/1928/4862 1806/2044/4863 1339/2043/4864 1345/1929/4865
f 1341/2041/4866 1804/2045/4867 1824/1930/4868
f 1356/2042/4869 1823/1932/4870 1804/1931/4871 1341/2041/4872
f 1816/1933/4873 1348/1934/4874 1810/2046/4875
f 1353/2047/4876 1343/2049/4877 1349/2048/4878
f 1822/1935/4879 1812/1928/4880 1345/1929/4881 1350/1936/4882
f 1348/1934/4883 1818/1937/4884 1810/2046/4885
f 1342/2038/4886 1347/1939/4887 1357/1938/4888
f 1344/2050/4889 1346/2040/4890 1814/1940/4891 1818/1937/4892
f 1357/1938/4893 1348/1934/4894 1816/1933/4895
f 1342/2038/4896 1340/2039/4897 1347/1939/4898
f 1355/2051/4899 1354/1927/4900 1346/2040/4901 1344/2050/4902
f 1343/2049/4903 1350/1936/4904 1351/1941/4905 1349/2048/4906
f 1350/1936/4907 1345/1929/4908 1339/2043/4909 1351/1941/4910
f 1348/1934/4911 1344/2050/4912 1818/1937/4913
f 1346/2040/4914 1341/2041/4915 1824/1930/4916 1814/1940/4917
f 1362/1942/4918 1340/2039/4919 1803/2052/4920
f 1340/2039/4921 1353/2047/4922 1349/2048/4923 1355/2051/4924
f 1349/2048/4925 1351/1941/4926 1354/1927/4927 1355/2051/4928
f 1339/2043/4929 1806/1943/4930 1823/1932/4931 1356/2042/4932
f 1351/1941/4933 1339/2043/4934 1356/2042/4935 1354/1927/4936
f 1347/1939/4937 1340/2039/4938 1355/2051/4939 1344/2050/4940
f 1347/1939/4941 1344/2050/4942 1348/1934/4943 1357/1938/4944
f 1805/2053/4945 1342/2038/4946 1357/1938/4947 1816/1933/4948
f 1831/1944/4949 1832/1947/4950 1352/1946/4951 1358/1945/4952
f 1358/1945/4953 1352/1946/4954 1360/1948/4955 1359/2054/4956
f 1359/2054/4957 1360/1948/4958 1362/1949/4959 1361/2037/4960
f 1361/2037/4961 1362/1949/4962 1803/2055/4963 1838/2036/4964
f 1358/1945/4965 1338/1905/4966 1793/2032/4967 1831/1944/4968
f 1809/2056/4969 1822/1935/4970 1350/1936/4971 1343/2049/4972 1363/1950/4973
f 1343/2049/4974 1353/2047/4975 1360/1951/4976 1352/2057/4977
f 1809/2056/4978 1363/1950/4979 1352/2057/4980 1832/1952/4981
f 1360/1951/4982 1353/2047/4983 1340/2039/4984 1362/1942/4985
f 1363/1950/4986 1343/2049/4987 1352/2057/4988
f 1322/1953/4989 1328/1954/4990 1364/1889/4991 1326/1955/4992
f 1364/1889/4993 1334/1891/4994 1323/1956/4995 1326/1955/4996
f 1330/1904/4997 1338/1958/4998 1358/1957/4999 1359/1924/5000
f 1329/1906/5001 1470/1922/5002 1330/1904/5003 1359/1924/5004
f 1778/2058/5005 1322/1901/5006 1782/1892/5007
f 1331/1903/5008 1335/1914/5009 1841/1915/5010 1794/2031/5011
f 1368/2059/5012 1376/2060/5013 1377/1959/5014
f 1369/2061/5015 1334/2064/5016 1325/2063/5017 1366/2062/5018
f 1367/2068/5019 1375/2069/5020 1376/2060/5021 1368/2059/5022 1334/2064/5023 1369/2061/5024
f 1779/2070/5025 1365/2072/5026 1371/2071/5027 1373/1961/5028
f 1374/2073/5029 1378/1963/5030 1370/1962/5031
f 1846/2074/5032 1853/2075/5033 1372/1964/5034
f 1853/2075/5035 1849/2076/5036 1373/1961/5037 1372/1964/5038
f 1372/1964/5039 1373/1961/5040 1371/2071/5041 1374/2073/5042
f 1849/2076/5043 1779/2070/5044 1373/1961/5045
f 1378/1963/5046 1377/1959/5047 1376/2060/5048 1375/2069/5049
f 1374/2073/5050 1370/1962/5051 1846/2074/5052
f 1378/1963/5053 1375/2069/5054 1367/2068/5055
f 1374/2073/5056 1371/2071/5057 1377/1959/5058 1378/1963/5059
f 1371/2071/5060 1365/2072/5061 1377/1959/5062
f 1365/2072/5063 1368/2059/5064 1377/1959/5065
f 1372/1964/5066 1374/2073/5067 1846/2074/5068
f 1370/1962/5069 1378/1963/5070 1367/2068/5071
f 1326/1902/5072 1365/1893/5073 1782/1892/5074
f 1323/2077/5075 1365/1893/5076 1326/1902/5077
f 1366/2062/5078 1325/2063/5079 1379/2067/5080 1380/1960/5081
f 1385/2078/5082 1867/2081/5083 1846/2080/5084 1382/2079/5085
f 1387/2082/5086 1370/2085/5087 1367/2084/5088 1384/2083/5089
f 1386/2086/5090 1369/2089/5091 1366/2088/5092 1383/2087/5093
f 1388/2090/5094 1380/2093/5095 1847/2092/5096 1381/2091/5097
f 1388/2090/5098 1381/2091/5099 1389/2095/5100 1396/2094/5101
f 1386/2086/5102 1383/2087/5103 1391/2097/5104 1394/2096/5105
f 1384/2083/5106 1367/2084/5107 1369/2089/5108 1386/2086/5109
f 1381/2098/5110 1847/2099/5111 1867/2081/5112 1385/2078/5113
f 1382/2079/5114 1846/2080/5115 1370/2085/5116 1387/2082/5117
f 1383/2087/5118 1366/2088/5119 1380/2093/5120 1388/2090/5121
f 1416/2100/5122 1415/2103/5123 1400/2102/5124 1403/2101/5125
f 1414/2104/5126 1413/2107/5127 1401/2106/5128 1397/2105/5129
f 1385/2078/5130 1382/2079/5131 1390/2109/5132 1393/2108/5133
f 1383/2087/5134 1388/2090/5135 1396/2094/5136 1391/2097/5137
f 1382/2079/5138 1387/2082/5139 1395/2110/5140 1390/2109/5141
f 1381/2098/5142 1385/2078/5143 1393/2108/5144 1389/2111/5145
f 1387/2082/5146 1384/2083/5147 1392/2112/5148 1395/2110/5149
f 1384/2083/5150 1386/2086/5151 1394/2096/5152 1392/2112/5153
f 1400/2102/5154 1402/2115/5155 1410/2114/5156 1408/2113/5157
f 1401/2106/5158 1398/2118/5159 1406/2117/5160 1409/2116/5161
f 1418/1965/5162 1417/2120/5163 1399/2119/5164 1402/2115/5165
f 1417/2120/5166 1419/2122/5167 1404/2121/5168 1399/2119/5169
f 1420/2123/5170 1416/2100/5171 1403/2101/5172 1398/2118/5173
f 1419/2122/5174 1414/2125/5175 1397/2124/5176 1404/2121/5177
f 1413/2107/5178 1420/2123/5179 1398/2118/5180 1401/2106/5181
f 1415/2103/5182 1418/1965/5183 1402/2115/5184 1400/2102/5185
f 1406/2117/5186 1411/2128/5187 1427/2127/5188 1422/2126/5189
f 1407/2129/5190 1412/2132/5191 1428/2131/5192 1423/2130/5193
f 1397/2105/5194 1401/2106/5195 1409/2116/5196 1405/2133/5197
f 1403/2101/5198 1400/2102/5199 1408/2113/5200 1411/2128/5201
f 1402/2115/5202 1399/2119/5203 1407/2129/5204 1410/2114/5205
f 1399/2119/5206 1404/2121/5207 1412/2132/5208 1407/2129/5209
f 1398/2118/5210 1403/2101/5211 1411/2128/5212 1406/2117/5213
f 1404/2121/5214 1397/2124/5215 1405/2134/5216 1412/2132/5217
f 1392/2112/5218 1394/2096/5219 1418/1965/5220 1415/2103/5221
f 1393/2108/5222 1390/2109/5223 1420/2123/5224 1413/2107/5225
f 1396/2094/5226 1389/2095/5227 1414/2125/5228 1419/2122/5229
f 1390/2109/5230 1395/2110/5231 1416/2100/5232 1420/2123/5233
f 1391/2097/5234 1396/2094/5235 1419/2122/5236 1417/2120/5237
f 1394/2096/5238 1391/2097/5239 1417/2120/5240 1418/1965/5241
f 1389/2111/5242 1393/2108/5243 1413/2107/5244 1414/2104/5245
f 1395/2110/5246 1392/2112/5247 1415/2103/5248 1416/2100/5249
f 1424/2135/5250 1426/2138/5251 1434/2137/5252 1432/2136/5253
f 1425/2139/5254 1422/2126/5255 1430/2141/5256 1433/2140/5257
f 1412/2132/5258 1405/2134/5259 1421/2142/5260 1428/2131/5261
f 1409/2116/5262 1406/2117/5263 1422/2126/5264 1425/2139/5265
f 1408/2113/5266 1410/2114/5267 1426/2138/5268 1424/2135/5269
f 1405/2133/5270 1409/2116/5271 1425/2139/5272 1421/2143/5273
f 1411/2128/5274 1408/2113/5275 1424/2135/5276 1427/2127/5277
f 1410/2114/5278 1407/2129/5279 1423/2130/5280 1426/2138/5281
f 1434/2137/5282 1431/2146/5283 1439/2145/5284 1442/2144/5285
f 1435/2147/5286 1432/2136/5287 1440/2149/5288 1443/2148/5289
f 1421/2143/5290 1425/2139/5291 1433/2140/5292 1429/2150/5293
f 1427/2127/5294 1424/2135/5295 1432/2136/5296 1435/2147/5297
f 1426/2138/5298 1423/2130/5299 1431/2146/5300 1434/2137/5301
f 1423/2130/5302 1428/2131/5303 1436/2151/5304 1431/2146/5305
f 1422/2126/5306 1427/2127/5307 1435/2147/5308 1430/2141/5309
f 1428/2131/5310 1421/2142/5311 1429/2152/5312 1436/2151/5313
f 1441/1966/5314 1442/2144/5315 1439/2145/5316 1444/2153/5317 1437/1967/5318
f 1438/1968/5319 1443/2154/5320 1440/2149/5321 1442/2144/5322 1441/1966/5323
f 1431/2146/5324 1436/2151/5325 1444/2155/5326 1439/2145/5327
f 1430/2141/5328 1435/2147/5329 1443/2148/5330 1438/2156/5331
f 1436/2151/5332 1429/2152/5333 1437/2157/5334 1444/2155/5335
f 1433/2140/5336 1430/2141/5337 1438/2156/5338 1441/2158/5339
f 1432/2136/5340 1434/2137/5341 1442/2144/5342 1440/2149/5343
f 1429/2150/5344 1433/2140/5345 1441/2158/5346 1437/2159/5347
f 1462/2160/5348 1443/2163/5349 1440/2162/5350 1460/2161/5351
f 1461/2164/5352 1439/2165/5353 1457/1969/5354
f 1456/1970/5355 1448/2168/5356 1445/2167/5357 1454/2166/5358
f 1453/2169/5359 1447/2170/5360 1448/2168/5361 1456/1970/5362
f 1442/1971/5363 1439/2165/5364 1461/2164/5365
f 1457/1969/5366 1458/1972/5367 1455/2172/5368 1446/2171/5369
f 1445/2167/5370 1446/2171/5371 1455/2174/5372 1454/2173/5373
f 1462/2160/5374 1463/2176/5375 1438/2175/5376 1443/2163/5377
f 1464/2177/5378 1459/2179/5379 1437/2178/5380
f 1456/1970/5381 1454/2166/5382 1449/2181/5383 1467/1974/5384 1468/1973/5385 1452/2180/5386
f 1453/2169/5387 1456/1970/5388 1452/2180/5389 1451/2182/5390
f 1464/2177/5391 1437/2178/5392 1441/2183/5393
f 1459/2179/5394 1450/2184/5395 1455/2172/5396 1458/1972/5397
f 1449/2181/5398 1454/2173/5399 1455/2174/5400 1450/2184/5401
f 1437/2178/5402 1459/2179/5403 1458/1972/5404 1444/2185/5405
f 1439/2165/5406 1444/2185/5407 1458/1972/5408 1457/1969/5409
f 1452/2180/5410 1464/2177/5411 1466/2186/5412
f 1453/2187/5413 1451/2182/5414 1463/2176/5415 1462/2160/5416
f 1448/2168/5417 1465/2188/5418 1461/2164/5419
f 1453/2187/5420 1462/2160/5421 1460/2161/5422 1447/2170/5423
f 1461/2164/5424 1457/1969/5425 1446/2171/5426
f 1450/2184/5427 1459/2179/5428 1469/1975/5429
f 1460/2161/5430 1440/2162/5431 1442/1971/5432 1465/2188/5433
f 1463/2176/5434 1466/2186/5435 1441/2183/5436 1438/2175/5437
f 1465/2188/5438 1442/1971/5439 1461/2164/5440
f 1466/2186/5441 1464/2177/5442 1441/2183/5443
f 1467/1974/5444 1449/2181/5445 1469/1975/5446
f 1464/2177/5447 1452/2180/5448 1459/2179/5449
f 1447/2170/5450 1460/2161/5451 1465/2188/5452
f 1448/2168/5453 1447/2170/5454 1465/2188/5455
f 1463/2176/5456 1451/2182/5457 1466/2186/5458
f 1451/2182/5459 1452/2180/5460 1466/2186/5461
f 1448/2168/5462 1461/2164/5463 1446/2171/5464 1445/2167/5465
f 1468/1973/5466 1467/1974/5467 1459/2179/5468
f 1452/2180/5469 1468/1973/5470 1459/2179/5471
f 1459/2179/5472 1467/1974/5473 1469/1975/5474
f 1449/2181/5475 1450/2184/5476 1469/1975/5477
f 1490/2189/5478 1481/2192/5479 1477/2191/5480 1486/2190/5481
f 1488/2193/5482 1479/2195/5483 1475/2194/5484
f 1489/2196/5485 1483/2199/5486 1329/2198/5487 1473/2197/5488
f 1509/2200/5489 1485/2203/5490 1500/2202/5491 1497/2201/5492
f 1484/2204/5493 1470/1977/5494 1329/1976/5495
f 1330/2205/5496 1470/1977/5497 1484/2204/5498
f 1510/1978/5499 1509/2200/5500 1497/2201/5501 1498/2206/5502
f 1477/2191/5503 1479/2195/5504 1488/2193/5505
f 1485/2203/5506 1506/2208/5507 1499/2207/5508 1500/2202/5509
f 1477/2191/5510 1481/2209/5511 1484/2204/5512
f 1484/2204/5513 1483/2210/5514 1475/2194/5515
f 1487/2211/5516 1475/2194/5517 1483/2199/5518 1489/2196/5519
f 1331/2212/5520 1330/2213/5521 1481/2192/5522
f 1471/2214/5523 1331/2212/5524 1490/2189/5525
f 1474/2215/5526 1487/2211/5527 1489/2196/5528 1482/2216/5529
f 1476/2217/5530 1486/2190/5531 1488/2193/5532 1478/2218/5533
f 1482/2216/5534 1489/2196/5535 1473/2197/5536 1472/2219/5537 1493/1979/5538
f 1478/2218/5539 1488/2193/5540 1487/2211/5541 1474/2215/5542
f 1480/2220/5543 1490/2189/5544 1486/2190/5545 1476/2217/5546
f 1481/2209/5547 1330/2205/5548 1484/2204/5549
f 1486/2190/5550 1477/2191/5551 1488/2193/5552
f 1487/2211/5553 1488/2193/5554 1475/2194/5555
f 1483/2210/5556 1484/2204/5557 1329/1976/5558
f 1490/2189/5559 1331/2212/5560 1481/2192/5561
f 1472/2221/5562 1524/1981/5563 1493/1980/5564
f 1491/1982/5565 1492/1984/5566 1333/2222/5567 1494/1983/5568
f 1471/2223/5569 1491/1982/5570 1494/1983/5571
f 1333/2222/5572 1492/1984/5573 1496/1986/5574 1495/1985/5575
f 1500/2202/5576 1499/2207/5577 1526/2225/5578 1527/2224/5579
f 1501/2226/5580 1498/2206/5581 1525/2228/5582 1528/2227/5583
f 1498/2206/5584 1497/2201/5585 1503/2229/5586 1525/2228/5587
f 1502/2230/5588 1505/2233/5589 1531/2232/5590 1529/2231/5591
f 1506/2208/5592 1511/2235/5593 1502/2234/5594 1499/2207/5595
f 1513/1987/5596 1512/2237/5597 1501/2226/5598 1504/2236/5599
f 1512/2237/5600 1510/1978/5601 1498/2206/5602 1501/2226/5603
f 1508/2238/5604 1513/2240/5605 1504/2239/5606 1505/2233/5607
f 1516/2241/5608 1515/2242/5609 1513/2240/5610 1508/2238/5611
f 1518/2243/5612 1514/2244/5613 1510/1978/5614 1512/2237/5615
f 1515/2245/5616 1518/2243/5617 1512/2237/5618 1513/1987/5619
f 1511/2246/5620 1523/2248/5621 1507/2247/5622
f 1482/2216/5623 1493/1979/5624 1511/2235/5625 1506/2208/5626
f 1523/2248/5627 1516/2241/5628 1508/2238/5629 1507/2247/5630
f 1474/2215/5631 1482/2216/5632 1506/2208/5633 1485/2203/5634
f 1514/2244/5635 1517/2249/5636 1509/2200/5637 1510/1978/5638
f 1517/2249/5639 1485/2203/5640 1509/2200/5641
f 1476/2217/5642 1478/2218/5643 1517/2249/5644 1514/2244/5645 1520/2250/5646
f 1521/2251/5647 1522/2253/5648 1519/2252/5649 1518/2243/5650 1515/2245/5651
f 1520/2250/5652 1514/2244/5653 1518/2243/5654 1519/2252/5655
f 1492/1984/5656 1491/1982/5657 1521/2254/5658 1515/2242/5659 1516/2241/5660
f 1491/2255/5661 1471/2214/5662 1490/2189/5663
f 1480/2220/5664 1491/2255/5665 1490/2189/5666
f 1478/2218/5667 1474/2215/5668 1485/2203/5669 1517/2249/5670
f 1479/2195/5671 1484/2204/5672 1475/2194/5673
f 1479/2195/5674 1477/2191/5675 1484/2204/5676
f 1511/2246/5677 1507/2247/5678 1508/2238/5679 1505/2233/5680 1502/2230/5681
f 1491/2255/5682 1480/2220/5683 1522/2253/5684 1521/2251/5685
f 1480/2220/5686 1476/2217/5687 1520/2250/5688 1522/2253/5689
f 1522/2253/5690 1520/2250/5691 1519/2252/5692
f 1496/1986/5693 1492/1984/5694 1516/2241/5695 1523/2248/5696
f 1495/1985/5697 1496/1986/5698 1524/1981/5699 1472/2221/5700
f 1524/1981/5701 1496/1986/5702 1523/2248/5703
f 1524/1981/5704 1523/2248/5705 1511/2246/5706
f 1493/1980/5707 1524/1981/5708 1511/2246/5709
f 1505/2233/5710 1504/2239/5711 1530/2256/5712 1531/2232/5713
f 1504/2236/5714 1501/2226/5715 1528/2227/5716 1530/2257/5717
f 1499/2207/5718 1502/2234/5719 1529/2258/5720 1526/2225/5721
f 1497/2201/5722 1500/2202/5723 1527/2224/5724 1503/2229/5725
f 1525/2228/5726 1503/2229/5727 1532/2260/5728 1533/2259/5729
f 1529/2231/5730 1531/2232/5731 1539/2262/5732 1537/2261/5733
f 1527/2224/5734 1526/2225/5735 1534/2264/5736 1535/2263/5737
f 1530/2257/5738 1528/2227/5739 1536/2266/5740 1538/2265/5741
f 1528/2227/5742 1525/2228/5743 1533/2259/5744 1536/2266/5745
f 1531/2232/5746 1530/2256/5747 1538/2267/5748 1539/2262/5749
f 1503/2229/5750 1527/2224/5751 1535/2263/5752 1532/2260/5753
f 1526/2225/5754 1529/2258/5755 1537/2268/5756 1534/2264/5757
f 1549/1988/5758 1548/2271/5759 2261/3161/5760 2254/3152/5761
f 1551/2272/5762 1550/1989/5763 2255/3154/5764 2256/3155/5765
f 1552/2275/5766 1551/2272/5767 2256/3155/5768 2257/3156/5769
f 1554/2277/5770 1553/2280/5771 2259/3158/5772 2260/3159/5773
f 1550/2281/5774 1549/1988/5775 2254/3152/5776 2255/3153/5777
f 1548/2283/5778 1554/2277/5779 2260/3159/5780 2261/3160/5781
f 1553/2280/5782 1555/1990/5783 2258/3157/5784 2259/3158/5785
f 1555/1990/5786 1552/2275/5787 2257/3156/5788 2258/3157/5789
f 2262/3162/5790 2263/3163/5791 2264/3164/5792 2265/3165/5793
f 2266/3166/5794 2262/3162/5795 2265/3165/5796 2267/3167/5797
f 2268/3168/5798 2269/3169/5799 2270/3170/5800 2271/3171/5801
f 2272/3172/5802 2273/3173/5803 2274/3174/5804 2275/3175/5805
f 2269/3169/5806 2266/3166/5807 2267/3167/5808 2270/3170/5809
f 2263/3163/5810 2276/3176/5811 2277/3177/5812 2264/3164/5813
f 2276/3176/5814 2272/3178/5815 2275/3179/5816 2277/3177/5817
f 2273/3173/5818 2268/3180/5819 2271/3181/5820 2274/3174/5821
f 1617/1991/5822 1547/2287/5823 1546/2286/5824 1616/1992/5825
f 1620/1993/5826 1544/2289/5827 1541/2288/5828 1621/1994/5829
f 1622/1995/5830 1624/1996/5831 1540/2291/5832 1543/2290/5833
f 1571/1997/5834 1564/2292/5835 1569/1998/5836
f 1558/2293/5837 1560/2295/5838 1766/2294/5839
f 1623/2296/5840 1622/1995/5841 1543/2290/5842 1542/2297/5843
f 1616/1992/5844 1546/2286/5845 1544/2289/5846 1618/1999/5847
f 1615/2000/5848 1545/2298/5849 1547/2287/5850 1617/1991/5851
f 1624/1996/5852 1621/1994/5853 1541/2288/5854 1540/2291/5855
f 1569/2001/5856 1564/2300/5857 1566/2299/5858 1568/2002/5859
f 1568/2002/5860 1566/2299/5861 1565/2301/5862 1567/2003/5863
f 1562/2302/5864 1568/2002/5865 1567/2003/5866 1557/2303/5867
f 1556/2304/5868 1569/2001/5869 1568/2002/5870 1562/2302/5871
f 1623/2296/5872 1542/2297/5873 1619/2004/5874
f 1618/1999/5875 1544/2289/5876 1620/1993/5877
f 1567/2003/5878 1565/2301/5879 1570/2005/5880
f 1619/2004/5881 1615/2006/5882 1564/2292/5883 1571/1997/5884
f 1572/2305/5885 1571/1997/5886 1569/1998/5887
f 1560/2295/5888 1572/2305/5889 1569/1998/5890 1556/2306/5891
f 1567/2003/5892 1570/2005/5893 1573/2307/5894
f 1557/2303/5895 1567/2003/5896 1573/2307/5897 1561/2308/5898
f 1573/2307/5899 1574/2309/5900 1561/2308/5901
f 1573/2307/5902 1575/2311/5903 1576/2310/5904 1574/2309/5905
f 1573/2307/5906 1570/2005/5907 1575/2311/5908
f 1578/2312/5909 1584/2313/5910 1610/2007/5911
f 1572/2305/5912 1579/2314/5913 1571/1997/5914
f 1577/2315/5915 1572/2305/5916 1560/2295/5917
f 1580/2316/5918 1581/2008/5919 1578/2312/5920 1577/2315/5921
f 1574/2309/5922 1576/2310/5923 1581/2008/5924 1580/2316/5925
f 1559/2317/5926 1574/2309/5927 1580/2316/5928
f 1580/2316/5929 1577/2315/5930 1558/2293/5931
f 1563/2318/5932 1580/2316/5933 1558/2293/5934
f 1563/2318/5935 1559/2317/5936 1580/2316/5937
f 1558/2293/5938 1577/2315/5939 1560/2295/5940
f 1574/2309/5941 1559/2317/5942 1561/2308/5943
f 1607/2009/5944 1595/2321/5945 1586/2320/5946 1606/2319/5947
f 1572/2305/5948 1577/2315/5949 1585/2324/5950 1612/2323/5951 1583/2322/5952
f 1579/2314/5953 1582/2326/5954 1608/2325/5955
f 1579/2314/5956 1572/2305/5957 1583/2322/5958 1611/2327/5959
f 1605/2010/5960 1606/2319/5961 1586/2320/5962 1597/2328/5963
f 1611/2327/5964 1583/2322/5965 1587/2329/5966 1597/2328/5967
f 1603/2330/5968 1598/2333/5969 1593/2332/5970 1602/2331/5971
f 1610/2007/5972 1584/2313/5973 1594/2335/5974 1588/2334/5975
f 1614/2336/5976 1590/2338/5977 1592/2337/5978 1602/2331/5979
f 1613/2339/5980 1600/2340/5981 1590/2338/5982 1614/2336/5983
f 1598/2333/5984 1601/2342/5985 1591/2341/5986 1593/2332/5987
f 1600/2340/5988 1599/2343/5989 1592/2337/5990 1590/2338/5991
f 1608/2325/5992 1582/2326/5993 1595/2321/5994 1607/2009/5995
f 1604/2344/5996 1605/2010/5997 1597/2328/5998 1587/2329/5999
f 1585/2324/6000 1589/2345/6001 1599/2343/6002 1600/2340/6003
f 1587/2329/6004 1583/2322/6005 1601/2342/6006 1598/2333/6007
f 1612/2323/6008 1585/2324/6009 1600/2340/6010 1613/2339/6011
f 1604/2344/6012 1587/2329/6013 1598/2333/6014 1603/2330/6015
f 1599/2343/6016 1603/2330/6017 1602/2331/6018 1592/2337/6019
f 1589/2345/6020 1604/2344/6021 1603/2330/6022 1599/2343/6023
f 1589/2345/6024 1596/2346/6025 1605/2010/6026 1604/2344/6027
f 1596/2346/6028 1588/2334/6029 1606/2319/6030 1605/2010/6031
f 1594/2335/6032 1607/2009/6033 1606/2319/6034 1588/2334/6035
f 1584/2313/6036 1608/2325/6037 1607/2009/6038 1594/2335/6039
f 1578/2312/6040 1609/2347/6041 1608/2325/6042
f 1584/2313/6043 1578/2312/6044 1608/2325/6045
f 1609/2347/6046 1579/2314/6047 1608/2325/6048
f 1585/2324/6049 1610/2007/6050 1596/2346/6051 1589/2345/6052
f 1596/2346/6053 1610/2007/6054 1588/2334/6055
f 1577/2315/6056 1578/2312/6057 1610/2007/6058 1585/2324/6059
f 1611/2327/6060 1597/2328/6061 1586/2320/6062
f 1582/2326/6063 1611/2327/6064 1586/2320/6065 1595/2321/6066
f 1582/2326/6067 1579/2314/6068 1611/2327/6069
f 1583/2322/6070 1612/2323/6071 1613/2339/6072 1601/2342/6073
f 1601/2342/6074 1613/2339/6075 1614/2336/6076 1591/2341/6077
f 1591/2341/6078 1614/2336/6079 1602/2331/6080 1593/2332/6081
f 1542/2297/6082 1545/2348/6083 1615/2006/6084 1619/2004/6085
f 1570/2005/6086 1618/1999/6087 1620/1993/6088 1575/2311/6089
f 1579/2314/6090 1623/2296/6091 1619/2004/6092 1571/1997/6093
f 1581/2008/6094 1576/2310/6095 1621/1994/6096 1624/1996/6097
f 1564/2300/6098 1615/2000/6099 1617/1991/6100 1566/2299/6101
f 1565/2301/6102 1616/1992/6103 1618/1999/6104 1570/2005/6105
f 1579/2314/6106 1609/2347/6107 1578/2312/6108 1622/1995/6109 1623/2296/6110
f 1578/2312/6111 1581/2008/6112 1624/1996/6113 1622/1995/6114
f 1575/2311/6115 1620/1993/6116 1621/1994/6117 1576/2310/6118
f 1566/2299/6119 1617/1991/6120 1616/1992/6121 1565/2301/6122
f 1733/2349/6123 1760/2012/6124 1628/2011/6125
f 1729/2350/6126 1751/2352/6127 1630/2351/6128
f 1633/2353/6129 1767/2356/6130 1771/2355/6131 1627/2354/6132
f 1763/2013/6133 1759/2016/6134 1631/2015/6135 1664/2014/6136
f 1765/2017/6137 1758/2358/6138 1626/2357/6139
f 1699/2018/6140 1768/2360/6141 1632/2359/6142
f 1656/2361/6143 1635/2364/6144 1636/2363/6145 1638/2362/6146
f 1649/2365/6147 1650/2368/6148 1633/2367/6149 1640/2366/6150
f 1657/2369/6151 1627/2372/6152 1629/2371/6153 1639/2370/6154
f 1758/2358/6155 1743/2019/6156 1626/2357/6157
f 1651/2373/6158 1637/2376/6159 1642/2375/6160 1653/2374/6161
f 1659/2377/6162 1644/2380/6163 1648/2379/6164 1661/2378/6165
f 1649/2365/6166 1640/2366/6167 1643/2382/6168 1652/2381/6169
f 1656/2361/6170 1638/2362/6171 1641/2384/6172 1658/2383/6173
f 1657/2369/6174 1639/2370/6175 1644/2380/6176 1659/2377/6177
f 1662/2385/6178 1661/2378/6179 1648/2379/6180
f 1658/2383/6181 1641/2384/6182 1645/2387/6183 1660/2386/6184
f 1653/2374/6185 1642/2375/6186 1646/2389/6187 1655/2388/6188
f 1652/2381/6189 1643/2382/6190 1647/2391/6191 1654/2390/6192
f 1641/2384/6193 1652/2381/6194 1654/2390/6195 1645/2387/6196
f 1644/2380/6197 1653/2374/6198 1655/2388/6199 1648/2379/6200
f 1662/2385/6201 1655/2393/6202 1646/2392/6203
f 1638/2362/6204 1649/2365/6205 1652/2381/6206 1641/2384/6207
f 1639/2370/6208 1651/2373/6209 1653/2374/6210 1644/2380/6211
f 1758/2358/6212 1751/2352/6213 1729/2350/6214 1743/2019/6215
f 1638/2362/6216 1636/2363/6217 1650/2368/6218 1649/2365/6219
f 1645/2394/6220 1654/2395/6221 1662/2385/6222
f 1642/2396/6223 1658/2383/6224 1660/2386/6225 1646/2397/6226
f 1647/2391/6227 1661/2378/6228 1662/2385/6229
f 1640/2366/6230 1657/2369/6231 1659/2377/6232 1643/2382/6233
f 1637/2398/6234 1656/2361/6235 1658/2383/6236 1642/2396/6237
f 1643/2382/6238 1659/2377/6239 1661/2378/6240 1647/2391/6241
f 1640/2366/6242 1633/2367/6243 1627/2372/6244 1657/2369/6245
f 1637/2398/6246 1625/2399/6247 1635/2364/6248 1656/2361/6249
f 1660/2400/6250 1662/2385/6251 1646/2392/6252
f 1655/2393/6253 1662/2385/6254 1648/2379/6255
f 1654/2395/6256 1647/2391/6257 1662/2385/6258
f 1660/2400/6259 1645/2394/6260 1662/2385/6261
f 1687/2401/6262 1664/2404/6263 1631/2403/6264 1665/2402/6265
f 1679/2405/6266 1680/2408/6267 1632/2407/6268 1669/2406/6269
f 1688/2409/6270 1689/2412/6271 1668/2411/6272 1667/2410/6273
f 1681/2413/6274 1682/2416/6275 1634/2415/6276 1663/2414/6277
f 1681/2413/6278 1663/2414/6279 1672/2418/6280 1684/2417/6281
f 1691/2419/6282 1674/2422/6283 1678/2421/6284 1693/2420/6285
f 1679/2405/6286 1669/2406/6287 1673/2424/6288 1683/2423/6289
f 1687/2401/6290 1665/2402/6291 1671/2426/6292 1690/2425/6293
f 1688/2409/6294 1667/2410/6295 1674/2422/6296 1691/2419/6297
f 1694/2427/6298 1693/2420/6299 1678/2421/6300
f 1690/2425/6301 1671/2426/6302 1675/2429/6303 1692/2428/6304
f 1684/2417/6305 1672/2418/6306 1676/2431/6307 1686/2430/6308
f 1683/2423/6309 1673/2424/6310 1677/2433/6311 1685/2432/6312
f 1671/2426/6313 1683/2423/6314 1685/2432/6315 1675/2429/6316
f 1674/2422/6317 1684/2417/6318 1686/2430/6319 1678/2421/6320
f 1694/2427/6321 1686/2435/6322 1676/2434/6323
f 1665/2402/6324 1679/2405/6325 1683/2423/6326 1671/2426/6327
f 1667/2410/6328 1681/2413/6329 1684/2417/6330 1674/2422/6331
f 1667/2410/6332 1668/2411/6333 1682/2416/6334 1681/2413/6335
f 1665/2402/6336 1631/2403/6337 1680/2408/6338 1679/2405/6339
f 1675/2436/6340 1685/2437/6341 1694/2427/6342
f 1672/2438/6343 1690/2425/6344 1692/2428/6345 1676/2439/6346
f 1677/2433/6347 1693/2420/6348 1694/2427/6349
f 1669/2406/6350 1688/2409/6351 1691/2419/6352 1673/2424/6353
f 1663/2440/6354 1687/2401/6355 1690/2425/6356 1672/2438/6357
f 1673/2424/6358 1691/2419/6359 1693/2420/6360 1677/2433/6361
f 1669/2406/6362 1632/2407/6363 1689/2412/6364 1688/2409/6365
f 1663/2440/6366 1634/2441/6367 1664/2404/6368 1687/2401/6369
f 1692/2442/6370 1694/2427/6371 1676/2434/6372
f 1686/2435/6373 1694/2427/6374 1678/2421/6375
f 1685/2437/6376 1677/2433/6377 1694/2427/6378
f 1692/2442/6379 1675/2436/6380 1694/2427/6381
f 1718/2443/6382 1719/2446/6383 1666/2445/6384 1697/2444/6385
f 1710/2447/6386 1711/2450/6387 1701/2449/6388 1700/2448/6389
f 1720/2451/6390 1721/2454/6391 1699/2453/6392 1698/2452/6393
f 1712/2455/6394 1713/2458/6395 1696/2457/6396 1695/2456/6397
f 1712/2455/6398 1695/2456/6399 1703/2460/6400 1715/2459/6401
f 1723/2461/6402 1705/2464/6403 1709/2463/6404 1725/2462/6405
f 1710/2447/6406 1700/2448/6407 1704/2466/6408 1714/2465/6409
f 1718/2443/6410 1697/2444/6411 1702/2468/6412 1722/2467/6413
f 1720/2451/6414 1698/2452/6415 1705/2464/6416 1723/2461/6417
f 1726/2469/6418 1725/2462/6419 1709/2463/6420
f 1722/2467/6421 1702/2468/6422 1706/2471/6423 1724/2470/6424
f 1715/2459/6425 1703/2460/6426 1707/2473/6427 1717/2472/6428
f 1714/2465/6429 1704/2466/6430 1708/2475/6431 1716/2474/6432
f 1702/2468/6433 1714/2465/6434 1716/2474/6435 1706/2471/6436
f 1705/2464/6437 1715/2459/6438 1717/2472/6439 1709/2463/6440
f 1726/2469/6441 1717/2477/6442 1707/2476/6443
f 1697/2444/6444 1710/2447/6445 1714/2465/6446 1702/2468/6447
f 1698/2452/6448 1712/2455/6449 1715/2459/6450 1705/2464/6451
f 1698/2452/6452 1699/2453/6453 1713/2458/6454 1712/2455/6455
f 1697/2444/6456 1666/2445/6457 1711/2450/6458 1710/2447/6459
f 1706/2478/6460 1716/2479/6461 1726/2469/6462
f 1703/2480/6463 1722/2467/6464 1724/2470/6465 1707/2481/6466
f 1708/2475/6467 1725/2462/6468 1726/2469/6469
f 1700/2448/6470 1720/2451/6471 1723/2461/6472 1704/2466/6473
f 1695/2482/6474 1718/2443/6475 1722/2467/6476 1703/2480/6477
f 1704/2466/6478 1723/2461/6479 1725/2462/6480 1708/2475/6481
f 1700/2448/6482 1701/2449/6483 1721/2454/6484 1720/2451/6485
f 1695/2482/6486 1696/2483/6487 1719/2446/6488 1718/2443/6489
f 1724/2484/6490 1726/2469/6491 1707/2476/6492
f 1717/2477/6493 1726/2469/6494 1709/2463/6495
f 1716/2479/6496 1708/2475/6497 1726/2469/6498
f 1724/2484/6499 1706/2478/6500 1726/2469/6501
f 1750/2485/6502 1743/2488/6503 1729/2487/6504 1728/2486/6505
f 1742/2489/6506 1630/2492/6507 1733/2491/6508 1732/2490/6509
f 1752/2493/6510 1628/2496/6511 1731/2495/6512 1730/2494/6513
f 1744/2497/6514 1745/2500/6515 1626/2499/6516 1727/2498/6517
f 1744/2497/6518 1727/2498/6519 1735/2502/6520 1747/2501/6521
f 1754/2503/6522 1737/2506/6523 1741/2505/6524 1756/2504/6525
f 1742/2489/6526 1732/2490/6527 1736/2508/6528 1746/2507/6529
f 1750/2485/6530 1728/2486/6531 1734/2510/6532 1753/2509/6533
f 1752/2493/6534 1730/2494/6535 1737/2506/6536 1754/2503/6537
f 1757/2511/6538 1756/2504/6539 1741/2505/6540
f 1753/2509/6541 1734/2510/6542 1738/2513/6543 1755/2512/6544
f 1747/2501/6545 1735/2502/6546 1739/2515/6547 1749/2514/6548
f 1746/2507/6549 1736/2508/6550 1740/2517/6551 1748/2516/6552
f 1734/2510/6553 1746/2507/6554 1748/2516/6555 1738/2513/6556
f 1737/2506/6557 1747/2501/6558 1749/2514/6559 1741/2505/6560
f 1757/2511/6561 1749/2519/6562 1739/2518/6563
f 1728/2486/6564 1742/2489/6565 1746/2507/6566 1734/2510/6567
f 1730/2494/6568 1744/2497/6569 1747/2501/6570 1737/2506/6571
f 1730/2494/6572 1731/2495/6573 1745/2500/6574 1744/2497/6575
f 1728/2486/6576 1729/2487/6577 1630/2492/6578 1742/2489/6579
f 1738/2520/6580 1748/2521/6581 1757/2511/6582
f 1735/2522/6583 1753/2509/6584 1755/2512/6585 1739/2523/6586
f 1740/2517/6587 1756/2504/6588 1757/2511/6589
f 1732/2490/6590 1752/2493/6591 1754/2503/6592 1736/2508/6593
f 1727/2524/6594 1750/2485/6595 1753/2509/6596 1735/2522/6597
f 1736/2508/6598 1754/2503/6599 1756/2504/6600 1740/2517/6601
f 1732/2490/6602 1733/2491/6603 1628/2496/6604 1752/2493/6605
f 1727/2524/6606 1626/2525/6607 1743/2488/6608 1750/2485/6609
f 1755/2526/6610 1757/2511/6611 1739/2518/6612
f 1749/2519/6613 1757/2511/6614 1741/2505/6615
f 1748/2521/6616 1740/2517/6617 1757/2511/6618
f 1755/2526/6619 1738/2520/6620 1757/2511/6621
f 1650/2368/6622 1682/2416/6623 1668/2411/6624 1633/2353/6625
f 1636/2363/6626 1634/2415/6627 1682/2416/6628 1650/2368/6629
f 1631/2403/6630 1696/2457/6631 1713/2458/6632 1680/2408/6633
f 1745/2500/6634 1711/2450/6635 1666/2445/6636 1626/2499/6637
f 1745/2500/6638 1731/2495/6639 1701/2449/6640 1711/2450/6641
f 1680/2408/6642 1713/2458/6643 1699/2453/6644 1632/2407/6645
f 1637/2376/6646 1651/2373/6647 1670/2528/6648 1625/2527/6649
f 1639/2370/6650 1629/2529/6651 1670/2528/6652 1651/2373/6653
f 1557/2303/6654 1561/2308/6655 1751/2352/6656 1758/2358/6657
f 1762/2020/6658 1719/2021/6659 1696/2530/6660
f 1762/2020/6661 1765/2017/6662 1666/2022/6663 1719/2021/6664
f 1562/2302/6665 1557/2303/6666 1758/2358/6667 1759/2531/6668
f 1751/2352/6669 1760/2012/6670 1733/2349/6671 1630/2351/6672
f 1561/2308/6673 1559/2317/6674 1760/2012/6675 1751/2352/6676
f 1759/2531/6677 1762/2020/6678 1696/2530/6679 1631/2532/6680
f 1764/2023/6681 1636/2025/6682 1635/2024/6683
f 1764/2023/6684 1763/2013/6685 1634/2026/6686 1636/2025/6687
f 1556/2304/6688 1562/2302/6689 1759/2016/6690 1761/2533/6691
f 1634/2026/6692 1763/2013/6693 1664/2014/6694
f 1761/2533/6695 1764/2023/6696 1635/2024/6697 1625/2534/6698
f 1761/2533/6699 1759/2016/6700 1763/2013/6701 1764/2023/6702
f 1759/2531/6703 1758/2358/6704 1765/2017/6705 1762/2020/6706
f 1666/2022/6707 1765/2017/6708 1626/2357/6709
f 1766/2294/6710 1761/2537/6711 1625/2536/6712 1670/2535/6713
f 1560/2295/6714 1556/2306/6715 1761/2537/6716 1766/2294/6717
f 1563/2318/6718 1558/2293/6719 1767/2356/6720 1769/2538/6721 1768/2360/6722
f 1768/2027/6723 1689/2539/6724 1632/2359/6725
f 1760/2540/6726 1731/2028/6727 1628/2541/6728
f 1559/2317/6729 1563/2318/6730 1768/2360/6731 1770/2542/6732 1760/2540/6733
f 1731/2028/6734 1760/2540/6735 1721/2030/6736 1701/2029/6737
f 1721/2454/6738 1770/2542/6739 1768/2360/6740 1699/2018/6741
f 1770/2542/6742 1721/2454/6743 1760/2540/6744
f 1689/2539/6745 1768/2027/6746 1769/2538/6747 1668/2411/6748
f 1668/2411/6749 1769/2538/6750 1767/2356/6751 1633/2353/6752
f 1670/2535/6753 1629/2529/6754 1558/2293/6755 1766/2294/6756
f 1558/2293/6757 1629/2529/6758 1771/2355/6759 1767/2356/6760
f 1629/2529/6761 1627/2354/6762 1771/2355/6763
f 1840/2543/6764 1792/2544/6765 1775/2545/6766 1781/2547/6767
f 1782/1892/6768 1779/1894/6769 1842/2546/6770
f 1781/2547/6771 1775/2545/6772 1860/2548/6773 1777/1897/6774 1783/1896/6775
f 1774/2549/6776 1781/2547/6777 1783/1896/6778 1776/1900/6779
f 1782/1892/6780 1780/2550/6781 1772/2551/6782
f 1840/2543/6783 1781/2547/6784 1774/2549/6785 1784/2602/6786
f 1794/2031/6787 1787/2554/6788 1786/2553/6789 1798/2552/6790 1793/2032/6791
f 1785/2555/6792 1796/2560/6793 1791/2559/6794 1954/2558/6795 1788/2557/6796 1955/2556/6797
f 1784/2561/6798 1774/2562/6799 1788/2557/6800 1954/2558/6801 1791/2559/6802
f 1795/2563/6803 1841/1915/6804 1778/2033/6805 1772/2564/6806
f 1788/2557/6807 1790/2034/6808 1789/2035/6809 1797/2565/6810 1785/2555/6811 1955/2556/6812
f 1774/2562/6813 1776/1918/6814 1790/2034/6815 1788/2557/6816
f 1787/2554/6817 1953/2567/6818 1976/2566/6819 1791/2559/6820 1796/2560/6821 1786/2553/6822
f 1772/2564/6823 1784/2561/6824 1791/2559/6825 1976/2566/6826 1953/2567/6827 1787/2554/6828 1795/2563/6829
f 1789/2035/6830 1838/2036/6831 1836/2569/6832 1797/2568/6833
f 1786/2553/6834 1796/2560/6835 1785/2555/6836 1952/2570/6837
f 1785/2555/6838 1797/2568/6839 1836/2572/6840 1834/2571/6841
f 1803/1925/6842 1805/1926/6843 1802/2574/6844 1800/2573/6845
f 1827/2575/6846 1813/2578/6847 1801/2577/6848 1829/2576/6849
f 1812/1928/6850 1811/2580/6851 1799/2579/6852 1806/2044/6853
f 1801/2577/6854 1824/1930/6855 1804/2045/6856
f 1829/2576/6857 1801/2577/6858 1804/1931/6859 1823/1932/6860
f 1816/1933/6861 1810/2046/6862 1817/2581/6863
f 1826/2582/6864 1819/2584/6865 1807/2583/6866
f 1822/1935/6867 1820/2585/6868 1811/2580/6869 1812/1928/6870
f 1817/2581/6871 1810/2046/6872 1818/1937/6873
f 1802/2574/6874 1830/2587/6875 1815/2586/6876
f 1808/2588/6877 1818/1937/6878 1814/1940/6879 1813/2578/6880
f 1830/2587/6881 1816/1933/6882 1817/2581/6883
f 1802/2574/6884 1815/2586/6885 1800/2573/6886
f 1828/2589/6887 1808/2588/6888 1813/2578/6889 1827/2575/6890
f 1807/2583/6891 1819/2584/6892 1821/2590/6893 1820/2585/6894
f 1820/2585/6895 1821/2590/6896 1799/2579/6897 1811/2580/6898
f 1817/2581/6899 1818/1937/6900 1808/2588/6901
f 1813/2578/6902 1814/1940/6903 1824/1930/6904 1801/2577/6905
f 1837/2591/6906 1803/2052/6907 1800/2573/6908
f 1800/2573/6909 1828/2589/6910 1819/2584/6911 1826/2582/6912
f 1819/2584/6913 1828/2589/6914 1827/2575/6915 1821/2590/6916
f 1799/2579/6917 1829/2576/6918 1823/1932/6919 1806/1943/6920
f 1821/2590/6921 1827/2575/6922 1829/2576/6923 1799/2579/6924
f 1815/2586/6925 1808/2588/6926 1828/2589/6927 1800/2573/6928
f 1815/2586/6929 1830/2587/6930 1817/2581/6931 1808/2588/6932
f 1805/2053/6933 1816/1933/6934 1830/2587/6935 1802/2574/6936
f 1831/1944/6937 1833/2593/6938 1825/2592/6939 1832/1947/6940
f 1833/2593/6941 1834/2595/6942 1835/2594/6943 1825/2592/6944
f 1834/2595/6945 1836/2569/6946 1837/2596/6947 1835/2594/6948
f 1836/2569/6949 1838/2036/6950 1803/2055/6951 1837/2596/6952
f 1833/2593/6953 1831/1944/6954 1793/2032/6955 1798/2552/6956
f 1809/2056/6957 1839/2597/6958 1807/2583/6959 1820/2585/6960 1822/1935/6961
f 1807/2583/6962 1825/2599/6963 1835/2598/6964 1826/2582/6965
f 1809/2056/6966 1832/1952/6967 1825/2599/6968 1839/2597/6969
f 1835/2598/6970 1837/2591/6971 1800/2573/6972 1826/2582/6973
f 1839/2597/6974 1825/2599/6975 1807/2583/6976
f 1772/2600/6977 1780/2601/6978 1840/2543/6979 1784/2602/6980
f 1773/2603/6981 1792/2544/6982 1840/2543/6983 1780/2601/6984
f 1786/2553/6985 1834/2571/6986 1833/2605/6987 1798/2604/6988
f 1785/2555/6989 1834/2571/6990 1786/2553/6991 1952/2570/6992
f 1778/2058/6993 1782/1892/6994 1772/2551/6995
f 1787/2554/6996 1794/2031/6997 1841/1915/6998 1795/2563/6999
f 1845/2606/7000 1858/2608/7001 1857/2607/7002
f 1848/2609/7003 1843/2612/7004 1775/2611/7005 1792/2610/7006
f 1861/2613/7007 1847/2065/7008 1777/2066/7009 1860/2614/7010
f 1844/2615/7011 1848/2609/7012 1792/2610/7013 1845/2606/7014 1857/2607/7015 1856/2616/7016
f 1779/2070/7017 1854/2619/7018 1851/2618/7019 1842/2617/7020
f 1855/2620/7021 1850/2622/7022 1859/2621/7023
f 1846/2074/7024 1852/2623/7025 1853/2075/7026
f 1853/2075/7027 1852/2623/7028 1854/2619/7029 1849/2076/7030
f 1852/2623/7031 1855/2620/7032 1851/2618/7033 1854/2619/7034
f 1849/2076/7035 1854/2619/7036 1779/2070/7037
f 1859/2621/7038 1856/2616/7039 1857/2607/7040 1858/2608/7041
f 1855/2620/7042 1846/2074/7043 1850/2622/7044
f 1859/2621/7045 1844/2615/7046 1856/2616/7047
f 1855/2620/7048 1859/2621/7049 1858/2608/7050 1851/2618/7051
f 1851/2618/7052 1858/2608/7053 1842/2617/7054
f 1842/2617/7055 1858/2608/7056 1845/2606/7057
f 1852/2623/7058 1846/2074/7059 1855/2620/7060
f 1850/2622/7061 1844/2615/7062 1859/2621/7063
f 1780/2550/7064 1782/1892/7065 1842/2546/7066
f 1773/2624/7067 1780/2550/7068 1842/2546/7069
f 1843/2612/7070 1861/2613/7071 1860/2614/7072 1775/2611/7073
f 1866/2625/7074 1863/2626/7075 1846/2080/7076 1867/2081/7077
f 1869/2627/7078 1865/2630/7079 1844/2629/7080 1850/2628/7081
f 1868/2631/7082 1864/2634/7083 1843/2633/7084 1848/2632/7085
f 1870/2635/7086 1862/2637/7087 1847/2092/7088 1861/2636/7089
f 1870/2635/7090 1878/2639/7091 1871/2638/7092 1862/2637/7093
f 1868/2631/7094 1876/2641/7095 1873/2640/7096 1864/2634/7097
f 1865/2630/7098 1868/2631/7099 1848/2632/7100 1844/2629/7101
f 1862/2642/7102 1866/2625/7103 1867/2081/7104 1847/2099/7105
f 1863/2626/7106 1869/2627/7107 1850/2628/7108 1846/2080/7109
f 1864/2634/7110 1870/2635/7111 1861/2636/7112 1843/2633/7113
f 1898/2643/7114 1885/2646/7115 1882/2645/7116 1897/2644/7117
f 1896/2647/7118 1879/2650/7119 1883/2649/7120 1895/2648/7121
f 1866/2625/7122 1875/2652/7123 1872/2651/7124 1863/2626/7125
f 1864/2634/7126 1873/2640/7127 1878/2639/7128 1870/2635/7129
f 1863/2626/7130 1872/2651/7131 1877/2653/7132 1869/2627/7133
f 1862/2642/7134 1871/2654/7135 1875/2652/7136 1866/2625/7137
f 1869/2627/7138 1877/2653/7139 1874/2655/7140 1865/2630/7141
f 1865/2630/7142 1874/2655/7143 1876/2641/7144 1868/2631/7145
f 2295/3205/7146 2294/3202/7147 2296/3203/7148 2297/3204/7149
f 2299/3209/7150 2298/3206/7151 2300/3207/7152 2301/3208/7153
f 1900/2662/7154 1884/2656/7155 1881/2664/7156 1899/2663/7157
f 1899/2663/7158 1881/2664/7159 1886/2666/7160 1901/2665/7161
f 1902/2667/7162 1880/2659/7163 1885/2646/7164 1898/2643/7165
f 1901/2665/7166 1886/2666/7167 1879/2669/7168 1896/2668/7169
f 1895/2648/7170 1883/2649/7171 1880/2659/7172 1902/2667/7173
f 1897/2644/7174 1882/2645/7175 1884/2656/7176 1900/2662/7177
f 1888/2660/7178 1904/2672/7179 1909/2671/7180 1893/2670/7181
f 1889/2673/7182 1905/2676/7183 1910/2675/7184 1894/2674/7185
f 2303/3211/7186 2302/3210/7187 2298/3206/7188 2299/3209/7189
f 2305/3213/7190 2304/3212/7191 2294/3202/7192 2295/3205/7193
f 2297/3204/7194 2296/3203/7195 2306/3214/7196 2307/3215/7197
f 2307/3215/7198 2306/3214/7199 2308/3216/7200 2309/3217/7201
f 2301/3208/7202 2300/3207/7203 2304/3212/7204 2305/3213/7205
f 2309/3217/7206 2308/3216/7207 2302/3218/7208 2303/3219/7209
f 1874/2655/7210 1897/2644/7211 1900/2662/7212 1876/2641/7213
f 1875/2652/7214 1895/2648/7215 1902/2667/7216 1872/2651/7217
f 1878/2639/7218 1901/2665/7219 1896/2668/7220 1871/2638/7221
f 1872/2651/7222 1902/2667/7223 1898/2643/7224 1877/2653/7225
f 1873/2640/7226 1899/2663/7227 1901/2665/7228 1878/2639/7229
f 1876/2641/7230 1900/2662/7231 1899/2663/7232 1873/2640/7233
f 1871/2654/7234 1896/2647/7235 1895/2648/7236 1875/2652/7237
f 1877/2653/7238 1898/2643/7239 1897/2644/7240 1874/2655/7241
f 1906/2679/7242 1914/2682/7243 1916/2681/7244 1908/2680/7245
f 1907/2683/7246 1915/2685/7247 1912/2684/7248 1904/2672/7249
f 1894/2674/7250 1910/2675/7251 1903/2686/7252 1887/2678/7253
f 1891/2661/7254 1907/2683/7255 1904/2672/7256 1888/2660/7257
f 1890/2658/7258 1906/2679/7259 1908/2680/7260 1892/2657/7261
f 1887/2677/7262 1903/2687/7263 1907/2683/7264 1891/2661/7265
f 1893/2670/7266 1909/2671/7267 1906/2679/7268 1890/2658/7269
f 1892/2657/7270 1908/2680/7271 1905/2676/7272 1889/2673/7273
f 2311/3223/7274 2310/3220/7275 2312/3221/7276 2313/3222/7277
f 2315/3227/7278 2314/3224/7279 2316/3225/7280 2317/3226/7281
f 1903/2687/7282 1911/2694/7283 1915/2685/7284 1907/2683/7285
f 1909/2671/7286 1917/2691/7287 1914/2682/7288 1906/2679/7289
f 1908/2680/7290 1916/2681/7291 1913/2688/7292 1905/2676/7293
f 1905/2676/7294 1913/2688/7295 1918/2695/7296 1910/2675/7297
f 1904/2672/7298 1912/2684/7299 1917/2691/7300 1909/2671/7301
f 1910/2675/7302 1918/2695/7303 1911/2696/7304 1903/2686/7305
f 1923/2697/7306 1919/2699/7307 1926/2698/7308 1921/2689/7309 1924/2690/7310
f 1920/2700/7311 1923/2697/7312 1924/2690/7313 1922/2692/7314 1925/2701/7315
f 2313/3222/7316 2312/3221/7317 2318/3228/7318 2319/3229/7319
f 2321/3231/7320 2320/3230/7321 2314/3224/7322 2315/3227/7323
f 2319/3229/7324 2318/3228/7325 2322/3232/7326 2323/3233/7327
f 2325/3235/7328 2324/3234/7329 2320/3230/7330 2321/3231/7331
f 2317/3226/7332 2316/3225/7333 2310/3220/7334 2311/3223/7335
f 2323/3237/7336 2322/3236/7337 2324/3234/7338 2325/3235/7339
f 1944/2707/7340 1942/2710/7341 1922/2709/7342 1925/2708/7343
f 1943/2711/7344 1939/2713/7345 1921/2712/7346
f 1938/2714/7347 1936/2717/7348 1927/2716/7349 1930/2715/7350
f 1935/2718/7351 1938/2714/7352 1930/2715/7353 1929/2719/7354
f 1924/2720/7355 1943/2711/7356 1921/2712/7357
f 1939/2713/7358 1928/2723/7359 1937/2722/7360 1940/2721/7361
f 1927/2716/7362 1936/2725/7363 1937/2724/7364 1928/2723/7365
f 1944/2707/7366 1925/2708/7367 1920/2727/7368 1945/2726/7369
f 1946/2728/7370 1919/2730/7371 1941/2729/7372
f 1938/2714/7373 1934/2734/7374 1950/2733/7375 1949/2732/7376 1931/2731/7377 1936/2717/7378
f 1935/2718/7379 1933/2735/7380 1934/2734/7381 1938/2714/7382
f 1946/2728/7383 1923/2736/7384 1919/2730/7385
f 1941/2729/7386 1940/2721/7387 1937/2722/7388 1932/2737/7389
f 1931/2731/7390 1932/2737/7391 1937/2724/7392 1936/2725/7393
f 1919/2730/7394 1926/2738/7395 1940/2721/7396 1941/2729/7397
f 1921/2712/7398 1939/2713/7399 1940/2721/7400 1926/2738/7401
f 1934/2734/7402 1948/2739/7403 1946/2728/7404
f 1935/2740/7405 1944/2707/7406 1945/2726/7407 1933/2735/7408
f 1930/2715/7409 1943/2711/7410 1947/2741/7411
f 1935/2740/7412 1929/2719/7413 1942/2710/7414 1944/2707/7415
f 1943/2711/7416 1928/2723/7417 1939/2713/7418
f 1932/2737/7419 1951/2742/7420 1941/2729/7421
f 1942/2710/7422 1947/2741/7423 1924/2720/7424 1922/2709/7425
f 1945/2726/7426 1920/2727/7427 1923/2736/7428 1948/2739/7429
f 1947/2741/7430 1943/2711/7431 1924/2720/7432
f 1948/2739/7433 1923/2736/7434 1946/2728/7435
f 1949/2732/7436 1951/2742/7437 1931/2731/7438
f 1946/2728/7439 1941/2729/7440 1934/2734/7441
f 1929/2719/7442 1947/2741/7443 1942/2710/7444
f 1930/2715/7445 1947/2741/7446 1929/2719/7447
f 1945/2726/7448 1948/2739/7449 1933/2735/7450
f 1933/2735/7451 1948/2739/7452 1934/2734/7453
f 1930/2715/7454 1927/2716/7455 1928/2723/7456 1943/2711/7457
f 1950/2733/7458 1941/2729/7459 1949/2732/7460
f 1934/2734/7461 1941/2729/7462 1950/2733/7463
f 1941/2729/7464 1951/2742/7465 1949/2732/7466
f 1931/2731/7467 1951/2742/7468 1932/2737/7469
f 1972/2743/7470 1968/2746/7471 1959/2745/7472 1963/2744/7473
f 1970/2747/7474 1957/2749/7475 1961/2748/7476
f 1971/2750/7477 1955/2753/7478 1785/2752/7479 1965/2751/7480
f 1991/2754/7481 1979/2757/7482 1982/2756/7483 1967/2755/7484
f 1966/2758/7485 1785/2760/7486 1952/2759/7487
f 1786/2761/7488 1966/2758/7489 1952/2759/7490
f 1992/2762/7491 1980/2763/7492 1979/2757/7493 1991/2754/7494
f 1959/2745/7495 1970/2747/7496 1961/2748/7497
f 1967/2755/7498 1982/2756/7499 1981/2765/7500 1988/2764/7501
f 1959/2745/7502 1966/2758/7503 1963/2766/7504
f 1966/2758/7505 1957/2749/7506 1965/2767/7507
f 1969/2768/7508 1971/2750/7509 1965/2751/7510 1957/2749/7511
f 1787/2769/7512 1963/2744/7513 1786/2770/7514
f 1953/2771/7515 1972/2743/7516 1787/2769/7517
f 1956/2772/7518 1964/2773/7519 1971/2750/7520 1969/2768/7521
f 1958/2774/7522 1960/2775/7523 1970/2747/7524 1968/2746/7525
f 1964/2773/7526 1975/2777/7527 1954/2776/7528 1955/2753/7529 1971/2750/7530
f 1960/2775/7531 1956/2772/7532 1969/2768/7533 1970/2747/7534
f 1962/2778/7535 1958/2774/7536 1968/2746/7537 1972/2743/7538
f 1963/2766/7539 1966/2758/7540 1786/2761/7541
f 1968/2746/7542 1970/2747/7543 1959/2745/7544
f 1969/2768/7545 1957/2749/7546 1970/2747/7547
f 1965/2767/7548 1785/2760/7549 1966/2758/7550
f 1972/2743/7551 1963/2744/7552 1787/2769/7553
f 1954/2779/7554 1975/2781/7555 2006/2780/7556
f 1973/2782/7557 1976/2785/7558 1791/2784/7559 1974/2783/7560
f 1953/2786/7561 1976/2785/7562 1973/2782/7563
f 1791/2784/7564 1977/2788/7565 1978/2787/7566 1974/2783/7567
f 1982/2756/7568 2009/2790/7569 2008/2789/7570 1981/2765/7571
f 1983/2791/7572 2010/2793/7573 2007/2792/7574 1980/2763/7575
f 1980/2763/7576 2007/2792/7577 1985/2794/7578 1979/2757/7579
f 1984/2795/7580 2011/2798/7581 2013/2797/7582 1987/2796/7583
f 1988/2764/7584 1981/2765/7585 1984/2800/7586 1993/2799/7587
f 1995/2801/7588 1986/2803/7589 1983/2791/7590 1994/2802/7591
f 1994/2802/7592 1983/2791/7593 1980/2763/7594 1992/2762/7595
f 1990/2804/7596 1987/2796/7597 1986/2806/7598 1995/2805/7599
f 1998/2807/7600 1990/2804/7601 1995/2805/7602 1997/2808/7603
f 2000/2809/7604 1994/2802/7605 1992/2762/7606 1996/2810/7607
f 1997/2811/7608 1995/2801/7609 1994/2802/7610 2000/2809/7611
f 1993/2812/7612 1989/2814/7613 2005/2813/7614
f 1964/2773/7615 1988/2764/7616 1993/2799/7617 1975/2777/7618
f 2005/2813/7619 1989/2814/7620 1990/2804/7621 1998/2807/7622
f 1956/2772/7623 1967/2755/7624 1988/2764/7625 1964/2773/7626
f 1996/2810/7627 1992/2762/7628 1991/2754/7629 1999/2815/7630
f 1999/2815/7631 1991/2754/7632 1967/2755/7633
f 1958/2774/7634 2002/2816/7635 1996/2810/7636 1999/2815/7637 1960/2775/7638
f 2003/2817/7639 1997/2811/7640 2000/2809/7641 2001/2819/7642 2004/2818/7643
f 2002/2816/7644 2001/2819/7645 2000/2809/7646 1996/2810/7647
f 1974/2783/7648 1998/2807/7649 1997/2808/7650 2003/2820/7651 1973/2782/7652
f 1973/2821/7653 1972/2743/7654 1953/2771/7655
f 1962/2778/7656 1972/2743/7657 1973/2821/7658
f 1960/2775/7659 1999/2815/7660 1967/2755/7661 1956/2772/7662
f 1961/2748/7663 1957/2749/7664 1966/2758/7665
f 1961/2748/7666 1966/2758/7667 1959/2745/7668
f 1993/2812/7669 1984/2795/7670 1987/2796/7671 1990/2804/7672 1989/2814/7673
f 1973/2821/7674 2003/2817/7675 2004/2818/7676 1962/2778/7677
f 1962/2778/7678 2004/2818/7679 2002/2816/7680 1958/2774/7681
f 2004/2818/7682 2001/2819/7683 2002/2816/7684
f 1978/2787/7685 2005/2813/7686 1998/2807/7687 1974/2783/7688
f 1977/2788/7689 1954/2779/7690 2006/2780/7691 1978/2787/7692
f 2006/2780/7693 2005/2813/7694 1978/2787/7695
f 2006/2780/7696 1993/2812/7697 2005/2813/7698
f 1975/2781/7699 1993/2812/7700 2006/2780/7701
f 1987/2796/7702 2013/2797/7703 2012/2822/7704 1986/2806/7705
f 1986/2803/7706 2012/2823/7707 2010/2793/7708 1983/2791/7709
f 1981/2765/7710 2008/2789/7711 2011/2824/7712 1984/2800/7713
f 1979/2757/7714 1985/2794/7715 2009/2790/7716 1982/2756/7717
f 2007/2792/7718 2015/2826/7719 2014/2825/7720 1985/2794/7721
f 2011/2798/7722 2019/2828/7723 2021/2827/7724 2013/2797/7725
f 2009/2790/7726 2017/2830/7727 2016/2829/7728 2008/2789/7729
f 2012/2823/7730 2020/2832/7731 2018/2831/7732 2010/2793/7733
f 2010/2793/7734 2018/2831/7735 2015/2826/7736 2007/2792/7737
f 2013/2797/7738 2021/2827/7739 2020/2833/7740 2012/2822/7741
f 1985/2794/7742 2014/2825/7743 2017/2830/7744 2009/2790/7745
f 2008/2789/7746 2016/2829/7747 2019/2834/7748 2011/2824/7749
f 2031/2835/7750 2029/2838/7751 2028/2837/7752 2030/2836/7753
f 2033/2839/7754 2024/2842/7755 2027/2841/7756 2032/2840/7757
f 2034/2843/7758 2025/2844/7759 2024/2842/7760 2033/2839/7761
f 2036/2845/7762 2026/2848/7763 2023/2847/7764 2035/2846/7765
f 2032/2849/7766 2027/2850/7767 2029/2838/7768 2031/2835/7769
f 2030/2851/7770 2028/2852/7771 2026/2848/7772 2036/2845/7773
f 2035/2846/7774 2023/2847/7775 2022/2854/7776 2037/2853/7777
f 2037/2853/7778 2022/2854/7779 2025/2844/7780 2034/2843/7781
f 2014/2825/7782 2037/2853/7783 2034/2843/7784 2017/2830/7785
f 2015/2826/7786 2035/2846/7787 2037/2853/7788 2014/2825/7789
f 2020/2832/7790 2030/2851/7791 2036/2845/7792 2018/2831/7793
f 2019/2828/7794 2032/2849/7795 2031/2835/7796 2021/2827/7797
f 2018/2831/7798 2036/2845/7799 2035/2846/7800 2015/2826/7801
f 2017/2830/7802 2034/2843/7803 2033/2839/7804 2016/2829/7805
f 2016/2829/7806 2033/2839/7807 2032/2840/7808 2019/2834/7809
f 2021/2827/7810 2031/2835/7811 2030/2836/7812 2020/2833/7813
f 2099/2855/7814 2098/2858/7815 2028/2857/7816 2029/2856/7817
f 2102/2859/7818 2103/2862/7819 2023/2861/7820 2026/2860/7821
f 2104/2863/7822 2025/2866/7823 2022/2865/7824 2106/2864/7825
f 2053/2867/7826 2051/2869/7827 2046/2868/7828
f 2040/2870/7829 2248/2872/7830 2042/2871/7831
f 2105/2873/7832 2024/2874/7833 2025/2866/7834 2104/2863/7835
f 2098/2858/7836 2100/2875/7837 2026/2860/7838 2028/2857/7839
f 2097/2876/7840 2099/2855/7841 2029/2856/7842 2027/2877/7843
f 2106/2864/7844 2022/2865/7845 2023/2861/7846 2103/2862/7847
f 2051/2878/7848 2050/2881/7849 2048/2880/7850 2046/2879/7851
f 2050/2881/7852 2049/2883/7853 2047/2882/7854 2048/2880/7855
f 2044/2884/7856 2039/2885/7857 2049/2883/7858 2050/2881/7859
f 2038/2886/7860 2044/2884/7861 2050/2881/7862 2051/2878/7863
f 2105/2873/7864 2101/2887/7865 2024/2874/7866
f 2100/2875/7867 2102/2859/7868 2026/2860/7869
f 2049/2883/7870 2052/2888/7871 2047/2882/7872
f 2101/2887/7873 2053/2867/7874 2046/2868/7875 2097/2889/7876
f 2054/2890/7877 2051/2869/7878 2053/2867/7879
f 2042/2871/7880 2038/2891/7881 2051/2869/7882 2054/2890/7883
f 2049/2883/7884 2055/2892/7885 2052/2888/7886
f 2039/2885/7887 2043/2893/7888 2055/2892/7889 2049/2883/7890
f 2055/2892/7891 2043/2893/7892 2056/2894/7893
f 2055/2892/7894 2056/2894/7895 2058/2896/7896 2057/2895/7897
f 2055/2892/7898 2057/2895/7899 2052/2888/7900
f 2060/2897/7901 2092/2899/7902 2066/2898/7903
f 2054/2890/7904 2053/2867/7905 2061/2900/7906
f 2059/2901/7907 2042/2871/7908 2054/2890/7909
f 2062/2902/7910 2059/2901/7911 2060/2897/7912 2063/2903/7913
f 2056/2894/7914 2062/2902/7915 2063/2903/7916 2058/2896/7917
f 2041/2904/7918 2062/2902/7919 2056/2894/7920
f 2062/2902/7921 2040/2870/7922 2059/2901/7923
f 2045/2905/7924 2040/2870/7925 2062/2902/7926
f 2045/2905/7927 2062/2902/7928 2041/2904/7929
f 2040/2870/7930 2042/2871/7931 2059/2901/7932
f 2056/2894/7933 2043/2893/7934 2041/2904/7935
f 2089/2906/7936 2088/2909/7937 2068/2908/7938 2077/2907/7939
f 2054/2890/7940 2065/2912/7941 2094/2911/7942 2067/2910/7943 2059/2901/7944
f 2061/2900/7945 2090/2914/7946 2064/2913/7947
f 2061/2900/7948 2093/2915/7949 2065/2912/7950 2054/2890/7951
f 2087/2916/7952 2079/2917/7953 2068/2908/7954 2088/2909/7955
f 2093/2915/7956 2079/2917/7957 2069/2918/7958 2065/2912/7959
f 2085/2919/7960 2084/2922/7961 2075/2921/7962 2080/2920/7963
f 2092/2899/7964 2070/2924/7965 2076/2923/7966 2066/2898/7967
f 2096/2925/7968 2084/2922/7969 2074/2927/7970 2072/2926/7971
f 2095/2928/7972 2096/2925/7973 2072/2926/7974 2082/2929/7975
f 2080/2920/7976 2075/2921/7977 2073/2931/7978 2083/2930/7979
f 2082/2929/7980 2072/2926/7981 2074/2927/7982 2081/2932/7983
f 2090/2914/7984 2089/2906/7985 2077/2907/7986 2064/2913/7987
f 2086/2933/7988 2069/2918/7989 2079/2917/7990 2087/2916/7991
f 2067/2910/7992 2082/2929/7993 2081/2932/7994 2071/2934/7995
f 2069/2918/7996 2080/2920/7997 2083/2930/7998 2065/2912/7999
f 2094/2911/8000 2095/2928/8001 2082/2929/8002 2067/2910/8003
f 2086/2933/8004 2085/2919/8005 2080/2920/8006 2069/2918/8007
f 2081/2932/8008 2074/2927/8009 2084/2922/8010 2085/2919/8011
f 2071/2934/8012 2081/2932/8013 2085/2919/8014 2086/2933/8015
f 2071/2934/8016 2086/2933/8017 2087/2916/8018 2078/2935/8019
f 2078/2935/8020 2087/2916/8021 2088/2909/8022 2070/2924/8023
f 2076/2923/8024 2070/2924/8025 2088/2909/8026 2089/2906/8027
f 2066/2898/8028 2076/2923/8029 2089/2906/8030 2090/2914/8031
f 2060/2897/8032 2090/2914/8033 2091/2936/8034
f 2066/2898/8035 2090/2914/8036 2060/2897/8037
f 2091/2936/8038 2090/2914/8039 2061/2900/8040
f 2067/2910/8041 2071/2934/8042 2078/2935/8043 2092/2899/8044
f 2078/2935/8045 2070/2924/8046 2092/2899/8047
f 2059/2901/8048 2067/2910/8049 2092/2899/8050 2060/2897/8051
f 2093/2915/8052 2068/2908/8053 2079/2917/8054
f 2064/2913/8055 2077/2907/8056 2068/2908/8057 2093/2915/8058
f 2064/2913/8059 2093/2915/8060 2061/2900/8061
f 2065/2912/8062 2083/2930/8063 2095/2928/8064 2094/2911/8065
f 2083/2930/8066 2073/2931/8067 2096/2925/8068 2095/2928/8069
f 2073/2931/8070 2075/2921/8071 2084/2922/8072 2096/2925/8073
f 2024/2874/8074 2101/2887/8075 2097/2889/8076 2027/2937/8077
f 2052/2888/8078 2057/2895/8079 2102/2859/8080 2100/2875/8081
f 2061/2900/8082 2053/2867/8083 2101/2887/8084 2105/2873/8085
f 2063/2903/8086 2106/2864/8087 2103/2862/8088 2058/2896/8089
f 2046/2879/8090 2048/2880/8091 2099/2855/8092 2097/2876/8093
f 2047/2882/8094 2052/2888/8095 2100/2875/8096 2098/2858/8097
f 2061/2900/8098 2105/2873/8099 2104/2863/8100 2060/2897/8101 2091/2936/8102
f 2060/2897/8103 2104/2863/8104 2106/2864/8105 2063/2903/8106
f 2057/2895/8107 2058/2896/8108 2103/2862/8109 2102/2859/8110
f 2048/2880/8111 2047/2882/8112 2098/2858/8113 2099/2855/8114
f 2215/2938/8115 2110/2940/8116 2242/2939/8117
f 2211/2941/8118 2112/2943/8119 2233/2942/8120
f 2115/2944/8121 2109/2947/8122 2253/2946/8123 2249/2945/8124
f 2245/2948/8125 2146/2951/8126 2113/2950/8127 2241/2949/8128
f 2247/2952/8129 2108/2954/8130 2240/2953/8131
f 2181/2955/8132 2114/2957/8133 2250/2956/8134
f 2138/2958/8135 2120/2961/8136 2118/2960/8137 2117/2959/8138
f 2131/2962/8139 2122/2965/8140 2115/2964/8141 2132/2963/8142
f 2139/2966/8143 2121/2969/8144 2111/2968/8145 2109/2967/8146
f 2240/2953/8147 2108/2954/8148 2225/2970/8149
f 2133/2971/8150 2135/2974/8151 2124/2973/8152 2119/2972/8153
f 2141/2975/8154 2143/2978/8155 2130/2977/8156 2126/2976/8157
f 2131/2962/8158 2134/2980/8159 2125/2979/8160 2122/2965/8161
f 2138/2958/8162 2140/2982/8163 2123/2981/8164 2120/2961/8165
f 2139/2966/8166 2141/2975/8167 2126/2976/8168 2121/2969/8169
f 2144/2983/8170 2130/2977/8171 2143/2978/8172
f 2140/2982/8173 2142/2985/8174 2127/2984/8175 2123/2981/8176
f 2135/2974/8177 2137/2987/8178 2128/2986/8179 2124/2973/8180
f 2134/2980/8181 2136/2989/8182 2129/2988/8183 2125/2979/8184
f 2123/2981/8185 2127/2984/8186 2136/2989/8187 2134/2980/8188
f 2126/2976/8189 2130/2977/8190 2137/2987/8191 2135/2974/8192
f 2144/2983/8193 2128/2991/8194 2137/2990/8195
f 2120/2961/8196 2123/2981/8197 2134/2980/8198 2131/2962/8199
f 2121/2969/8200 2126/2976/8201 2135/2974/8202 2133/2971/8203
f 2240/2953/8204 2225/2970/8205 2211/2941/8206 2233/2942/8207
f 2120/2961/8208 2131/2962/8209 2132/2963/8210 2118/2960/8211
f 2127/2992/8212 2144/2983/8213 2136/2993/8214
f 2124/2994/8215 2128/2995/8216 2142/2985/8217 2140/2982/8218
f 2129/2988/8219 2144/2983/8220 2143/2978/8221
f 2122/2965/8222 2125/2979/8223 2141/2975/8224 2139/2966/8225
f 2119/2996/8226 2124/2994/8227 2140/2982/8228 2138/2958/8229
f 2125/2979/8230 2129/2988/8231 2143/2978/8232 2141/2975/8233
f 2122/2965/8234 2139/2966/8235 2109/2967/8236 2115/2964/8237
f 2119/2996/8238 2138/2958/8239 2117/2959/8240 2107/2997/8241
f 2142/2998/8242 2128/2991/8243 2144/2983/8244
f 2137/2990/8245 2130/2977/8246 2144/2983/8247
f 2136/2993/8248 2144/2983/8249 2129/2988/8250
f 2142/2998/8251 2144/2983/8252 2127/2992/8253
f 2169/2999/8254 2147/3002/8255 2113/3001/8256 2146/3000/8257
f 2161/3003/8258 2151/3006/8259 2114/3005/8260 2162/3004/8261
f 2170/3007/8262 2149/3010/8263 2150/3009/8264 2171/3008/8265
f 2163/3011/8266 2145/3014/8267 2116/3013/8268 2164/3012/8269
f 2163/3011/8270 2166/3016/8271 2154/3015/8272 2145/3014/8273
f 2173/3017/8274 2175/3020/8275 2160/3019/8276 2156/3018/8277
f 2161/3003/8278 2165/3022/8279 2155/3021/8280 2151/3006/8281
f 2169/2999/8282 2172/3024/8283 2153/3023/8284 2147/3002/8285
f 2170/3007/8286 2173/3017/8287 2156/3018/8288 2149/3010/8289
f 2176/3025/8290 2160/3019/8291 2175/3020/8292
f 2172/3024/8293 2174/3027/8294 2157/3026/8295 2153/3023/8296
f 2166/3016/8297 2168/3029/8298 2158/3028/8299 2154/3015/8300
f 2165/3022/8301 2167/3031/8302 2159/3030/8303 2155/3021/8304
f 2153/3023/8305 2157/3026/8306 2167/3031/8307 2165/3022/8308
f 2156/3018/8309 2160/3019/8310 2168/3029/8311 2166/3016/8312
f 2176/3025/8313 2158/3033/8314 2168/3032/8315
f 2147/3002/8316 2153/3023/8317 2165/3022/8318 2161/3003/8319
f 2149/3010/8320 2156/3018/8321 2166/3016/8322 2163/3011/8323
f 2149/3010/8324 2163/3011/8325 2164/3012/8326 2150/3009/8327
f 2147/3002/8328 2161/3003/8329 2162/3004/8330 2113/3001/8331
f 2157/3034/8332 2176/3025/8333 2167/3035/8334
f 2154/3036/8335 2158/3037/8336 2174/3027/8337 2172/3024/8338
f 2159/3030/8339 2176/3025/8340 2175/3020/8341
f 2151/3006/8342 2155/3021/8343 2173/3017/8344 2170/3007/8345
f 2145/3038/8346 2154/3036/8347 2172/3024/8348 2169/2999/8349
f 2155/3021/8350 2159/3030/8351 2175/3020/8352 2173/3017/8353
f 2151/3006/8354 2170/3007/8355 2171/3008/8356 2114/3005/8357
f 2145/3038/8358 2169/2999/8359 2146/3000/8360 2116/3039/8361
f 2174/3040/8362 2158/3033/8363 2176/3025/8364
f 2168/3032/8365 2160/3019/8366 2176/3025/8367
f 2167/3035/8368 2176/3025/8369 2159/3030/8370
f 2174/3040/8371 2176/3025/8372 2157/3034/8373
f 2200/3041/8374 2179/3044/8375 2148/3043/8376 2201/3042/8377
f 2192/3045/8378 2182/3048/8379 2183/3047/8380 2193/3046/8381
f 2202/3049/8382 2180/3052/8383 2181/3051/8384 2203/3050/8385
f 2194/3053/8386 2177/3056/8387 2178/3055/8388 2195/3054/8389
f 2194/3053/8390 2197/3058/8391 2185/3057/8392 2177/3056/8393
f 2205/3059/8394 2207/3062/8395 2191/3061/8396 2187/3060/8397
f 2192/3045/8398 2196/3064/8399 2186/3063/8400 2182/3048/8401
f 2200/3041/8402 2204/3066/8403 2184/3065/8404 2179/3044/8405
f 2202/3049/8406 2205/3059/8407 2187/3060/8408 2180/3052/8409
f 2208/3067/8410 2191/3061/8411 2207/3062/8412
f 2204/3066/8413 2206/3069/8414 2188/3068/8415 2184/3065/8416
f 2197/3058/8417 2199/3071/8418 2189/3070/8419 2185/3057/8420
f 2196/3064/8421 2198/3073/8422 2190/3072/8423 2186/3063/8424
f 2184/3065/8425 2188/3068/8426 2198/3073/8427 2196/3064/8428
f 2187/3060/8429 2191/3061/8430 2199/3071/8431 2197/3058/8432
f 2208/3067/8433 2189/3075/8434 2199/3074/8435
f 2179/3044/8436 2184/3065/8437 2196/3064/8438 2192/3045/8439
f 2180/3052/8440 2187/3060/8441 2197/3058/8442 2194/3053/8443
f 2180/3052/8444 2194/3053/8445 2195/3054/8446 2181/3051/8447
f 2179/3044/8448 2192/3045/8449 2193/3046/8450 2148/3043/8451
f 2188/3076/8452 2208/3067/8453 2198/3077/8454
f 2185/3078/8455 2189/3079/8456 2206/3069/8457 2204/3066/8458
f 2190/3072/8459 2208/3067/8460 2207/3062/8461
f 2182/3048/8462 2186/3063/8463 2205/3059/8464 2202/3049/8465
f 2177/3080/8466 2185/3078/8467 2204/3066/8468 2200/3041/8469
f 2186/3063/8470 2190/3072/8471 2207/3062/8472 2205/3059/8473
f 2182/3048/8474 2202/3049/8475 2203/3050/8476 2183/3047/8477
f 2177/3080/8478 2200/3041/8479 2201/3042/8480 2178/3081/8481
f 2206/3082/8482 2189/3075/8483 2208/3067/8484
f 2199/3074/8485 2191/3061/8486 2208/3067/8487
f 2198/3077/8488 2208/3067/8489 2190/3072/8490
f 2206/3082/8491 2208/3067/8492 2188/3076/8493
f 2232/3083/8494 2210/3086/8495 2211/3085/8496 2225/3084/8497
f 2224/3087/8498 2214/3090/8499 2215/3089/8500 2112/3088/8501
f 2234/3091/8502 2212/3094/8503 2213/3093/8504 2110/3092/8505
f 2226/3095/8506 2209/3098/8507 2108/3097/8508 2227/3096/8509
f 2226/3095/8510 2229/3100/8511 2217/3099/8512 2209/3098/8513
f 2236/3101/8514 2238/3104/8515 2223/3103/8516 2219/3102/8517
f 2224/3087/8518 2228/3106/8519 2218/3105/8520 2214/3090/8521
f 2232/3083/8522 2235/3108/8523 2216/3107/8524 2210/3086/8525
f 2234/3091/8526 2236/3101/8527 2219/3102/8528 2212/3094/8529
f 2239/3109/8530 2223/3103/8531 2238/3104/8532
f 2235/3108/8533 2237/3111/8534 2220/3110/8535 2216/3107/8536
f 2229/3100/8537 2231/3113/8538 2221/3112/8539 2217/3099/8540
f 2228/3106/8541 2230/3115/8542 2222/3114/8543 2218/3105/8544
f 2216/3107/8545 2220/3110/8546 2230/3115/8547 2228/3106/8548
f 2219/3102/8549 2223/3103/8550 2231/3113/8551 2229/3100/8552
f 2239/3109/8553 2221/3117/8554 2231/3116/8555
f 2210/3086/8556 2216/3107/8557 2228/3106/8558 2224/3087/8559
f 2212/3094/8560 2219/3102/8561 2229/3100/8562 2226/3095/8563
f 2212/3094/8564 2226/3095/8565 2227/3096/8566 2213/3093/8567
f 2210/3086/8568 2224/3087/8569 2112/3088/8570 2211/3085/8571
f 2220/3118/8572 2239/3109/8573 2230/3119/8574
f 2217/3120/8575 2221/3121/8576 2237/3111/8577 2235/3108/8578
f 2222/3114/8579 2239/3109/8580 2238/3104/8581
f 2214/3090/8582 2218/3105/8583 2236/3101/8584 2234/3091/8585
f 2209/3122/8586 2217/3120/8587 2235/3108/8588 2232/3083/8589
f 2218/3105/8590 2222/3114/8591 2238/3104/8592 2236/3101/8593
f 2214/3090/8594 2234/3091/8595 2110/3092/8596 2215/3089/8597
f 2209/3122/8598 2232/3083/8599 2225/3084/8600 2108/3123/8601
f 2237/3124/8602 2221/3117/8603 2239/3109/8604
f 2231/3116/8605 2223/3103/8606 2239/3109/8607
f 2230/3119/8608 2239/3109/8609 2222/3114/8610
f 2237/3124/8611 2239/3109/8612 2220/3118/8613
f 2132/2963/8614 2115/2944/8615 2150/3009/8616 2164/3012/8617
f 2118/2960/8618 2132/2963/8619 2164/3012/8620 2116/3013/8621
f 2113/3001/8622 2162/3004/8623 2195/3054/8624 2178/3055/8625
f 2227/3096/8626 2108/3097/8627 2148/3043/8628 2193/3046/8629
f 2227/3096/8630 2193/3046/8631 2183/3047/8632 2213/3093/8633
f 2162/3004/8634 2114/3005/8635 2181/3051/8636 2195/3054/8637
f 2119/2972/8638 2107/3126/8639 2152/3125/8640 2133/2971/8641
f 2121/2969/8642 2133/2971/8643 2152/3125/8644 2111/3127/8645
f 2039/2885/8646 2240/2953/8647 2233/2942/8648 2043/2893/8649
f 2244/3128/8650 2178/3130/8651 2201/3129/8652
f 2244/3128/8653 2201/3129/8654 2148/3131/8655 2247/2952/8656
f 2044/2884/8657 2241/3132/8658 2240/2953/8659 2039/2885/8660
f 2233/2942/8661 2112/2943/8662 2215/2938/8663 2242/2939/8664
f 2043/2893/8665 2233/2942/8666 2242/2939/8667 2041/2904/8668
f 2241/3132/8669 2113/3133/8670 2178/3130/8671 2244/3128/8672
f 2246/3134/8673 2117/3136/8674 2118/3135/8675
f 2246/3134/8676 2118/3135/8677 2116/3137/8678 2245/2948/8679
f 2038/2886/8680 2243/3138/8681 2241/2949/8682 2044/2884/8683
f 2116/3137/8684 2146/2951/8685 2245/2948/8686
f 2243/3138/8687 2107/3139/8688 2117/3136/8689 2246/3134/8690
f 2243/3138/8691 2246/3134/8692 2245/2948/8693 2241/2949/8694
f 2241/3132/8695 2244/3128/8696 2247/2952/8697 2240/2953/8698
f 2148/3131/8699 2108/2954/8700 2247/2952/8701
f 2248/2872/8702 2152/3142/8703 2107/3141/8704 2243/3140/8705
f 2042/2871/8706 2248/2872/8707 2243/3140/8708 2038/2891/8709
f 2045/2905/8710 2250/2956/8711 2251/3143/8712 2249/2945/8713 2040/2870/8714
f 2250/3144/8715 2114/2957/8716 2171/3145/8717
f 2242/3146/8718 2110/3148/8719 2213/3147/8720
f 2041/2904/8721 2242/3146/8722 2252/3149/8723 2250/2956/8724 2045/2905/8725
f 2213/3147/8726 2183/3151/8727 2203/3150/8728 2242/3146/8729
f 2203/3050/8730 2181/2955/8731 2250/2956/8732 2252/3149/8733
f 2252/3149/8734 2242/3146/8735 2203/3050/8736
f 2171/3145/8737 2150/3009/8738 2251/3143/8739 2250/3144/8740
f 2150/3009/8741 2115/2944/8742 2249/2945/8743 2251/3143/8744
f 2152/3142/8745 2248/2872/8746 2040/2870/8747 2111/3127/8748
f 2040/2870/8749 2249/2945/8750 2253/2946/8751 2111/3127/8752
f 2111/3127/8753 2253/2946/8754 2109/2947/8755
f 1379/1898/8756 1777/2066/8757 1847/2092/8758 1380/1960/8759
f 2279/3182/8760 2278/3183/8761 2280/3184/8762 2281/3185/8763
f 2282/3186/8764 2279/3187/8765 2281/3188/8766 2283/3189/8767
f 2284/3190/8768 2282/3186/8769 2283/3189/8770 2285/3191/8771
f 2286/3192/8772 2284/3190/8773 2285/3191/8774 2287/3193/8775
f 2288/3194/8776 2286/3192/8777 2287/3193/8778 2289/3195/8779
f 2290/3196/8780 2288/3194/8781 2289/3195/8782 2291/3197/8783
f 2292/3198/8784 2290/3196/8785 2291/3197/8786 2293/3199/8787
f 2278/3183/8788 2292/3200/8789 2293/3201/8790 2280/3184/8791
s 1
f 1532/2260/8792 1535/2263/8793 2263/3163/8794 2262/3162/8795
s 2
f 1552/2275/8796 1555/1990/8797 2265/3165/8798 2264/3164/8799
s 1
f 1533/2259/8800 1532/2260/8792 2262/3162/8795 2266/3166/8801
s 2
f 1555/1990/8797 1553/2280/8802 2267/3167/8803 2265/3165/8798
s 1
f 1538/2265/8804 1536/2266/8805 2269/3169/8806 2268/3168/8807
s 2
f 1554/2277/8808 1548/2283/8809 2271/3171/8810 2270/3170/8811
s 1
f 1537/2261/8812 1539/2262/8813 2273/3173/8814 2272/3172/8815
s 2
f 1549/1988/8816 1550/2281/8817 2275/3175/8818 2274/3174/8819
s 1
f 1536/2266/8805 1533/2259/8800 2266/3166/8801 2269/3169/8806
s 2
f 1553/2280/8802 1554/2277/8808 2270/3170/8811 2267/3167/8803
s 1
f 1535/2263/8793 1534/2264/8820 2276/3176/8821 2263/3163/8794
s 2
f 1551/2272/8822 1552/2275/8796 2264/3164/8799 2277/3177/8823
s 1
f 1534/2264/8820 1537/2268/8812 2272/3178/8815 2276/3176/8821
s 2
f 1550/1989/8817 1551/2272/8822 2277/3177/8823 2275/3179/8818
s 1
f 1539/2262/8813 1538/2267/8804 2268/3180/8807 2273/3173/8814
s 2
f 1548/2271/8809 1549/1988/8816 2274/3174/8819 2271/3181/8810
s 5
f 2255/3153/8824 2254/3152/8825 2278/3183/8826 2279/3182/8827
s 6
f 1547/2269/8828 1545/2282/8829 2281/3185/8830 2280/3184/8831
s 5
f 2256/3155/8832 2255/3154/8824 2279/3187/8827 2282/3186/8833
s 6
f 1545/2274/8829 1542/2273/8834 2283/3189/8835 2281/3188/8830
s 5
f 2257/3156/8836 2256/3155/8832 2282/3186/8833 2284/3190/8837
s 6
f 1542/2273/8834 1543/2276/8838 2285/3191/8839 2283/3189/8835
s 5
f 2258/3157/8840 2257/3156/8836 2284/3190/8837 2286/3192/8841
s 6
f 1543/2276/8838 1540/2285/8842 2287/3193/8843 2285/3191/8839
s 5
f 2259/3158/8844 2258/3157/8840 2286/3192/8841 2288/3194/8845
s 6
f 1540/2285/8842 1541/2279/8846 2289/3195/8847 2287/3193/8843
s 5
f 2260/3159/8848 2259/3158/8844 2288/3194/8845 2290/3196/8849
s 6
f 1541/2279/8846 1544/2278/8850 2291/3197/8851 2289/3195/8847
s 5
f 2261/3160/8852 2260/3159/8848 2290/3196/8849 2292/3198/8853
s 6
f 1544/2278/8850 1546/2284/8854 2293/3199/8855 2291/3197/8851
s 5
f 2254/3152/8825 2261/3161/8852 2292/3200/8853 2278/3183/8826
s 6
f 1546/2270/8854 1547/2269/8828 2280/3184/8831 2293/3201/8855
s 7
f 1890/2658/8856 1892/2657/8857 2296/3203/8858 2294/3202/8859
s 8
f 1884/2656/8860 1882/2645/8861 2295/3205/8862 2297/3204/8863
s 7
f 1891/2661/8864 1888/2660/8865 2300/3207/8866 2298/3206/8867
s 8
f 1880/2659/8868 1883/2649/8869 2299/3209/8870 2301/3208/8871
s 7
f 1887/2677/8872 1891/2661/8864 2298/3206/8867 2302/3210/8873
s 8
f 1883/2649/8869 1879/2650/8874 2303/3211/8875 2299/3209/8870
s 7
f 1893/2670/8876 1890/2658/8856 2294/3202/8859 2304/3212/8877
s 8
f 1882/2645/8861 1885/2646/8878 2305/3213/8879 2295/3205/8862
s 7
f 1892/2657/8857 1889/2673/8880 2306/3214/8881 2296/3203/8858
s 8
f 1881/2664/8882 1884/2656/8860 2297/3204/8863 2307/3215/8883
s 7
f 1889/2673/8880 1894/2674/8884 2308/3216/8885 2306/3214/8881
s 8
f 1886/2666/8886 1881/2664/8882 2307/3215/8883 2309/3217/8887
s 7
f 1888/2660/8865 1893/2670/8876 2304/3212/8877 2300/3207/8866
s 8
f 1885/2646/8878 1880/2659/8868 2301/3208/8871 2305/3213/8879
s 7
f 1894/2674/8884 1887/2678/8872 2302/3218/8873 2308/3216/8885
s 8
f 1879/2669/8874 1886/2666/8886 2309/3217/8887 2303/3219/8875
s 11
f 1924/2690/8888 1921/2689/8889 2312/3221/8890 2310/3220/8891
s 12
f 1913/2688/8892 1916/2681/8893 2311/3223/8894 2313/3222/8895
s 11
f 1925/2693/8896 1922/2692/8897 2316/3225/8898 2314/3224/8899
s 12
f 1914/2682/8900 1917/2691/8901 2315/3227/8902 2317/3226/8903
s 11
f 1921/2689/8889 1926/2702/8904 2318/3228/8905 2312/3221/8890
s 12
f 1918/2695/8906 1913/2688/8892 2313/3222/8895 2319/3229/8907
s 11
f 1920/2703/8908 1925/2693/8896 2314/3224/8899 2320/3230/8909
s 12
f 1917/2691/8901 1912/2684/8910 2321/3231/8911 2315/3227/8902
s 11
f 1926/2702/8904 1919/2704/8912 2322/3232/8913 2318/3228/8905
s 12
f 1911/2696/8914 1918/2695/8906 2319/3229/8907 2323/3233/8915
s 11
f 1923/2705/8916 1920/2703/8908 2320/3230/8909 2324/3234/8917
s 12
f 1912/2684/8910 1915/2685/8918 2325/3235/8919 2321/3231/8911
s 11
f 1922/2692/8897 1924/2690/8888 2310/3220/8891 2316/3225/8898
s 12
f 1916/2681/8893 1914/2682/8900 2317/3226/8903 2311/3223/8894
s 11
f 1919/2706/8912 1923/2705/8916 2324/3234/8917 2322/3236/8913
s 12
f 1915/2685/8918 1911/2694/8914 2323/3237/8915 2325/3235/8919
g default
v -0.086020 1.874792 -3.655450
v -0.086132 1.871278 -3.668681
v -0.075268 1.866694 -3.668623
v -0.081996 1.875975 -3.652893
v -0.084024 1.870672 -3.664232
v -0.071244 1.867877 -3.666065
v -0.096823 1.902515 -3.645152
v -0.085245 1.896353 -3.657209
v -0.081806 1.886711 -3.671361
v -0.065817 1.881721 -3.681010
v -0.057967 1.873250 -3.692756
v -0.103794 1.924563 -3.646922
v -0.095734 1.919626 -3.654782
v -0.084156 1.913464 -3.666839
v -0.080717 1.903821 -3.680991
v -0.064728 1.898831 -3.690641
v -0.056878 1.890360 -3.702386
v -0.052575 1.884318 -3.712635
v -0.101825 1.941011 -3.657630
v -0.094645 1.936736 -3.664412
v -0.083067 1.930575 -3.676469
v -0.079628 1.920932 -3.690621
v -0.063638 1.915942 -3.700271
v -0.055788 1.907471 -3.712016
v -0.050773 1.902560 -3.720174
v -0.093556 1.953847 -3.674043
v -0.081978 1.947685 -3.686099
v -0.078539 1.938043 -3.700251
v -0.062549 1.933053 -3.709901
v -0.054699 1.924582 -3.721646
v -0.082298 1.966244 -3.693317
v -0.077450 1.955154 -3.709881
v -0.059314 1.948933 -3.721475
v -0.076360 1.972264 -3.719511
v -0.077877 1.971818 -3.720475
v -0.087058 1.964844 -3.696342
v -0.078966 1.954708 -3.710845
v -0.064074 1.947533 -3.724500
v -0.097579 1.952664 -3.676599
v -0.086001 1.946503 -3.688656
v -0.080055 1.937597 -3.701215
v -0.066573 1.931870 -3.712458
v -0.058723 1.923399 -3.724203
v -0.103418 1.940542 -3.658642
v -0.098668 1.935553 -3.666969
v -0.087090 1.929392 -3.679026
v -0.081144 1.920486 -3.691585
v -0.067662 1.914759 -3.702828
v -0.059812 1.906288 -3.714573
v -0.052366 1.902092 -3.721186
v -0.105387 1.924095 -3.647934
v -0.099758 1.918443 -3.657339
v -0.088180 1.912281 -3.669396
v -0.082234 1.903376 -3.681955
v -0.068751 1.897648 -3.693197
v -0.060901 1.889177 -3.704943
v -0.100847 1.901332 -3.647709
v -0.089269 1.895170 -3.659766
v -0.083323 1.886265 -3.672324
v -0.069840 1.880538 -3.683567
v -0.061990 1.872067 -3.695313
v -0.147193 1.847206 -3.662148
v -0.146538 1.846701 -3.653440
v -0.144781 1.843179 -3.651062
v -0.141506 1.835811 -3.654451
v -0.142161 1.836317 -3.663158
v -0.143918 1.839838 -3.665536
v -0.131045 1.856725 -3.663383
v -0.131048 1.856007 -3.654666
v -0.130356 1.852143 -3.652271
v -0.128805 1.844219 -3.655635
v -0.128801 1.844937 -3.664352
v -0.129493 1.848801 -3.666746
v -0.116144 1.856607 -3.662467
v -0.115673 1.856023 -3.653753
v -0.114213 1.852376 -3.651363
v -0.111418 1.844805 -3.654734
v -0.111889 1.845388 -3.663448
v -0.113350 1.849035 -3.665838
v -0.102243 1.858758 -3.662135
v -0.100982 1.858639 -3.653481
v -0.098244 1.855743 -3.651188
v -0.093381 1.849386 -3.654716
v -0.094642 1.849505 -3.663370
v -0.097381 1.852401 -3.665663
vt 0.679508 0.322784
vt 0.665343 0.363231
vt 0.628542 0.360776
vt 0.704828 0.324204
vt 0.702042 0.361139
vt 0.731269 0.325184
vt 0.742305 0.366521
vt 0.776371 0.366717
vt 0.627828 0.400775
vt 0.602462 0.400289
vt 0.664375 0.403828
vt 0.700380 0.402168
vt 0.740004 0.406978
vt 0.773937 0.406685
vt 0.800003 0.408197
vt 0.626563 0.441016
vt 0.604475 0.440489
vt 0.662937 0.444400
vt 0.698739 0.442974
vt 0.738147 0.447499
vt 0.771927 0.446915
vt 0.793981 0.448179
vt 0.625057 0.481292
vt 0.661333 0.484904
vt 0.697092 0.483604
vt 0.736460 0.487991
vt 0.770168 0.487183
vt 0.653373 0.525121
vt 0.695433 0.524123
vt 0.741147 0.528722
vt 0.693774 0.564578
vt 0.896999 0.072200
vt 0.891519 0.112554
vt 0.851722 0.104930
vt 0.935747 0.116410
vt 0.853516 0.145938
vt 0.817213 0.143952
vt 0.886469 0.153076
vt 0.923984 0.155658
vt 0.956921 0.162687
vt 0.812494 0.183246
vt 0.790459 0.180236
vt 0.848650 0.186186
vt 0.881248 0.193854
vt 0.918583 0.196119
vt 0.951489 0.202771
vt 0.973424 0.205415
vt 0.807089 0.222268
vt 0.782012 0.218232
vt 0.843016 0.226530
vt 0.875449 0.235031
vt 0.913206 0.236804
vt 0.946671 0.242856
vt 0.972343 0.246006
vt 0.799523 0.260021
vt 0.835577 0.266635
vt 0.868727 0.276789
vt 0.907654 0.277266
vt 0.941049 0.281993
vt 0.838613 0.309394
vt 0.867036 0.310196
vt 0.890542 0.317084
vt 0.900215 0.070073
vt 0.946075 0.110359
vt 0.966325 0.158894
vt 0.977351 0.204798
vt 0.947784 0.289370
vt 0.896242 0.325503
vt 0.843145 0.096540
vt 0.894326 0.069433
vt 0.809117 0.137900
vt 0.786742 0.178802
vt 0.778109 0.218414
vt 0.790648 0.264670
vt 0.830547 0.315620
vt 0.824467 0.782706
vt 0.806060 0.782564
vt 0.808891 0.748527
vt 0.827127 0.747075
vt 0.796625 0.784447
vt 0.799247 0.749931
vt 0.777902 0.787825
vt 0.779673 0.752446
vt 0.758328 0.785156
vt 0.759797 0.749767
vt 0.749097 0.781852
vt 0.750031 0.747234
vt 0.731521 0.777583
vt 0.731936 0.742660
vt 0.806649 0.718666
vt 0.824691 0.718140
vt 0.797717 0.717461
vt 0.781152 0.714996
vt 0.764237 0.714760
vt 0.755418 0.715273
vt 0.738144 0.715105
vt 0.807357 0.686126
vt 0.824862 0.689359
vt 0.798854 0.683341
vt 0.782685 0.681541
vt 0.766541 0.678754
vt 0.757792 0.681044
vt 0.740763 0.685474
vt 0.817848 0.640272
vt 0.844715 0.649269
vt 0.812188 0.631489
vt 0.785806 0.633901
vt 0.763331 0.617704
vt 0.756796 0.625744
vt 0.736672 0.640273
vn 0.758958 0.248458 0.601874
vn 0.907706 0.166393 0.385206
vn 0.759178 0.276102 0.589420
vn 0.998723 0.038540 0.032667
vn 0.998723 0.038540 0.032667
vn 0.823768 0.265285 0.501030
vn 0.907706 0.166393 0.385206
vn 0.433744 0.460929 0.774216
vn 0.433744 0.460929 0.774216
vn 0.707265 0.313883 0.633446
vn 0.823768 0.265285 0.501030
vn 0.870301 0.161213 0.465389
vn 0.881646 0.181033 0.435806
vn 0.707265 0.313883 0.633446
vn 0.759178 0.276102 0.589420
vn 0.756680 0.284299 0.588735
vn 0.749744 0.290649 0.594480
vn 0.759178 0.276102 0.589420
vn 0.907706 0.166393 0.385206
vn 0.895974 0.173139 0.408968
vn 0.756680 0.284299 0.588735
vn 0.907706 0.166393 0.385206
vn 0.823768 0.265285 0.501030
vn 0.819150 0.240838 0.520567
vn 0.895974 0.173139 0.408968
vn 0.823768 0.265285 0.501030
vn 0.707265 0.313883 0.633446
vn 0.725514 0.301893 0.618457
vn 0.819150 0.240838 0.520567
vn 0.707265 0.313883 0.633446
vn 0.881646 0.181033 0.435806
vn 0.892821 0.167667 0.418041
vn 0.725514 0.301893 0.618457
vn 0.881646 0.181033 0.435806
vn 0.919932 0.117678 0.374001
vn 0.892821 0.167667 0.418041
vn 0.749744 0.290649 0.594480
vn 0.756680 0.284299 0.588735
vn 0.755703 0.284916 0.589691
vn 0.747228 0.292304 0.596832
vn 0.756680 0.284299 0.588735
vn 0.895974 0.173139 0.408968
vn 0.895974 0.173139 0.408968
vn 0.755703 0.284916 0.589691
vn 0.895974 0.173139 0.408968
vn 0.819150 0.240838 0.520567
vn 0.819150 0.240838 0.520567
vn 0.895974 0.173139 0.408968
vn 0.819150 0.240838 0.520567
vn 0.725514 0.301893 0.618457
vn 0.725515 0.301892 0.618457
vn 0.819150 0.240838 0.520567
vn 0.725514 0.301893 0.618457
vn 0.892821 0.167667 0.418041
vn 0.885083 0.175340 0.431143
vn 0.725515 0.301892 0.618457
vn 0.892821 0.167667 0.418041
vn 0.919932 0.117678 0.374001
vn 0.906186 0.132245 0.401668
vn 0.885083 0.175340 0.431143
vn 0.747228 0.292304 0.596832
vn 0.755703 0.284916 0.589691
vn 0.758660 0.275317 0.590453
vn 0.755703 0.284916 0.589691
vn 0.895974 0.173139 0.408968
vn 0.915782 0.152567 0.371574
vn 0.758660 0.275317 0.590453
vn 0.895974 0.173139 0.408968
vn 0.819150 0.240838 0.520567
vn 0.819628 0.249044 0.515932
vn 0.915782 0.152567 0.371574
vn 0.819150 0.240838 0.520567
vn 0.725515 0.301892 0.618457
vn 0.695403 0.319446 0.643715
vn 0.819628 0.249044 0.515932
vn 0.725515 0.301892 0.618457
vn 0.885083 0.175340 0.431143
vn 0.978965 0.197226 0.052249
vn 0.695403 0.319446 0.643715
vn 0.885083 0.175340 0.431143
vn 0.906186 0.132245 0.401668
vn 0.978965 0.197226 0.052249
vn 0.758660 0.275317 0.590453
vn 0.915782 0.152567 0.371574
vn 0.951991 0.107345 0.286689
vn 0.915782 0.152567 0.371574
vn 0.819628 0.249044 0.515932
vn 0.819894 0.251679 0.514229
vn 0.951991 0.107345 0.286689
vn 0.819628 0.249044 0.515932
vn 0.695403 0.319446 0.643715
vn 0.823669 0.446420 0.349684
vn 0.819894 0.251679 0.514229
vn 0.695403 0.319446 0.643715
vn 0.978965 0.197226 0.052249
vn 0.823669 0.446420 0.349684
vn 0.951991 0.107345 0.286689
vn 0.819894 0.251679 0.514229
vn 0.915586 0.399688 0.044175
vn 0.819894 0.251679 0.514229
vn 0.823669 0.446420 0.349684
vn 0.915586 0.399688 0.044175
vn -0.561089 -0.060720 -0.825525
vn -0.820082 -0.256293 -0.511644
vn -0.893671 -0.192243 -0.405456
vn -0.561089 -0.060720 -0.825525
vn -0.438565 -0.174251 -0.881645
vn -0.820082 -0.256293 -0.511644
vn -0.893671 -0.192243 -0.405456
vn -0.866057 -0.211479 -0.453015
vn -0.770769 -0.275854 -0.574300
vn -0.893671 -0.192243 -0.405456
vn -0.820082 -0.256293 -0.511644
vn -0.819826 -0.252436 -0.513967
vn -0.866057 -0.211479 -0.453015
vn -0.820082 -0.256293 -0.511644
vn -0.438565 -0.174251 -0.881645
vn -0.769028 -0.284590 -0.572368
vn -0.819826 -0.252436 -0.513967
vn -0.438565 -0.174251 -0.881645
vn -0.607397 -0.160379 -0.778041
vn -0.769028 -0.284590 -0.572368
vn -0.770769 -0.275854 -0.574300
vn -0.808221 -0.247790 -0.534208
vn -0.892848 -0.172404 -0.416052
vn -0.770769 -0.275854 -0.574300
vn -0.866057 -0.211479 -0.453015
vn -0.852885 -0.213789 -0.476320
vn -0.808221 -0.247790 -0.534208
vn -0.866057 -0.211479 -0.453015
vn -0.819826 -0.252436 -0.513967
vn -0.819150 -0.240838 -0.520567
vn -0.852885 -0.213789 -0.476320
vn -0.819826 -0.252436 -0.513967
vn -0.769028 -0.284590 -0.572368
vn -0.783017 -0.266474 -0.562029
vn -0.819150 -0.240838 -0.520567
vn -0.769028 -0.284590 -0.572368
vn -0.607397 -0.160379 -0.778041
vn -0.830217 -0.231146 -0.507258
vn -0.783017 -0.266474 -0.562029
vn -0.607397 -0.160379 -0.778041
vn -0.727745 -0.296755 -0.618324
vn -0.830217 -0.231146 -0.507258
vn -0.892848 -0.172404 -0.416052
vn -0.808221 -0.247790 -0.534208
vn -0.808383 -0.247690 -0.534010
vn -0.890744 -0.174731 -0.419577
vn -0.808221 -0.247790 -0.534208
vn -0.852885 -0.213789 -0.476320
vn -0.852886 -0.213788 -0.476320
vn -0.808383 -0.247690 -0.534010
vn -0.852885 -0.213789 -0.476320
vn -0.819150 -0.240838 -0.520567
vn -0.819150 -0.240838 -0.520567
vn -0.852886 -0.213788 -0.476320
vn -0.819150 -0.240838 -0.520567
vn -0.783017 -0.266474 -0.562029
vn -0.783017 -0.266473 -0.562029
vn -0.819150 -0.240838 -0.520567
vn -0.783017 -0.266474 -0.562029
vn -0.830217 -0.231146 -0.507258
vn -0.830050 -0.231294 -0.507464
vn -0.783017 -0.266473 -0.562029
vn -0.830217 -0.231146 -0.507258
vn -0.727745 -0.296755 -0.618324
vn -0.730970 -0.295069 -0.615319
vn -0.830050 -0.231294 -0.507464
vn -0.890744 -0.174731 -0.419577
vn -0.808383 -0.247690 -0.534010
vn -0.773680 -0.266847 -0.574640
vn -0.808383 -0.247690 -0.534010
vn -0.852886 -0.213788 -0.476320
vn -0.866987 -0.195916 -0.458204
vn -0.773680 -0.266847 -0.574640
vn -0.852886 -0.213788 -0.476320
vn -0.819150 -0.240838 -0.520567
vn -0.828307 -0.227158 -0.512159
vn -0.866987 -0.195916 -0.458204
vn -0.819150 -0.240838 -0.520567
vn -0.783017 -0.266473 -0.562029
vn -0.763015 -0.266196 -0.589022
vn -0.828307 -0.227158 -0.512159
vn -0.783017 -0.266473 -0.562029
vn -0.830050 -0.231294 -0.507464
vn -0.862076 -0.199213 -0.465982
vn -0.763015 -0.266196 -0.589022
vn -0.830050 -0.231294 -0.507464
vn -0.730970 -0.295069 -0.615319
vn -0.862076 -0.199213 -0.465982
vn -0.773680 -0.266847 -0.574640
vn -0.866987 -0.195916 -0.458204
vn -0.758957 -0.248459 -0.601874
vn -0.866987 -0.195916 -0.458204
vn -0.828307 -0.227158 -0.512159
vn -0.979295 -0.055954 -0.194553
vn -0.979295 -0.055954 -0.194552
vn -0.828307 -0.227158 -0.512159
vn -0.763015 -0.266196 -0.589022
vn -0.510695 -0.358055 -0.781657
vn -0.510695 -0.358055 -0.781657
vn -0.763015 -0.266196 -0.589022
vn -0.862076 -0.199213 -0.465982
vn -0.870300 -0.161217 -0.465389
vn -0.438565 -0.174251 -0.881645
vn -0.561089 -0.060720 -0.825525
vn 0.915586 0.399688 0.044175
vn 0.823669 0.446420 0.349684
vn -0.607397 -0.160379 -0.778041
vn -0.438565 -0.174251 -0.881645
vn 0.823669 0.446420 0.349684
vn 0.978965 0.197226 0.052249
vn 0.544248 -0.039850 -0.837977
vn -0.607397 -0.160379 -0.778041
vn 0.978965 0.197226 0.052249
vn 0.543598 -0.036389 -0.838556
vn 0.573484 -0.360656 -0.735557
vn 0.544248 -0.039850 -0.837977
vn 0.543598 -0.036389 -0.838556
vn 0.350889 -0.928350 -0.122652
vn 0.455639 -0.824512 -0.335520
vn 0.347100 -0.930674 -0.115614
vn 0.305030 -0.951512 -0.039775
vn 0.350889 -0.928350 -0.122652
vn 0.347100 -0.930674 -0.115614
vn 0.305030 -0.951512 -0.039775
vn -0.355881 0.925164 0.131982
vn -0.402836 0.887632 0.223233
vn -0.406267 0.884288 0.230179
vn -0.355881 0.925164 0.131982
vn -0.402836 0.887632 0.223233
vn -0.450730 0.831580 0.324528
vn -0.450042 0.832546 0.322999
vn -0.406267 0.884288 0.230179
vn -0.450730 0.831580 0.324528
vn -0.514037 0.710908 0.479976
vn -0.514244 0.710368 0.480552
vn -0.450042 0.832546 0.322999
vn -0.514037 0.710908 0.479976
vn -0.553957 0.096829 0.826895
vn -0.554134 0.097985 0.826640
vn -0.514244 0.710368 0.480552
vn -0.553957 0.096829 0.826895
vn -0.433455 -0.334459 0.836812
vn -0.431493 -0.339199 0.835918
vn -0.554134 0.097985 0.826640
vn -0.433455 -0.334459 0.836812
vn -0.381544 -0.448857 0.808054
vn -0.381544 -0.448857 0.808054
vn -0.431493 -0.339199 0.835918
vn -0.653287 0.751002 0.095979
vn -0.670845 0.735105 0.097914
vn -0.291778 0.953150 0.079818
vn -0.283796 0.955562 0.079760
vn -0.263091 0.445149 0.855936
vn -0.284968 0.427970 0.857692
vn -0.147038 0.500201 0.853334
vn -0.137362 0.503052 0.853270
vn 0.363566 -0.247920 0.897973
vn 0.402547 -0.215659 0.889633
vn 0.127691 -0.363398 0.922842
vn 0.108998 -0.368933 0.923043
vn 0.714981 -0.691961 -0.099958
vn 0.692828 -0.714503 -0.097343
vn 0.279009 -0.956964 -0.079840
vn 0.291033 -0.953367 -0.079941
vn 0.292720 -0.422959 -0.857567
vn 0.268244 -0.442594 -0.855661
vn 0.136092 -0.503386 -0.853277
vn 0.147394 -0.500048 -0.853362
vn -0.380471 0.230503 -0.895606
vn -0.347609 0.256641 -0.901834
vn -0.112372 0.368056 -0.922988
vn -0.126873 0.363774 -0.922806
vn -0.283796 0.955562 0.079760
vn -0.291778 0.953150 0.079818
vn -0.086147 0.994140 0.065307
vn -0.076844 0.994834 0.066333
vn -0.137362 0.503052 0.853270
vn -0.147038 0.500201 0.853334
vn -0.088882 0.527255 0.845046
vn -0.078638 0.526832 0.846324
vn 0.108998 -0.368933 0.923043
vn 0.127691 -0.363398 0.922842
vn 0.033579 -0.405417 0.913515
vn 0.017422 -0.406068 0.913677
vn 0.291033 -0.953367 -0.079941
vn 0.279009 -0.956964 -0.079840
vn 0.135360 -0.988347 -0.069634
vn 0.144753 -0.987054 -0.069071
vn 0.147394 -0.500048 -0.853362
vn 0.136092 -0.503386 -0.853277
vn 0.086023 -0.524366 -0.847137
vn 0.096197 -0.524197 -0.846147
vn -0.126873 0.363774 -0.922806
vn -0.112372 0.368056 -0.922988
vn 0.004906 0.413146 -0.910651
vn -0.011414 0.413934 -0.910235
vn -0.076844 0.994834 0.066333
vn -0.086147 0.994140 0.065307
vn -0.540527 0.840790 -0.030036
vn -0.531110 0.846852 -0.027648
vn -0.078638 0.526832 0.846324
vn -0.088882 0.527255 0.845046
vn -0.331063 0.487125 0.808150
vn -0.293875 0.496174 0.816976
vn 0.017422 -0.406068 0.913677
vn 0.033579 -0.405417 0.913515
vn 0.597473 -0.424368 0.680395
vn 0.562784 -0.427595 0.707416
vn 0.144753 -0.987054 -0.069071
vn 0.135360 -0.988347 -0.069634
vn 0.520014 -0.741902 0.423282
vn 0.513898 -0.753564 0.409938
vn 0.096197 -0.524197 -0.846147
vn 0.086023 -0.524366 -0.847137
vn 0.242107 -0.574432 -0.781928
vn 0.279809 -0.588683 -0.758393
vn -0.011414 0.413934 -0.910235
vn 0.004906 0.413146 -0.910651
vn -0.157976 0.180292 -0.970844
vn -0.184375 0.108568 -0.976841
vn -0.531110 0.846852 -0.027648
vn -0.540527 0.840790 -0.030036
vn -0.686693 0.723648 -0.069177
vn -0.686693 0.723648 -0.069177
vn -0.293875 0.496174 0.816976
vn -0.331063 0.487125 0.808150
vn -0.439783 0.455383 0.774091
vn -0.439783 0.455383 0.774091
vn 0.562784 -0.427595 0.707416
vn 0.597473 -0.424368 0.680395
vn 0.809244 -0.377367 0.450243
vn 0.809244 -0.377367 0.450243
vn 0.513898 -0.753564 0.409938
vn 0.520014 -0.741902 0.423282
vn 0.611116 -0.276339 0.741737
vn 0.611116 -0.276339 0.741737
vn 0.279809 -0.588683 -0.758393
vn 0.242107 -0.574432 -0.781928
vn 0.352032 -0.612920 -0.707391
vn 0.352032 -0.612920 -0.707391
vn -0.184375 0.108568 -0.976841
vn -0.157976 0.180292 -0.970844
vn -0.228322 -0.019591 -0.973389
vn -0.228321 -0.019591 -0.973389
s off
g group11 polySurface38
usemtl lambert1SG
f 2329/3238/8920 2333/3239/8921 2332/3240/8922
f 2329/3238/8923 2330/3241/8924 2334/3242/8925 2333/3239/8926
f 2330/3241/8927 2331/3243/8928 2335/3244/8929 2334/3242/8930
f 2331/3243/8931 2336/3245/8932 2335/3244/8933
f 2332/3240/8934 2338/3246/8935 2337/3247/8936
f 2332/3240/8937 2333/3239/8938 2339/3248/8939 2338/3246/8940
f 2333/3239/8941 2334/3242/8942 2340/3249/8943 2339/3248/8944
f 2334/3242/8945 2335/3244/8946 2341/3250/8947 2340/3249/8948
f 2335/3244/8949 2336/3245/8950 2342/3251/8951 2341/3250/8952
f 2336/3245/8953 2343/3252/8954 2342/3251/8955
f 2337/3247/8956 2338/3246/8957 2345/3253/8958 2344/3254/8959
f 2338/3246/8960 2339/3248/8961 2346/3255/8962 2345/3253/8963
f 2339/3248/8964 2340/3249/8965 2347/3256/8966 2346/3255/8967
f 2340/3249/8968 2341/3250/8969 2348/3257/8970 2347/3256/8971
f 2341/3250/8972 2342/3251/8973 2349/3258/8974 2348/3257/8975
f 2342/3251/8976 2343/3252/8977 2350/3259/8978 2349/3258/8979
f 2344/3254/8980 2345/3253/8981 2351/3260/8982
f 2345/3253/8983 2346/3255/8984 2352/3261/8985 2351/3260/8986
f 2346/3255/8987 2347/3256/8988 2353/3262/8989 2352/3261/8990
f 2347/3256/8991 2348/3257/8992 2354/3263/8993 2353/3262/8994
f 2348/3257/8995 2349/3258/8996 2355/3264/8997 2354/3263/8998
f 2349/3258/8999 2350/3259/9000 2355/3264/9001
f 2351/3260/9002 2352/3261/9003 2356/3265/9004
f 2352/3261/9005 2353/3262/9006 2357/3266/9007 2356/3265/9008
f 2353/3262/9009 2354/3263/9010 2358/3267/9011 2357/3266/9012
f 2354/3263/9013 2355/3264/9014 2358/3267/9015
f 2356/3265/9016 2357/3266/9017 2359/3268/9018
f 2357/3266/9019 2358/3267/9020 2359/3268/9021
f 2360/3269/9022 2362/3270/9023 2361/3271/9024
f 2360/3269/9025 2363/3272/9026 2362/3270/9027
f 2361/3271/9028 2365/3273/9029 2364/3274/9030
f 2361/3271/9031 2362/3270/9032 2366/3275/9033 2365/3273/9034
f 2362/3270/9035 2363/3272/9036 2367/3276/9037 2366/3275/9038
f 2363/3272/9039 2368/3277/9040 2367/3276/9041
f 2364/3274/9042 2370/3278/9043 2369/3279/9044
f 2364/3274/9045 2365/3273/9046 2371/3280/9047 2370/3278/9048
f 2365/3273/9049 2366/3275/9050 2372/3281/9051 2371/3280/9052
f 2366/3275/9053 2367/3276/9054 2373/3282/9055 2372/3281/9056
f 2367/3276/9057 2368/3277/9058 2374/3283/9059 2373/3282/9060
f 2368/3277/9061 2375/3284/9062 2374/3283/9063
f 2369/3279/9064 2370/3278/9065 2377/3285/9066 2376/3286/9067
f 2370/3278/9068 2371/3280/9069 2378/3287/9070 2377/3285/9071
f 2371/3280/9072 2372/3281/9073 2379/3288/9074 2378/3287/9075
f 2372/3281/9076 2373/3282/9077 2380/3289/9078 2379/3288/9079
f 2373/3282/9080 2374/3283/9081 2381/3290/9082 2380/3289/9083
f 2374/3283/9084 2375/3284/9085 2343/3291/9086 2381/3290/9087
f 2376/3286/9088 2377/3285/9089 2382/3292/9090
f 2377/3285/9091 2378/3287/9092 2383/3293/9093 2382/3292/9094
f 2378/3287/9095 2379/3288/9096 2384/3294/9097 2383/3293/9098
f 2379/3288/9099 2380/3289/9100 2385/3295/9101 2384/3294/9102
f 2380/3289/9103 2381/3290/9104 2386/3296/9105 2385/3295/9106
f 2381/3290/9107 2343/3291/9108 2386/3296/9109
f 2382/3292/9110 2383/3293/9111 2326/3297/9112
f 2383/3293/9113 2384/3294/9114 2327/3298/9115 2326/3297/9116
f 2384/3294/9117 2385/3295/9118 2328/3299/9119 2327/3298/9120
f 2385/3295/9121 2386/3296/9122 2328/3299/9123
f 2363/3272/9124 2360/3269/9125 2359/3300/9126 2358/3301/9127
f 2368/3277/9128 2363/3272/9129 2358/3301/9130 2355/3302/9131
f 2375/3284/9132 2368/3277/9133 2355/3302/9134 2350/3303/9135
f 2343/3291/9136 2375/3284/9137 2350/3303/9138
f 2386/3296/9139 2343/3291/9140 2336/3304/9141
f 2328/3299/9142 2386/3296/9143 2336/3304/9144 2331/3305/9145
f 2360/3269/9146 2361/3271/9147 2356/3306/9148 2359/3307/9149
f 2361/3271/9150 2364/3274/9151 2351/3308/9152 2356/3306/9153
f 2364/3274/9154 2369/3279/9155 2344/3309/9156 2351/3308/9157
f 2369/3279/9158 2376/3286/9159 2337/3310/9160 2344/3309/9161
f 2376/3286/9162 2382/3292/9163 2332/3311/9164 2337/3310/9165
f 2382/3292/9166 2326/3297/9167 2329/3312/9168 2332/3311/9169
f 2387/3313/9170 2388/3314/9171 2394/3315/9172 2393/3316/9173
f 2388/3314/9174 2389/3317/9175 2395/3318/9176 2394/3315/9177
f 2389/3317/9178 2390/3319/9179 2396/3320/9180 2395/3318/9181
f 2390/3319/9182 2391/3321/9183 2397/3322/9184 2396/3320/9185
f 2391/3321/9186 2392/3323/9187 2398/3324/9188 2397/3322/9189
f 2392/3323/9190 2387/3325/9191 2393/3326/9192 2398/3324/9193
f 2393/3316/9194 2394/3315/9195 2400/3327/9196 2399/3328/9197
f 2394/3315/9198 2395/3318/9199 2401/3329/9200 2400/3327/9201
f 2395/3318/9202 2396/3320/9203 2402/3330/9204 2401/3329/9205
f 2396/3320/9206 2397/3322/9207 2403/3331/9208 2402/3330/9209
f 2397/3322/9210 2398/3324/9211 2404/3332/9212 2403/3331/9213
f 2398/3324/9214 2393/3326/9215 2399/3333/9216 2404/3332/9217
f 2399/3328/9218 2400/3327/9219 2406/3334/9220 2405/3335/9221
f 2400/3327/9222 2401/3329/9223 2407/3336/9224 2406/3334/9225
f 2401/3329/9226 2402/3330/9227 2408/3337/9228 2407/3336/9229
f 2402/3330/9230 2403/3331/9231 2409/3338/9232 2408/3337/9233
f 2403/3331/9234 2404/3332/9235 2410/3339/9236 2409/3338/9237
f 2404/3332/9238 2399/3333/9239 2405/3340/9240 2410/3339/9241
f 2405/3335/9242 2406/3334/9243 2326/3341/9244 2327/3342/9245
f 2406/3334/9246 2407/3336/9247 2329/3343/9248 2326/3341/9249
f 2407/3336/9250 2408/3337/9251 2330/3344/9252 2329/3343/9253
f 2408/3337/9254 2409/3338/9255 2331/3345/9256 2330/3344/9257
f 2409/3338/9258 2410/3339/9259 2328/3346/9260 2331/3345/9261
f 2410/3339/9262 2405/3340/9263 2327/3347/9264 2328/3346/9265
g default
v -0.235537 2.327581 -3.454638
v 0.082811 2.327581 -3.454638
v 0.043800 2.784076 -3.505361
v -0.235537 2.784076 -3.505361
v -0.735537 2.784076 -3.505361
v -0.735537 2.327581 -3.454638
v -0.235537 1.830640 -3.399422
v 0.125278 1.830640 -3.399422
v -1.026460 2.327581 -3.454638
v -0.987450 2.784076 -3.505361
v -0.735537 1.830640 -3.399422
v -0.235537 1.333698 -3.344205
v 0.167745 1.333698 -3.344205
v -1.068926 1.830640 -3.399422
v -0.235537 0.836756 -3.288988
v 0.210212 0.836756 -3.288988
v -0.735537 1.333698 -3.344205
v -0.235537 0.405265 -3.241045
v 0.247086 0.405265 -3.241045
v -1.111393 1.333698 -3.344205
v -0.735537 0.836756 -3.288988
v -0.735537 0.405265 -3.241045
v -1.153860 0.836756 -3.288988
v -1.190733 0.405265 -3.241045
vt 0.600000 0.800000
vt 0.727339 0.800000
vt 0.711735 0.983722
vt 0.600000 0.983722
vt 0.400000 0.983722
vt 0.400000 0.800000
vt 0.600000 0.600000
vt 0.744326 0.600000
vt 0.283631 0.800000
vt 0.299235 0.983722
vt 0.400000 0.600000
vt 0.600000 0.400000
vt 0.761313 0.400000
vt 0.266644 0.600000
vt 0.600000 0.200000
vt 0.778300 0.200000
vt 0.400000 0.400000
vt 0.600000 0.026341
vt 0.793049 0.026341
vt 0.249658 0.400000
vt 0.400000 0.200000
vt 0.400000 0.026341
vt 0.232671 0.200000
vt 0.217922 0.026341
vn 0.000000 0.110434 0.993884
vn 0.000000 0.110434 0.993884
vn 0.000000 0.110435 0.993883
vn 0.000000 0.110435 0.993883
vn 0.000000 0.110435 0.993883
vn 0.000000 0.110434 0.993884
vn 0.000000 0.110432 0.993884
vn 0.000000 0.110432 0.993884
vn 0.000000 0.110434 0.993884
vn 0.000000 0.110435 0.993883
vn 0.000000 0.110432 0.993884
vn 0.000000 0.110433 0.993884
vn 0.000000 0.110433 0.993884
vn 0.000000 0.110432 0.993884
vn 0.000000 0.110433 0.993884
vn 0.000000 0.110433 0.993884
vn 0.000000 0.110433 0.993884
vn 0.000000 0.110433 0.993884
vn 0.000000 0.110432 0.993884
vn 0.000000 0.110433 0.993884
vn 0.000000 0.110433 0.993884
vn 0.000000 0.110432 0.993884
vn 0.000000 0.110433 0.993884
vn 0.000000 0.110433 0.993884
s 1
g group11 polySurface36
usemtl aiStandardSurface1SG
f 2411/3348/9266 2412/3349/9267 2413/3350/9268 2414/3351/9269
f 2415/3352/9270 2416/3353/9271 2411/3348/9266 2414/3351/9269
f 2417/3354/9272 2418/3355/9273 2412/3349/9267 2411/3348/9266
f 2419/3356/9274 2416/3353/9271 2415/3352/9270 2420/3357/9275
f 2421/3358/9276 2417/3354/9272 2411/3348/9266 2416/3353/9271
f 2422/3359/9277 2423/3360/9278 2418/3355/9273 2417/3354/9272
f 2424/3361/9279 2421/3358/9276 2416/3353/9271 2419/3356/9274
f 2423/3360/9278 2422/3359/9277 2425/3362/9280 2426/3363/9281
f 2427/3364/9282 2422/3359/9277 2417/3354/9272 2421/3358/9276
f 2426/3363/9281 2425/3362/9280 2428/3365/9283 2429/3366/9284
f 2430/3367/9285 2427/3364/9282 2421/3358/9276 2424/3361/9279
f 2431/3368/9286 2425/3362/9280 2422/3359/9277 2427/3364/9282
f 2428/3365/9283 2425/3362/9280 2431/3368/9286 2432/3369/9287
f 2433/3370/9288 2431/3368/9286 2427/3364/9282 2430/3367/9285
f 2432/3369/9287 2431/3368/9286 2433/3370/9288 2434/3371/9289
g default
v 0.506610 2.305255 -3.750327
v 1.584096 2.305255 -3.750327
v 0.506610 2.996887 -3.750327
v 1.584096 2.996887 -3.750327
v 0.506610 2.996887 -3.876316
v 1.584096 2.996887 -3.876316
v 0.506610 2.305255 -3.876316
v 1.584096 2.305255 -3.876316
v 1.045352 2.305255 -3.750327
v 1.045352 2.996887 -3.750327
v 1.045352 2.996887 -3.876316
v 1.045352 2.305255 -3.876316
v 0.560483 2.305255 -3.750327
v 0.560483 2.996887 -3.750327
v 0.560483 2.996887 -3.876316
v 0.560483 2.305255 -3.876316
v 1.530223 2.305255 -3.750327
v 1.530223 2.996887 -3.750327
v 1.530223 2.996887 -3.876316
v 1.530223 2.305255 -3.876316
v 1.336274 2.305255 -3.750327
v 1.336274 2.996887 -3.750327
v 1.336274 2.996887 -3.876316
v 1.336274 2.305255 -3.876316
v 0.754434 2.305255 -3.750327
v 0.754434 2.996887 -3.750327
v 0.754434 2.996887 -3.876316
v 0.754434 2.305255 -3.876316
v 0.560483 6.760817 -3.750327
v 0.560483 6.760817 -3.876316
v 0.754434 6.760817 -3.750327
v 0.754434 6.760817 -3.876316
v 1.336274 6.760817 -3.750327
v 1.336274 6.760817 -3.876316
v 1.530223 6.760817 -3.750327
v 1.530223 6.760817 -3.876316
vt 0.421302 0.071866
vt 0.435142 0.071822
vt 0.272523 0.014752
vt 0.421867 0.249548
vt 0.241103 0.014795
vt 0.427019 0.317552
vt 0.435039 0.039454
vt 0.421199 0.039498
vt 0.698112 0.070985
vt 0.698009 0.038618
vt 0.731045 0.248565
vt 0.698677 0.248668
vt 0.421970 0.281916
vt 0.560272 0.249108
vt 0.559707 0.071425
vt 0.634446 0.071188
vt 0.057425 0.015293
vt 0.565422 0.316759
vt 0.026005 0.015453
vt 0.559604 0.039058
vt 0.634343 0.038821
vt 0.484969 0.071663
vt 0.320891 0.014684
vt 0.273874 0.984830
vt 0.273831 0.953411
vt 0.322199 0.953343
vt 0.194043 0.953522
vt 0.192735 0.014863
vt 0.484866 0.039296
vt 0.105792 0.015046
vt 0.684272 0.071029
vt 0.137211 0.014887
vt 0.703826 0.315966
vt 0.684169 0.038662
vt 0.062362 0.985360
vt 0.062202 0.953941
vt 0.110569 0.953694
vt 0.141988 0.953534
vt 0.030783 0.954100
vt 0.110729 0.985113
vt 0.689986 0.316045
vt 0.640161 0.316331
vt 0.242411 0.953454
vt 0.322242 0.984763
vt 0.490685 0.317188
vt 0.440859 0.317473
vt 0.491703 0.494868
vt 0.566441 0.494440
vt 0.560375 0.281475
vt 0.641179 0.494012
vt 0.691005 0.493726
vt 0.704845 0.493647
vt 0.441877 0.495154
vt 0.428037 0.495233
vt 0.730479 0.070882
vt 0.388935 0.071968
vt 0.698780 0.281035
vt 0.389500 0.249651
vt 0.485637 0.281713
vt 0.635114 0.281238
vt 0.684940 0.281079
vt 0.435810 0.281872
vt 0.635011 0.248871
vt 0.684837 0.248712
vt 0.435707 0.249504
vt 0.485534 0.249346
vt 0.185577 0.014640
vt 0.190355 0.953288
vt 0.352310 0.014640
vt 0.353618 0.953300
vn 0.000000 0.000000 1.000000
vn 0.000000 0.000000 1.000000
vn 0.000000 0.000000 1.000000
vn 0.000000 0.000000 1.000000
vn 0.000000 1.000000 0.000000
vn 0.000000 1.000000 0.000000
vn 0.000000 1.000000 0.000000
vn 0.000000 1.000000 0.000000
vn 0.000000 0.000000 -1.000000
vn 0.000000 0.000000 -1.000000
vn 0.000000 0.000000 -1.000000
vn 0.000000 0.000000 -1.000000
vn 0.000000 -1.000000 0.000000
vn 0.000000 -1.000000 0.000000
vn 0.000000 -1.000000 0.000000
vn 0.000000 -1.000000 0.000000
vn 1.000000 0.000000 0.000000
vn 1.000000 0.000000 0.000000
vn 1.000000 0.000000 0.000000
vn 1.000000 0.000000 0.000000
vn -1.000000 0.000000 0.000000
vn -1.000000 0.000000 0.000000
vn -1.000000 0.000000 0.000000
vn -1.000000 0.000000 0.000000
vn 0.000000 0.000000 1.000000
vn 0.000000 0.000000 1.000000
vn 0.000000 0.000000 1.000000
vn 0.000000 0.000000 1.000000
vn 0.000000 1.000000 0.000000
vn 0.000000 1.000000 0.000000
vn 0.000000 1.000000 0.000000
vn 0.000000 1.000000 0.000000
vn 0.000000 0.000000 -1.000000
vn 0.000000 0.000000 -1.000000
vn 0.000000 0.000000 -1.000000
vn 0.000000 0.000000 -1.000000
vn 0.000000 -1.000000 0.000000
vn 0.000000 -1.000000 0.000000
vn 0.000000 -1.000000 0.000000
vn 0.000000 -1.000000 0.000000
vn 0.000000 0.000000 1.000000
vn 0.000000 0.000000 1.000000
vn 0.000000 1.000000 0.000000
vn 0.000000 1.000000 0.000000
vn 0.000000 1.000000 0.000000
vn 0.000000 1.000000 0.000000
vn 0.000000 0.000000 -1.000000
vn 0.000000 0.000000 -1.000000
vn 0.000000 -1.000000 0.000000
vn 0.000000 -1.000000 0.000000
vn 0.000000 0.000000 1.000000
vn 0.000000 0.000000 1.000000
vn 0.000000 0.000000 1.000000
vn 0.000000 0.000000 1.000000
vn 0.000000 1.000000 0.000000
vn 0.000000 1.000000 0.000000
vn 0.000000 1.000000 0.000000
vn 0.000000 1.000000 0.000000
vn 0.000000 0.000000 -1.000000
vn 0.000000 0.000000 -1.000000
vn 0.000000 0.000000 -1.000000
vn 0.000000 0.000000 -1.000000
vn 0.000000 -1.000000 0.000000
vn 0.000000 -1.000000 0.000000
vn 0.000000 -1.000000 0.000000
vn 0.000000 -1.000000 0.000000
vn 0.000000 1.000000 0.000000
vn 0.000000 1.000000 0.000000
vn 0.000000 1.000000 0.000000
vn 0.000000 1.000000 0.000000
vn 0.000000 1.000000 0.000000
vn 0.000000 1.000000 0.000000
vn -1.000000 0.000000 0.000000
vn -1.000000 0.000000 0.000000
vn -1.000000 0.000000 0.000000
vn -1.000000 0.000000 0.000000
vn 0.000000 0.000000 1.000000
vn 0.000000 0.000000 1.000000
vn 1.000000 0.000000 0.000000
vn 1.000000 0.000000 0.000000
vn 1.000000 0.000000 0.000000
vn 1.000000 0.000000 0.000000
vn 0.000000 0.000000 -1.000000
vn 0.000000 0.000000 -1.000000
vn -1.000000 0.000000 0.000000
vn -1.000000 0.000000 0.000000
vn -1.000000 0.000000 0.000000
vn -1.000000 0.000000 0.000000
vn 0.000000 0.000000 1.000000
vn 0.000000 0.000000 1.000000
vn 1.000000 0.000000 0.000000
vn 1.000000 0.000000 0.000000
vn 1.000000 0.000000 0.000000
vn 1.000000 0.000000 0.000000
vn 0.000000 0.000000 -1.000000
vn 0.000000 0.000000 -1.000000
s 1
g group11 polySurface7
usemtl initialShadingGroup
f 2435/3372/9290 2447/3373/9291 2448/3436/9292 2437/3375/9293
s off
f 2437/3375/9294 2448/3436/9295 2449/3433/9296 2439/3384/9297
s 2
f 2439/3377/9298 2449/3417/9299 2450/3424/9300 2441/3425/9301
s 3
f 2441/3379/9302 2450/3378/9303 2447/3373/9304 2435/3372/9305
s off
f 2436/3380/9306 2442/3426/9307 2440/3382/9308 2438/3383/9309
f 2441/3427/9310 2435/3372/9311 2437/3375/9312 2439/3429/9313
s 1
f 2444/3385/9314 2443/3386/9315 2455/3387/9316 2456/3434/9317
s 5
f 2445/3420/9318 2444/3385/9319 2456/3434/9320 2457/3431/9321
s 2
f 2446/3419/9322 2445/3389/9323 2457/3413/9324 2458/3421/9325
s 3
f 2443/3386/9326 2446/3391/9327 2458/3392/9328 2455/3387/9329
s 1
f 2448/3436/9292 2447/3373/9291 2459/3393/9330 2460/3437/9331
s off
f 2464/3395/9332 2463/3396/9333 2465/3397/9334 2466/3415/9335
s 2
f 2450/3424/9300 2449/3417/9299 2461/3416/9336 2462/3418/9337
s 3
f 2447/3373/9304 2450/3378/9303 2462/3400/9338 2459/3393/9339
s 1
f 2452/3435/9340 2451/3402/9341 2436/3380/9342 2438/3383/9343
s off
f 2453/3432/9344 2452/3435/9345 2438/3383/9346 2440/3428/9347
s 2
f 2454/3422/9348 2453/3412/9349 2440/3404/9350 2442/3423/9351
s 3
f 2451/3402/9352 2454/3405/9353 2442/3381/9354 2436/3380/9355
s 1
f 2456/3434/9317 2455/3387/9316 2451/3402/9341 2452/3435/9340
s off
f 2468/3406/9356 2467/3407/9357 2469/3408/9358 2470/3411/9359
s 2
f 2458/3421/9325 2457/3413/9324 2453/3412/9349 2454/3422/9348
s 3
f 2455/3387/9329 2458/3392/9328 2454/3405/9353 2451/3402/9352
s 1
f 2460/3437/9331 2459/3393/9330 2443/3386/9315 2444/3385/9314
s 5
f 2461/3430/9360 2460/3437/9361 2444/3385/9319 2445/3420/9318
s 2
f 2462/3418/9337 2461/3416/9336 2445/3389/9323 2446/3419/9322
s 3
f 2459/3393/9339 2462/3400/9338 2446/3391/9327 2443/3386/9326
s off
f 2449/3376/9362 2448/3374/9363 2463/3396/9364 2464/3414/9365
s 1
f 2448/3374/9292 2460/3394/9331 2465/3397/9366 2463/3396/9367
s off
f 2460/3394/9368 2461/3440/9369 2466/3441/9370 2465/3397/9371
s 2
f 2461/3399/9336 2449/3376/9299 2464/3414/9372 2466/3398/9373
s off
f 2457/3390/9374 2456/3388/9375 2467/3407/9376 2468/3410/9377
s 1
f 2456/3388/9317 2452/3401/9340 2469/3408/9378 2467/3407/9379
s off
f 2452/3401/9380 2453/3403/9381 2470/3409/9382 2469/3408/9383
s 2
f 2453/3403/9349 2457/3438/9324 2468/3439/9384 2470/3409/9385
g default
v -1.169922 2.793227 -3.770108
v -1.188550 2.818482 -3.836090
v -1.213757 2.788375 -3.897707
v -1.230775 2.720544 -3.918864
v -1.229637 2.654722 -3.887169
v -1.211009 2.629467 -3.821188
v -1.185802 2.659574 -3.759570
v -1.168783 2.727406 -3.738413
v -1.349102 2.819292 -3.709544
v -1.367730 2.844547 -3.775525
v -1.392937 2.814441 -3.837143
v -1.409956 2.746610 -3.858300
v -1.408818 2.680788 -3.826605
v -1.390189 2.655533 -3.760624
v -1.364983 2.685639 -3.699006
v -1.347964 2.753471 -3.677849
v -1.199780 2.723975 -3.828638
v -1.963701 2.887367 -3.876761
v -1.906759 2.905531 -3.918782
v -1.856393 2.868334 -3.956441
v -1.842109 2.797566 -3.967674
v -1.872273 2.734680 -3.945903
v -1.929217 2.716516 -3.903880
v -1.979582 2.753713 -3.866222
v -1.993864 2.824481 -3.854990
v -2.133960 2.889312 -4.130678
v -2.067976 2.907712 -4.156086
v -2.079204 2.813204 -4.148635
v -2.008568 2.870750 -4.177131
v -1.990539 2.800079 -4.181483
v -2.024447 2.737096 -4.166593
v -2.090433 2.718697 -4.141184
v -2.149841 2.755660 -4.120140
v -2.167869 2.826331 -4.115788
vt 0.856264 0.217734
vt 0.851151 0.180625
vt 0.821379 0.157670
vt 0.784085 0.162338
vt 0.760899 0.191909
vt 0.765098 0.229084
vt 0.793577 0.252133
vt 0.834370 0.247211
vt 0.877889 0.248920
vt 0.919510 0.256431
vt 0.958267 0.266368
vt 0.995074 0.275256
vt 0.716475 0.273552
vt 0.753612 0.262230
vt 0.874716 0.341225
vt 0.906733 0.354214
vt 0.939502 0.368472
vt 0.702984 0.381951
vt 0.739142 0.372364
vt 0.771349 0.356402
vt 0.803279 0.342360
vt 0.838797 0.336999
vt 0.808353 0.204838
vt 0.821884 0.841638
vt 0.879124 0.648571
vt 0.909975 0.634857
vt 0.941082 0.619377
vt 0.709551 0.616425
vt 0.746195 0.622531
vt 0.778138 0.636420
vt 0.809288 0.649308
vt 0.844391 0.653712
vt 0.869298 0.827466
vt 0.926921 0.779700
vt 0.963672 0.763229
vt 0.692373 0.757642
vt 0.729194 0.767217
vt 0.766545 0.782129
vt 0.806137 0.794704
vt 0.846424 0.798634
vt 0.887773 0.793523
vt 0.778112 0.818556
vt 0.774850 0.855846
vt 0.798798 0.884781
vt 0.836179 0.888435
vt 0.865277 0.864684
vt 1.000000 0.751749
vt 0.977203 0.611061
vt 0.976220 0.376111
vt 0.679992 0.283661
vn 0.232931 0.928380 0.289576
vn 0.232931 0.928380 0.289576
vn 0.053991 0.932461 0.357214
vn 0.088069 0.934315 0.345397
vn -0.015576 0.900876 -0.433798
vn -0.015576 0.900876 -0.433798
vn 0.168711 0.854423 -0.491425
vn 0.132413 0.866408 -0.481461
vn -0.254959 0.345647 -0.903064
vn -0.254959 0.345647 -0.903064
vn 0.126710 0.257815 -0.957850
vn 0.099481 0.265606 -0.958935
vn -0.344991 -0.412051 -0.843324
vn -0.344991 -0.412051 -0.843324
vn 0.007078 -0.425074 -0.905131
vn 0.039652 -0.423536 -0.905011
vn -0.232933 -0.928378 -0.289581
vn -0.232933 -0.928378 -0.289581
vn -0.098478 -0.933972 -0.343509
vn -0.063610 -0.932244 -0.356195
vn 0.015574 -0.900878 0.433793
vn 0.015574 -0.900878 0.433793
vn -0.141086 -0.863926 0.483453
vn -0.176058 -0.852140 0.492809
vn 0.254961 -0.345645 0.903064
vn 0.254961 -0.345645 0.903064
vn -0.147268 -0.254523 0.955788
vn -0.171957 -0.247253 0.953571
vn 0.344990 0.412051 0.843324
vn 0.344990 0.412051 0.843324
vn -0.087171 0.423764 0.901568
vn -0.058782 0.425506 0.903045
vn 0.938477 -0.136525 -0.317210
vn 0.938477 -0.136522 -0.317211
vn 0.938477 -0.136521 -0.317210
vn 0.938477 -0.136523 -0.317209
vn 0.938478 -0.136520 -0.317208
vn 0.938478 -0.136518 -0.317209
vn 0.938478 -0.136517 -0.317210
vn 0.938477 -0.136519 -0.317212
vn 0.938476 -0.136521 -0.317213
vn -0.351375 -0.032023 -0.935687
vn -0.351380 -0.032022 -0.935685
vn -0.351379 -0.032022 -0.935685
vn -0.351384 -0.032020 -0.935684
vn -0.351385 -0.032023 -0.935683
vn -0.351382 -0.032024 -0.935684
vn -0.351376 -0.032022 -0.935686
vn -0.351375 -0.032021 -0.935687
vn -0.351375 -0.032021 -0.935687
vn -0.060470 0.949077 0.309187
vn -0.098682 0.958155 0.268704
vn 0.293225 0.848252 -0.441007
vn 0.332555 0.854731 -0.398549
vn 0.265128 0.214461 -0.940060
vn 0.265128 0.214461 -0.940060
vn 0.179909 -0.411690 -0.893389
vn 0.179909 -0.411690 -0.893389
vn 0.100023 -0.958786 -0.265941
vn 0.059857 -0.949585 -0.307742
vn -0.329413 -0.854197 0.402288
vn -0.291484 -0.847652 0.443309
vn -0.279300 -0.213275 0.936219
vn -0.279300 -0.213275 0.936219
vn -0.197170 0.413684 0.888814
vn -0.197170 0.413684 0.888814
vn -0.206714 0.967202 0.147615
vn -0.206714 0.967202 0.147615
vn 0.427764 0.858085 -0.284092
vn 0.427764 0.858085 -0.284092
vn 0.798983 0.243139 -0.550009
vn 0.798983 0.243139 -0.550009
vn 0.798983 0.243139 -0.550009
vn 0.798983 0.243139 -0.550009
vn 0.707438 -0.504334 -0.495156
vn 0.707438 -0.504334 -0.495156
vn 0.707438 -0.504334 -0.495156
vn 0.707438 -0.504334 -0.495156
vn 0.205271 -0.967116 -0.150168
vn 0.205271 -0.967116 -0.150168
vn -0.428860 -0.858168 0.282182
vn -0.428860 -0.858168 0.282182
vn -0.807000 -0.243625 0.537957
vn -0.807000 -0.243625 0.537957
vn -0.807000 -0.243625 0.537957
vn -0.807000 -0.243625 0.537957
vn -0.715772 0.504880 0.482459
vn -0.715772 0.504880 0.482459
vn -0.715772 0.504880 0.482459
vn -0.715772 0.504880 0.482459
s 1
g group11 pCylinder3
usemtl initialShadingGroup
f 2471/3450/9386 2472/3451/9387 2480/3457/9388 2479/3456/9389
s 2
f 2472/3451/9390 2473/3452/9391 2481/3458/9392 2480/3457/9393
s 3
f 2473/3452/9394 2474/3453/9395 2482/3490/9396 2481/3458/9397
s 4
f 2474/3491/9398 2475/3454/9399 2483/3460/9400 2482/3459/9401
s 5
f 2475/3454/9402 2476/3455/9403 2484/3461/9404 2483/3460/9405
s 6
f 2476/3455/9406 2477/3448/9407 2485/3462/9408 2484/3461/9409
s 7
f 2477/3448/9410 2478/3449/9411 2486/3463/9412 2485/3462/9413
s 8
f 2478/3449/9414 2471/3450/9415 2479/3456/9416 2486/3463/9417
s 9
f 2472/3443/9418 2471/3442/9419 2487/3464/9420
f 2473/3444/9421 2472/3443/9418 2487/3464/9420
f 2474/3445/9422 2473/3444/9421 2487/3464/9420
f 2475/3446/9423 2474/3445/9422 2487/3464/9420
f 2476/3447/9424 2475/3446/9423 2487/3464/9420
f 2477/3448/9425 2476/3447/9424 2487/3464/9420
f 2478/3449/9426 2477/3448/9425 2487/3464/9420
f 2471/3442/9419 2478/3449/9426 2487/3464/9420
s 10
f 2496/3474/9427 2497/3487/9428 2498/3465/9429
f 2497/3487/9428 2499/3486/9430 2498/3465/9429
f 2499/3486/9430 2500/3485/9431 2498/3465/9429
f 2500/3485/9431 2501/3484/9432 2498/3465/9429
f 2501/3484/9432 2502/3483/9433 2498/3465/9429
f 2502/3483/9433 2503/3480/9434 2498/3465/9429
f 2503/3480/9434 2504/3481/9435 2498/3465/9429
f 2504/3481/9435 2496/3474/9427 2498/3465/9429
s 1
f 2479/3456/9389 2480/3457/9388 2489/3467/9436 2488/3466/9437
s 2
f 2480/3457/9393 2481/3458/9392 2490/3468/9438 2489/3467/9439
s 3
f 2481/3458/9397 2482/3490/9396 2491/3489/9440 2490/3468/9441
s 4
f 2482/3459/9401 2483/3460/9400 2492/3470/9442 2491/3469/9443
s 5
f 2483/3460/9405 2484/3461/9404 2493/3471/9444 2492/3470/9445
s 6
f 2484/3461/9409 2485/3462/9408 2494/3472/9446 2493/3471/9447
s 7
f 2485/3462/9413 2486/3463/9412 2495/3473/9448 2494/3472/9449
s 8
f 2486/3463/9417 2479/3456/9416 2488/3466/9450 2495/3473/9451
s 1
f 2488/3466/9437 2489/3467/9436 2497/3475/9452 2496/3482/9453
s 2
f 2489/3467/9439 2490/3468/9438 2499/3476/9454 2497/3475/9455
s off
f 2490/3468/9456 2491/3489/9457 2500/3488/9458 2499/3476/9459
f 2491/3469/9460 2492/3470/9461 2501/3478/9462 2500/3477/9463
s 5
f 2492/3470/9445 2493/3471/9444 2502/3479/9464 2501/3478/9465
s 6
f 2493/3471/9447 2494/3472/9446 2503/3480/9466 2502/3479/9467
s off
f 2494/3472/9468 2495/3473/9469 2504/3481/9470 2503/3480/9471
f 2495/3473/9472 2488/3466/9473 2496/3482/9474 2504/3481/9475
g default
v -1.946279 0.686463 -2.208311
v -3.265733 0.686463 -1.242668
v -2.820375 0.652195 -2.195350
v -2.943814 0.652195 -2.364018
v -2.989037 0.652195 -2.071915
v -2.667119 0.686463 -3.193266
v -2.418014 0.075890 -2.111025
v -2.418014 0.013024 -2.111025
v -2.393180 0.075890 -2.129200
v -2.393180 0.013024 -2.129200
v -2.641516 0.075890 -1.947455
v -2.641516 0.013024 -1.947455
v -2.807479 0.075890 -1.825995
v -2.807479 0.013024 -1.825995
v -2.822044 0.075890 -2.194130
v -3.986573 0.686463 -2.227624
v -2.493896 0.064570 -2.149402
v -2.486300 0.064570 -2.167741
v -2.512235 0.064570 -2.167741
v -2.512235 0.064570 -2.141806
v -2.530574 0.064570 -2.149402
v -2.493896 0.064570 -2.186080
v -2.512235 0.064570 -2.193676
v -2.538170 0.064570 -2.167741
v -2.530574 0.064570 -2.186080
v -2.943632 0.075890 -2.360266
v -3.038399 0.064570 -1.761775
v -3.030803 0.064570 -1.780114
v -3.056738 0.064570 -1.780114
v -3.056738 0.064570 -1.754179
v -3.038399 0.064570 -1.798453
v -3.075077 0.064570 -1.761775
v -2.988008 0.075890 -2.072670
v -3.056738 0.064570 -1.806049
v -3.082673 0.064570 -1.780114
v -3.075077 0.064570 -1.798453
v -3.109595 0.075890 -2.238806
v -3.112477 0.652195 -2.240583
v -3.073230 0.075890 -1.669385
v -3.235705 0.013024 -1.891392
v -3.073230 0.013024 -1.669385
v -3.235706 0.075890 -1.891392
v -3.357293 0.013024 -2.057528
v -3.357293 0.075890 -2.057528
v -2.695296 0.075890 -2.542011
v -2.695296 0.013024 -2.542011
v -2.859439 0.075890 -2.766295
v -2.859439 0.013024 -2.766295
v -2.872116 0.064570 -2.654195
v -2.864520 0.064570 -2.672534
v -2.890455 0.064570 -2.672534
v -2.890455 0.064570 -2.646599
v -2.908794 0.064570 -2.654195
v -2.872116 0.064570 -2.690873
v -2.916390 0.064570 -2.672534
v -2.890455 0.064570 -2.698470
v -3.521435 0.013024 -2.281813
v -2.908794 0.064570 -2.690873
v -2.877677 0.075890 -2.791216
v -3.521436 0.075890 -2.281813
v -2.877677 0.013024 -2.791216
v -3.434958 0.064570 -2.258972
v -3.416619 0.064570 -2.266569
v -3.434958 0.064570 -2.284908
v -3.409023 0.064570 -2.284908
v -3.453297 0.064570 -2.266569
v -3.416619 0.064570 -2.303246
v -3.460893 0.064570 -2.284908
v -3.434958 0.064570 -2.310843
v -3.453297 0.064570 -2.303246
v -3.539674 0.075890 -2.306733
v -3.539674 0.013024 -2.306733
v -1.946279 0.739253 -2.208311
v -3.265733 0.739253 -1.242668
v -2.065295 0.739253 -2.209438
v -3.230817 0.739253 -1.356450
v -2.065295 0.705486 -2.209438
v -3.230817 0.705486 -1.356450
v -2.667119 0.739253 -3.193266
v -2.702037 0.739253 -3.079483
v -2.702037 0.705486 -3.079483
v -2.411233 0.075890 -2.153867
v -2.436067 0.075890 -2.135693
v -3.867559 0.705486 -2.226495
v -2.411233 0.013024 -2.153867
v -2.659569 0.075890 -1.972123
v -2.436067 0.044677 -2.135693
v -2.659569 0.044677 -1.972123
v -2.825532 0.075890 -1.850663
v -2.825532 0.044677 -1.850663
v -2.486300 0.044677 -2.167741
v -2.493896 0.044677 -2.149402
v -2.512235 0.044677 -2.141806
v -3.048460 0.075890 -1.687513
v -3.030407 0.075890 -1.662845
v -3.986573 0.739253 -2.227624
v -3.867559 0.739253 -2.226495
v -2.493896 0.044677 -2.186080
v -2.530574 0.044677 -2.149402
v -3.030407 0.013024 -1.662845
v -2.512235 0.044677 -2.193676
v -2.538170 0.044677 -2.167741
v -3.055177 0.075890 -1.644717
v -3.048460 0.044677 -1.687513
v -3.055177 0.013024 -1.644717
v -2.530574 0.044677 -2.186080
v -2.598543 0.075890 -2.357700
v -2.573709 0.075890 -2.375874
v -2.598543 0.044677 -2.357700
v -2.573709 0.013024 -2.375874
v -3.030803 0.044677 -1.780114
v -3.038399 0.044677 -1.761775
v -3.056738 0.044677 -1.754179
v -3.075077 0.044677 -1.761775
v -3.038399 0.044677 -1.798453
v -3.082673 0.044677 -1.780114
v -3.056738 0.044677 -1.806049
v -2.822044 0.044677 -2.194130
v -2.988008 0.044677 -2.072670
v -3.075077 0.044677 -1.798453
v -3.210936 0.075890 -1.909520
v -3.210936 0.044677 -1.909520
v -2.720130 0.075890 -2.523837
v -2.720130 0.044677 -2.523837
v -2.943632 0.044677 -2.360266
v -3.109595 0.044677 -2.238806
v -3.332523 0.044677 -2.075656
v -3.332523 0.075890 -2.075656
v -2.884272 0.075890 -2.748121
v -2.884272 0.044677 -2.748121
v -3.107774 0.044677 -2.584551
v -3.273737 0.044677 -2.463091
v -2.864520 0.044677 -2.672534
v -2.872116 0.044677 -2.654195
v -2.890455 0.044677 -2.646599
v -2.908794 0.044677 -2.654195
v -2.872116 0.044677 -2.690873
v -2.916390 0.044677 -2.672534
v -2.890455 0.044677 -2.698470
v -3.496666 0.075890 -2.299941
v -2.908794 0.044677 -2.690873
v -3.496666 0.044677 -2.299941
v -2.902510 0.075890 -2.773042
v -3.107774 0.075890 -2.584551
v -3.126012 0.075890 -2.609471
v -2.902510 0.013024 -2.773042
v -3.416619 0.044677 -2.266569
v -3.434958 0.044677 -2.258972
v -3.409023 0.044677 -2.284908
v -3.453297 0.044677 -2.266569
v -3.416619 0.044677 -2.303246
v -3.273737 0.075890 -2.463091
v -3.291975 0.075890 -2.488011
v -3.126012 0.013024 -2.609471
v -3.460893 0.044677 -2.284908
v -3.434958 0.044677 -2.310843
v -3.453297 0.044677 -2.303246
v -3.514904 0.075890 -2.324861
v -3.291975 0.013024 -2.488011
v -3.514904 0.013024 -2.324861
v -2.418014 -0.810398 -2.111025
v -2.393180 -0.810398 -2.129200
v -2.436066 -0.810398 -2.135693
v -2.411233 -0.810398 -2.153867
v -2.641516 -0.810398 -1.947455
v -2.659568 -0.810398 -1.972123
v -2.825531 -0.810398 -1.850663
v -2.807479 -0.810398 -1.825995
v -3.048460 -0.810398 -1.687513
v -3.030407 -0.810398 -1.662845
v -3.073230 -0.810398 -1.669385
v -3.055177 -0.810398 -1.644717
v -2.598543 -0.810398 -2.357700
v -2.573709 -0.810398 -2.375874
v -2.822044 -0.810398 -2.194130
v -2.988008 -0.810398 -2.072670
v -3.210936 -0.810398 -1.909520
v -3.235705 -0.810398 -1.891392
v -2.720130 -0.810398 -2.523836
v -2.695296 -0.810398 -2.542011
v -2.943632 -0.810398 -2.360266
v -3.109595 -0.810398 -2.238806
v -3.332523 -0.810398 -2.075656
v -3.357293 -0.810398 -2.057528
v -2.884272 -0.810398 -2.748121
v -2.859439 -0.810398 -2.766295
v -3.107774 -0.810398 -2.584551
v -3.273737 -0.810398 -2.463091
v -3.496666 -0.810398 -2.299940
v -3.521435 -0.810398 -2.281813
v -2.902510 -0.810398 -2.773042
v -2.877677 -0.810398 -2.791216
v -3.126012 -0.810398 -2.609471
v -3.291975 -0.810398 -2.488011
v -3.514904 -0.810398 -2.324861
v -3.539674 -0.810398 -2.306733
vt 0.512401 0.233480
vt 0.225206 0.238461
vt 0.499452 0.291005
vt 0.748420 0.291343
vt 0.237801 0.173060
vt 0.788883 0.251247
vt 0.624569 0.045105
vt 0.573418 0.003549
vt 0.624479 0.039099
vt 0.620309 0.003615
vt 0.573227 0.047728
vt 0.499878 0.003446
vt 0.431875 0.051331
vt 0.426447 0.003344
vt 0.606337 -0.005023
vt 0.012400 0.233480
vt -0.560073 0.759013
vt -0.478118 0.758952
vt -0.519022 0.857910
vt -0.617980 0.817007
vt -0.617919 0.898961
vt -0.420125 0.816860
vt -0.420064 0.898814
vt -0.559926 0.956869
vt -0.477971 0.956808
vt 0.854569 -0.005401
vt -0.238223 0.159524
vt -0.156269 0.159440
vt -0.197145 0.258410
vt -0.296114 0.217534
vt -0.098259 0.217331
vt -0.296031 0.299488
vt 0.358846 -0.004746
vt -0.098175 0.299286
vt -0.238021 0.357379
vt -0.156066 0.357296
vt 0.253205 -0.043526
vt 0.223472 0.184399
vt 0.361882 0.037400
vt 0.297380 0.017250
vt 0.383088 0.003285
vt 0.500244 0.459180
vt 0.607386 0.498301
vt 0.393025 0.754853
vt 0.319777 0.043664
vt 0.498452 0.793348
vt 0.238522 0.017978
vt 0.241425 0.057805
vt 0.712713 0.161894
vt 0.749512 0.004999
vt 0.862165 0.038471
vt 0.823225 0.005815
vt -0.566175 0.168702
vt -0.484221 0.168743
vt -0.525247 0.267650
vt -0.624154 0.226624
vt -0.624195 0.308579
vt -0.426299 0.226722
vt -0.566273 0.366558
vt -0.426339 0.308676
vt 0.137853 0.012825
vt -0.484318 0.366598
vt 0.875455 0.039921
vt 0.131846 0.066768
vt 0.870276 0.006336
vt -0.622358 0.519681
vt -0.564784 0.461357
vt -0.523168 0.560017
vt -0.482831 0.460827
vt -0.621828 0.601633
vt -0.424507 0.518402
vt -0.563504 0.659207
vt -0.423977 0.600354
vt -0.481551 0.658678
vt 0.128977 0.052523
vt 0.124551 0.011363
vt 0.513545 0.253983
vt 0.375000 0.375000
vt 0.624999 0.375000
vt 0.375000 0.375000
vt 0.624999 0.375000
vt 0.347921 0.277700
vt 0.773705 0.493830
vt 0.499999 0.500000
vt 0.987599 0.227520
vt 0.499999 0.500000
vt 0.613839 0.031379
vt 0.666501 0.042664
vt 0.499999 0.500000
vt 0.629655 0.003673
vt 0.499676 0.045546
vt 0.642540 0.094731
vt 0.638377 0.042926
vt 0.604738 0.044134
vt 0.420315 0.045520
vt 0.518725 0.155175
vt 0.404498 0.045030
vt -0.478179 0.676819
vt -0.560134 0.676879
vt -0.642027 0.759074
vt -0.642088 0.676940
vt 0.336303 0.045520
vt 0.375795 0.044819
vt 0.499999 0.500000
vt 0.499999 0.500000
vt -0.396225 0.676758
vt -0.396164 0.758891
vt -0.723982 0.759135
vt -0.724043 0.677001
vt 0.379677 0.003278
vt 0.437269 0.226299
vt -0.969906 0.677183
vt -0.969846 0.759317
vt -1.051800 0.759378
vt -1.051861 0.677244
vt -0.805936 0.759195
vt -0.805997 0.677062
vt 0.375527 0.038993
vt 0.373298 0.039122
vt 0.013545 0.253983
vt 0.375000 0.017074
vt -0.887952 0.677123
vt -0.887891 0.759256
vt 0.457345 0.133036
vt 0.723645 0.034771
vt 0.702720 0.032502
vt 0.619643 0.050617
vt 0.375001 0.155101
vt 0.676228 0.004188
vt 0.742451 0.110166
vt -0.156352 0.077306
vt -0.238307 0.077390
vt -0.320178 0.159607
vt -0.320261 0.077474
vt -0.402132 0.159691
vt -0.402216 0.077557
vt -0.074398 0.077223
vt -0.074314 0.159356
vt 0.612651 0.246000
vt -0.484087 0.159775
vt -0.484170 0.077641
vt -0.648079 0.077808
vt -0.647996 0.159942
vt -0.729950 0.160025
vt -0.730034 0.077892
vt 0.608899 0.054806
vt 0.398180 0.049280
vt -0.566041 0.159858
vt -0.566125 0.077725
vt 0.530065 0.363610
vt 0.267907 0.048493
vt 0.363728 0.055125
vt 0.436654 0.327676
vt 0.375003 0.372286
vt 0.497870 0.050460
vt 0.424760 0.079971
vt 0.226292 0.545171
vt 0.576978 0.560469
vt 0.673872 0.163363
vt 0.757054 0.219313
vt 0.822868 0.172605
vt 0.479026 0.128001
vt 0.551821 0.074733
vt 0.554240 0.205519
vt 0.478711 0.104184
vt 0.416141 0.087159
vt 0.425506 0.347760
vt 0.290858 -0.001183
vt 0.196023 0.059435
vt 0.380140 0.482158
vt 0.375005 0.590746
vt 0.649085 0.649186
vt 0.646946 0.649349
vt 0.534559 0.519633
vt 0.716690 0.094718
vt 0.588479 0.311489
vt 0.389127 0.415541
vt 0.243561 0.220914
vt -0.484180 0.086609
vt -0.566135 0.086568
vt -0.648130 0.168661
vt -0.648089 0.086528
vt -0.730084 0.168621
vt -0.730044 0.086487
vt -0.402226 0.086650
vt -0.402266 0.168783
vt 0.546274 0.513158
vt -0.812039 0.168580
vt -0.811998 0.086447
vt -0.975907 0.086365
vt -0.975948 0.168499
vt -1.057902 0.168458
vt -1.057862 0.086325
vt 0.166877 0.109419
vt -0.893953 0.086406
vt -0.893993 0.168540
vt 0.161479 0.095427
vt 0.387898 0.732229
vt 0.597483 0.671583
vt 0.625454 0.710110
vt 0.375006 0.730188
vt 0.448081 0.423696
vt 0.409450 0.439111
vt 0.615154 0.738647
vt 0.612194 0.711559
vt 0.628414 0.737198
vt -0.565315 0.379225
vt -0.646736 0.461887
vt -0.647267 0.379755
vt -0.483362 0.378696
vt 0.865604 0.020226
vt -0.728688 0.462417
vt -0.729219 0.380285
vt -0.401409 0.378166
vt -0.400878 0.460298
vt 0.311886 0.225758
vt 0.311833 0.298618
vt 0.512246 0.731753
vt 0.515072 0.704625
vt 0.771825 0.158601
vt -0.810641 0.462947
vt -0.811172 0.380815
vt -0.975077 0.381875
vt -0.974546 0.464007
vt -1.056498 0.464536
vt -1.057029 0.382405
vt -0.892594 0.463477
vt -0.893125 0.381345
vt 0.153872 0.125629
vt 0.453812 0.732247
vt 0.457337 0.705162
vt 0.624753 0.375616
vt 0.365248 0.731831
vt 0.368115 0.704628
vt 0.477898 0.592310
vt 0.371526 0.711695
vt 0.384360 0.730331
vt 0.638954 0.045768
vt 0.639469 0.045614
vt 0.639726 0.045142
vt 0.639572 0.044626
vt 0.639099 0.044370
vt 0.614670 0.042282
vt 0.613993 0.042756
vt 0.613849 0.043570
vt 0.375071 0.045261
vt 0.374444 0.044071
vt 0.373158 0.043673
vt 0.371968 0.044301
vt 0.375936 0.040037
vt 0.376947 0.041944
vt 0.379010 0.042578
vt 0.380917 0.041567
vt 0.669474 0.420670
vt 0.655263 0.404515
vt 0.633790 0.403140
vt 0.617635 0.417351
vt 0.594850 0.471462
vt 0.611210 0.489254
vt 0.635358 0.490267
vt 0.653150 0.473908
vt 0.195141 0.122126
vt 0.207096 0.120400
vt 0.214329 0.110726
vt 0.212603 0.098771
vt 0.200658 0.086405
vt 0.189890 0.086760
vt 0.182526 0.094625
vt 0.182881 0.105394
vt 0.625869 0.005991
vt 0.573418 0.003549
vt 0.636118 0.004057
vt 0.499878 0.003446
vt 0.426447 0.003344
vt 0.379677 0.003278
vt 0.375000 0.017074
vt 0.375001 0.155101
vt 0.703676 0.005252
vt 0.375003 0.372286
vt 0.749991 0.003315
vt 0.375005 0.590746
vt 0.871886 0.023432
vt 0.375006 0.730188
vt 0.704524 0.107537
vt 0.870276 0.006336
vt 0.573199 0.323972
vt 0.529532 0.499525
vt 0.399833 0.712926
vt 0.384360 0.730331
vt 0.407585 0.649293
vt 0.477898 0.592310
vt 0.384360 0.730331
vt 0.375006 0.730188
vt 0.380646 0.701063
vt 0.375005 0.590746
vt 0.386641 0.677447
vt 0.368711 0.720367
vt 0.374549 0.738906
vt 0.375006 0.730188
vt 0.656327 0.425733
vt 0.624753 0.375616
vt 0.477898 0.592310
vt 0.365256 0.675803
vt 0.508985 0.592984
vt 0.424326 0.662925
vt 0.387834 0.737430
vt 0.384360 0.730331
vt 0.819493 0.216648
vt 0.771825 0.158601
vt 0.624753 0.375616
vt 0.344889 0.512854
vt 0.643558 0.391606
vt 0.671607 0.413250
vt 0.484784 0.744425
vt 0.477898 0.592310
vt 0.850087 0.016395
vt 0.865604 0.020226
vt 0.771825 0.158601
vt 0.522978 0.368473
vt 0.638627 0.080394
vt 0.831658 0.203829
vt 0.542418 0.743779
vt 0.624753 0.375616
vt 0.875128 0.044113
vt 0.823225 0.005815
vt 0.870276 0.006336
vt 0.865604 0.020226
vt 0.864467 0.009001
vt 0.878406 0.012865
vt 0.865604 0.020226
vt 0.776531 0.034218
vt 0.879645 0.030258
vt 0.857507 0.030825
vt 0.631758 0.744203
vt 0.771825 0.158601
vt 0.375003 0.372286
vt 0.327365 0.403154
vt 0.401526 0.483802
vt 0.117853 0.005419
vt 0.375005 0.590746
vt 0.318733 0.385572
vt 0.374083 0.229793
vt 0.589602 0.427889
vt 0.538484 0.241090
vt 0.511503 0.131639
vt 0.674821 0.228652
vt 0.619205 0.138186
vt 0.602033 0.051392
vt 0.684964 0.218781
vt 0.777662 0.029584
vt 0.749512 0.004999
vt 0.823225 0.005815
vt 0.882173 0.005869
vt 0.865116 0.011416
vt 0.870276 0.006336
vt 0.720617 0.022018
vt 0.781299 0.018525
vt 0.754508 -0.010540
vt 0.375001 0.155101
vt 0.303929 0.171519
vt 0.445286 0.345257
vt 0.207314 0.005040
vt 0.375003 0.372286
vt 0.301574 0.154139
vt 0.436714 0.021790
vt 0.365664 0.352313
vt 0.539246 0.124190
vt 0.532214 0.004259
vt 0.504949 0.239453
vt 0.599751 0.064831
vt 0.585617 -0.024081
vt 0.623867 0.139539
vt 0.703532 0.017522
vt 0.676228 0.004188
vt 0.749512 0.004999
vt 0.796313 0.017498
vt 0.761621 0.017679
vt 0.823225 0.005815
vt 0.673674 0.007263
vt 0.705038 0.009981
vt 0.707313 -0.005807
vt 0.375000 0.017074
vt 0.382431 0.027869
vt 0.459699 0.150416
vt 0.261143 0.017747
vt 0.375001 0.155101
vt 0.368708 0.019444
vt 0.440281 0.078799
vt 0.334737 0.123898
vt 0.400745 -0.045792
vt 0.464585 -0.001180
vt 0.451188 0.094603
vt 0.541561 0.010499
vt 0.567985 -0.027211
vt 0.554483 0.063387
vt 0.626952 0.002948
vt 0.629655 0.003673
vt 0.676228 0.004188
vt 0.738621 0.017809
vt 0.706512 0.005081
vt 0.749512 0.004999
vt 0.593361 0.037285
vt 0.623888 0.001857
vt 0.637625 -0.003484
vt 0.379677 0.003278
vt 0.390820 0.014203
vt 0.426447 0.003344
vt 0.454067 0.074425
vt 0.377098 0.005778
vt 0.378803 0.010929
vt 0.371174 0.010904
vt 0.379677 0.003278
vt 0.365157 0.009336
vt 0.375000 0.017074
vt 0.499878 0.003446
vt 0.462849 0.010261
vt 0.414531 -0.050167
vt 0.384884 0.009295
vt 0.363154 0.017382
vt 0.426447 0.003344
vt 0.573418 0.003549
vt 0.560867 -0.024410
vt 0.539825 0.021940
vt 0.486446 0.002905
vt 0.456242 0.003610
vt 0.499878 0.003446
vt 0.620309 0.003615
vt 0.622805 0.004901
vt 0.586243 0.040086
vt 0.547582 0.016916
vt 0.513409 0.003039
vt 0.573418 0.003549
vt 0.620309 0.003615
vt 0.629655 0.003673
vt 0.634832 0.009574
vt 0.617085 0.003607
vt 0.676228 0.004188
vt 0.625532 0.009528
vt 0.621241 0.011148
vt 0.629655 0.003673
vt 0.636713 0.017523
vt 0.611840 0.011116
vt 0.620309 0.003615
vt 0.202929 0.091538
vt 0.294499 0.079134
vt 0.267907 0.048493
vt 0.196023 0.059435
vt 0.287730 0.012846
vt 0.237862 0.170563
vt 0.385156 0.347632
vt 0.303882 0.281591
vt 0.267353 0.236112
vt 0.190746 0.112757
vt 0.616260 0.438823
vt 0.447755 0.364659
vt 0.385156 0.347632
vt 0.534559 0.519633
vt 0.339195 0.450931
vt 0.689115 0.334047
vt 0.729751 0.047973
vt 0.680400 0.100698
vt 0.765563 0.217587
vt 0.654163 0.449759
vt 0.371571 0.045587
vt 0.336303 0.045520
vt 0.267907 0.048493
vt 0.317217 0.018797
vt 0.363381 0.055364
vt 0.483636 0.052594
vt 0.499676 0.045546
vt 0.420315 0.045520
vt 0.389368 0.048732
vt 0.381551 0.039503
vt 0.638584 0.044523
vt 0.663449 0.045082
vt 0.579328 0.045082
vt 0.615482 0.039945
vt 0.689885 0.034757
vt 0.729751 0.047973
vt 0.663449 0.045082
vt 0.643904 0.047928
vt 0.614323 0.044247
vt 0.134665 0.066963
vt 0.384812 0.710219
vt 0.121576 0.038441
vt 0.298881 0.241968
vt 0.487650 0.717223
vt 0.237862 0.170563
vt 0.196023 0.059435
vt 0.136336 0.078321
vt 0.149192 0.061240
vt 0.196023 0.059435
vt 0.237862 0.170563
vt 0.333205 0.281369
vt 0.385156 0.347632
vt 0.237862 0.170563
vt 0.426709 0.440946
vt 0.545944 0.716694
vt 0.435520 0.415537
vt 0.534559 0.519633
vt 0.385156 0.347632
vt 0.620876 0.672923
vt 0.634584 0.717076
vt 0.689115 0.334047
vt 0.663202 0.544455
vt 0.612175 0.634544
vt 0.687141 0.514153
vt 0.689115 0.334047
vt 0.534559 0.519633
vt 0.634392 0.686224
vt 0.115012 0.032713
vt 0.134878 0.039902
vt 0.143505 0.046800
vt 0.267907 0.048493
vt 0.245423 0.062506
vt 0.240937 0.037667
vt 0.591690 0.087937
vt 0.551825 0.074733
vt 0.478769 0.104188
vt 0.560014 0.170227
vt 0.478712 0.104193
vt 0.424784 0.079873
vt 0.375462 0.109618
vt 0.397822 0.128497
vt 0.751502 0.062366
vt 0.729751 0.047973
vt 0.689115 0.334047
vt 0.884845 0.033137
vt 0.725982 0.512684
vt 0.624999 0.375000
vt 0.499999 0.500000
vt 0.375000 0.375000
vt 0.225206 0.527461
vt 0.624999 0.375000
vt 0.624999 0.375000
vt 0.499999 0.500000
vt 0.375000 0.375000
vt 0.375000 0.375000
vt 0.499999 0.500000
vt 0.203585 0.032542
vt 0.235681 0.045273
vt 0.236447 0.026115
vt 0.336303 0.045520
vt 0.319678 0.045964
vt 0.276960 0.035689
vt 0.424775 0.079972
vt 0.497842 0.050455
vt 0.507452 0.061214
vt 0.389192 0.070734
vt 0.424769 0.079871
vt 0.478768 0.104179
vt 0.513896 0.043410
vt 0.497870 0.050456
vt 0.551827 0.074711
vt 0.601175 0.021996
vt 0.764292 0.044947
vt 0.792521 0.044919
vt 0.755627 0.058202
vt 0.735376 0.045582
vt 0.673180 0.047418
vt 0.727770 0.030607
vt 0.672572 0.048097
vt 0.663449 0.045082
vt 0.729751 0.047973
vt 0.227524 0.260778
vt 0.444253 0.491981
vt 0.986455 0.207017
vt 0.774791 0.511539
vt 0.748772 -0.043896
vt 0.551823 0.074710
vt 0.500835 -0.043544
vt 0.497842 0.050459
vt 0.420315 0.045520
vt 0.336303 0.045520
vt 0.264448 0.045613
vt 0.293651 0.044752
vt 0.272962 0.030987
vt 0.420315 0.045520
vt 0.414887 0.039189
vt 0.375371 0.045655
vt 0.340291 0.046856
vt 0.579328 0.045082
vt 0.499676 0.045546
vt 0.490080 0.034790
vt 0.638069 0.037525
vt 0.625054 0.044904
vt 0.667109 0.041985
vt 0.624911 0.045247
vt 0.579519 0.042354
vt 0.579328 0.045082
vt 0.663449 0.045082
vt 0.374956 0.044394
vt 0.374469 0.038984
vt 0.416420 0.037479
vt 0.366448 0.045439
vt 0.388179 0.037375
vt 0.386392 0.031151
vt 0.340391 0.044557
vt 0.374533 0.045229
vt 0.363476 0.493137
vt 0.375000 0.375000
vt 0.499859 0.249995
vt 0.500000 0.250000
vt 0.375000 0.375000
vt 0.500000 0.250000
vt 0.226292 0.256170
vt 0.487600 0.227520
vt 0.493918 0.040034
vt 0.452175 0.031531
vt 0.489741 0.030962
vt 0.499676 0.045546
vt 0.492647 0.041965
vt 0.430342 0.053041
vt 0.579328 0.045082
vt 0.573888 0.048349
vt 0.505636 0.050513
vt 0.510122 0.031027
vt 0.543515 0.044836
vt 0.506907 0.048582
vt 0.499859 0.250002
vt 0.375000 0.375000
vt 0.624999 0.375000
vt 0.652078 0.472300
vt 0.615085 0.039087
vt 0.633426 0.045511
vt 0.578857 0.041733
vt 0.628777 0.037499
vt 0.624712 0.044761
vt 0.500141 0.250005
vt 0.636523 0.256863
vt 0.500000 0.250000
vt 0.500141 0.249998
vt 0.624999 0.375000
vt 0.774794 0.222539
vt 0.500000 0.250000
vt 0.624999 0.375000
vt 0.457573 0.268871
vt 0.311203 0.194562
vt 0.486455 0.207017
vt 0.689061 0.213535
vt 0.572136 0.173047
vt 0.773708 0.204830
vt 0.143041 0.251603
vt 0.480899 0.562998
vt 0.769575 0.177238
vt 0.497865 0.571752
vt 0.477823 0.191565
vt 0.392234 0.251857
vt 0.250291 0.290973
vt 0.492468 0.179316
vt 0.752481 0.170780
vt 0.641011 0.252261
vn 0.130670 -0.975216 0.178548
vn 0.279884 -0.880574 0.382433
vn 0.279884 -0.880574 0.382433
vn 0.130747 -0.975186 0.178652
vn 0.200234 -0.968727 -0.146541
vn 0.170673 -0.977379 -0.124907
vn 0.170233 -0.977496 -0.124585
vn 0.200234 -0.968727 -0.146541
vn 0.590586 0.000000 0.806975
vn 0.590585 0.000006 0.806975
vn 0.590585 0.000000 0.806975
vn 0.590586 0.000000 0.806974
vn 0.590585 0.000005 0.806975
vn 0.590585 0.000000 0.806975
vn 0.590585 0.000001 0.806975
vn 0.590585 0.000000 0.806975
vn 0.590585 -0.000002 0.806975
vn 0.590585 -0.000002 0.806975
vn -0.170710 -0.977369 0.124934
vn -0.200234 -0.968727 0.146541
vn -0.200234 -0.968727 0.146541
vn -0.170271 -0.977486 0.124613
vn 0.000000 1.000000 -0.000000
vn 0.000000 1.000000 0.000000
vn 0.000000 1.000000 0.000000
vn 0.000000 1.000000 0.000000
vn 0.000000 1.000000 -0.000000
vn 0.000000 1.000000 0.000000
vn 0.000000 1.000000 0.000000
vn 0.000000 1.000000 -0.000000
vn 0.000000 1.000000 0.000000
vn 0.806971 -0.003407 -0.590581
vn 0.806971 -0.003406 -0.590581
vn 0.000000 1.000000 -0.000000
vn 0.000000 1.000000 0.000000
vn 0.000000 1.000000 0.000000
vn 0.000000 1.000000 0.000000
vn 0.000000 1.000000 0.000000
vn 0.000000 1.000000 -0.000000
vn 0.000000 1.000000 0.000000
vn 0.000000 1.000000 -0.000000
vn 0.000000 1.000000 0.000000
vn -0.806973 -0.002102 0.590584
vn -0.806973 -0.002102 0.590584
vn -0.806975 -0.000000 0.590585
vn -0.806976 -0.000000 0.590585
vn -0.806975 -0.000005 0.590585
vn -0.806976 -0.000004 0.590585
vn -0.590578 -0.005164 -0.806964
vn -0.130639 -0.975228 -0.178505
vn -0.130563 -0.975257 -0.178401
vn -0.590578 -0.005164 -0.806964
vn -0.806975 -0.000000 0.590585
vn -0.806975 -0.000003 0.590585
vn 0.806975 -0.000001 -0.590585
vn 0.806975 -0.000000 -0.590585
vn 0.806975 -0.000000 -0.590586
vn 0.806976 -0.000000 -0.590585
vn 0.000000 1.000000 -0.000000
vn 0.000000 1.000000 0.000000
vn 0.000000 1.000000 0.000000
vn 0.000000 1.000000 0.000000
vn 0.000000 1.000000 -0.000000
vn 0.000000 1.000000 0.000000
vn 0.000000 1.000000 -0.000000
vn 0.000000 1.000000 0.000000
vn -0.806975 -0.000000 0.590586
vn -0.806975 -0.000003 0.590586
vn 0.000000 1.000000 0.000000
vn 0.806976 -0.000002 -0.590584
vn 0.806979 -0.000000 -0.590581
vn 0.000000 1.000000 0.000000
vn 0.000000 1.000000 0.000000
vn 0.000000 1.000000 0.000000
vn 0.000000 1.000000 0.000000
vn 0.000000 1.000000 0.000000
vn 0.000000 1.000000 0.000000
vn 0.000000 1.000000 0.000000
vn 0.000000 1.000000 0.000000
vn 0.000000 1.000000 0.000000
vn -0.806972 -0.000005 0.590590
vn -0.806967 -0.000000 0.590597
vn 0.590586 0.000000 0.806975
vn 0.590586 0.000000 0.806975
vn 0.000000 1.000000 0.000000
vn 0.000000 1.000000 0.000000
vn 0.000000 1.000000 0.000000
vn 0.000000 1.000000 0.000000
vn -0.590585 0.000000 -0.806975
vn -0.590585 0.000000 -0.806975
vn -0.590585 0.000000 -0.806975
vn -0.590585 0.000000 -0.806975
vn 0.000000 1.000000 -0.000000
vn 0.000000 1.000000 -0.000000
vn 0.806975 0.000000 -0.590586
vn 0.806975 0.000000 -0.590586
vn -0.806975 0.000000 0.590585
vn -0.806975 0.000000 0.590585
vn -0.806975 0.000000 0.590585
vn -0.806975 0.000000 0.590585
vn 0.000000 1.000000 -0.000000
vn 0.000000 1.000000 -0.000000
vn 0.000000 1.000000 0.000000
vn 0.000000 1.000000 0.000000
vn 0.000000 1.000000 0.000000
vn 0.000000 1.000000 0.000000
vn 0.000000 1.000000 0.000000
vn 0.000000 1.000000 0.000000
vn 0.806976 0.000000 -0.590584
vn 0.806975 0.000000 -0.590585
vn 0.806975 0.000000 -0.590585
vn 0.806977 0.000000 -0.590583
vn 0.000000 1.000000 0.000000
vn 0.000000 1.000000 0.000000
vn 0.000000 -1.000000 0.000000
vn 0.000000 -1.000000 0.000000
vn 0.000000 -1.000000 0.000000
vn 0.000000 -1.000000 0.000000
vn -0.590585 0.000000 -0.806975
vn -0.590585 0.000000 -0.806975
vn -0.590585 0.000000 -0.806975
vn -0.590585 0.000000 -0.806975
vn 0.000000 1.000000 0.000000
vn 0.000000 1.000000 0.000000
vn 0.000000 -1.000000 0.000000
vn 0.000000 -1.000000 0.000000
vn -0.590586 0.000000 -0.806975
vn -0.590586 0.000000 -0.806975
vn 0.923881 0.000000 0.382681
vn 0.923881 0.000000 0.382681
vn 0.923881 0.000000 0.382681
vn 0.923881 0.000000 0.382681
vn 0.382683 0.000000 0.923880
vn 0.382683 0.000000 0.923880
vn 0.382683 0.000000 0.923880
vn 0.382683 0.000000 0.923880
vn -0.000000 1.000000 0.000000
vn 0.000000 1.000000 0.000000
vn 0.000000 1.000000 -0.000000
vn 0.000000 1.000000 -0.000000
vn 0.923881 0.000000 -0.382681
vn 0.923881 0.000000 -0.382681
vn 0.923881 0.000000 -0.382681
vn 0.923881 0.000000 -0.382681
vn -0.382683 0.000000 0.923880
vn -0.382683 0.000000 0.923880
vn -0.382683 0.000000 0.923880
vn -0.382683 0.000000 0.923880
vn 0.806975 0.000000 -0.590586
vn 0.806975 0.000000 -0.590586
vn 0.806975 0.000000 -0.590586
vn 0.806975 0.000000 -0.590586
vn 0.590585 0.000000 0.806975
vn 0.590585 0.000000 0.806975
vn 0.000000 -1.000000 0.000000
vn 0.000000 -1.000000 -0.000001
vn 0.382683 0.000000 -0.923880
vn 0.382683 0.000000 -0.923880
vn 0.382683 0.000000 -0.923880
vn 0.382683 0.000000 -0.923880
vn -0.923881 0.000000 0.382681
vn -0.923881 0.000000 0.382681
vn -0.923881 0.000000 0.382681
vn -0.923881 0.000000 0.382681
vn -0.000000 1.000000 0.000000
vn -0.000000 1.000000 0.000000
vn -0.590586 0.000000 -0.806975
vn -0.590586 0.000000 -0.806975
vn -0.806975 0.000000 0.590585
vn -0.806975 0.000000 0.590585
vn 0.590584 0.000000 0.806976
vn 0.590585 0.000000 0.806975
vn -0.382683 0.000000 -0.923880
vn -0.382683 0.000000 -0.923880
vn -0.382683 0.000000 -0.923880
vn -0.382683 0.000000 -0.923880
vn -0.923881 0.000000 -0.382681
vn -0.923881 0.000000 -0.382681
vn -0.923881 0.000000 -0.382681
vn -0.923881 0.000000 -0.382681
vn 0.000000 -1.000000 -0.000000
vn 0.000000 -1.000000 -0.000001
vn -0.806971 0.000000 0.590591
vn -0.806972 0.000000 0.590590
vn 0.000000 1.000000 -0.000000
vn 0.000000 1.000000 -0.000000
vn -0.806975 0.000000 0.590585
vn -0.806975 0.000000 0.590585
vn -0.806975 0.000000 0.590585
vn -0.806975 0.000000 0.590585
vn 0.000000 -1.000000 0.000000
vn 0.000000 -1.000000 0.000000
vn 0.806975 0.000000 -0.590586
vn 0.806975 0.000000 -0.590586
vn -0.000000 -1.000000 0.000000
vn -0.000000 -1.000000 0.000000
vn 0.923881 0.000000 0.382681
vn 0.923881 0.000000 0.382681
vn 0.923881 0.000000 0.382681
vn 0.923881 0.000000 0.382681
vn 0.382683 0.000000 0.923880
vn 0.382683 0.000000 0.923880
vn 0.382683 0.000000 0.923880
vn 0.382683 0.000000 0.923880
vn -0.382683 0.000000 0.923880
vn -0.382683 0.000000 0.923880
vn -0.382683 0.000000 0.923880
vn -0.382683 0.000000 0.923880
vn 0.923881 0.000000 -0.382681
vn 0.923881 0.000000 -0.382681
vn 0.923881 0.000000 -0.382681
vn 0.923881 0.000000 -0.382681
vn 0.000000 -1.000000 0.000000
vn -0.923881 0.000000 0.382681
vn -0.923881 0.000000 0.382681
vn -0.923881 0.000000 0.382681
vn -0.923881 0.000000 0.382681
vn 0.382678 0.000000 -0.923882
vn 0.382678 0.000000 -0.923882
vn 0.382678 0.000000 -0.923882
vn 0.382678 0.000000 -0.923882
vn 0.000000 1.000000 -0.000000
vn 0.000000 1.000000 0.000000
vn 0.000000 1.000000 0.000000
vn 0.000000 1.000000 0.000000
vn -0.923881 0.000000 -0.382681
vn -0.923881 0.000000 -0.382681
vn -0.923881 0.000000 -0.382681
vn -0.923881 0.000000 -0.382681
vn -0.382678 0.000000 -0.923882
vn -0.382678 0.000000 -0.923882
vn -0.382678 0.000000 -0.923882
vn -0.382678 0.000000 -0.923882
vn 0.000000 -1.000000 0.000000
vn -0.000000 1.000000 0.000000
vn -0.000000 1.000000 0.000000
vn 0.806975 0.000000 -0.590585
vn 0.806975 0.000000 -0.590585
vn 0.806975 0.000000 -0.590585
vn 0.806975 0.000000 -0.590585
vn 0.000000 -1.000000 0.000000
vn 0.000000 -1.000000 -0.000000
vn 0.590585 0.000000 0.806975
vn 0.590585 0.000000 0.806975
vn -0.279883 -0.880575 -0.382432
vn -0.279883 -0.880575 -0.382432
vn 0.000000 1.000000 -0.000000
vn 0.000000 1.000000 -0.000000
vn -0.806975 0.000000 0.590585
vn -0.806975 0.000000 0.590585
vn -0.000000 -1.000000 0.000000
vn -0.000002 -1.000000 0.000001
vn 0.000000 1.000000 -0.000000
vn 0.000000 1.000000 -0.000000
vn 0.000000 1.000000 -0.000000
vn 0.806975 0.000000 -0.590585
vn 0.806975 0.000000 -0.590585
vn 0.000000 -1.000000 -0.000000
vn -0.806975 0.000000 0.590585
vn -0.806975 0.000000 0.590585
vn 0.000000 -1.000000 -0.000000
vn 0.000000 1.000000 0.000000
vn 0.000000 1.000000 0.000000
vn 0.000000 1.000000 0.000000
vn -0.000000 1.000000 0.000000
vn -0.000000 1.000000 0.000000
vn 0.806975 0.000000 -0.590586
vn 0.806975 0.000000 -0.590586
vn 0.590585 0.000000 0.806975
vn 0.590585 0.000000 0.806975
vn 0.590585 0.000000 0.806975
vn 0.590585 0.000000 0.806975
vn 0.000000 -1.000000 0.000000
vn 0.000000 -1.000000 -0.000000
vn -0.590584 0.000000 -0.806976
vn -0.590584 0.000000 -0.806976
vn -0.590585 0.000000 -0.806975
vn -0.590585 0.000000 -0.806975
vn 0.000000 1.000000 -0.000000
vn 0.000000 1.000000 -0.000000
vn -0.806976 0.000000 0.590585
vn -0.806976 0.000000 0.590585
vn 0.000000 -1.000000 0.000000
vn -0.000002 -1.000000 0.000001
vn 0.000000 -1.000000 0.000000
vn 0.000000 1.000000 0.000000
vn 0.000000 1.000000 0.000000
vn 0.923881 0.000000 0.382681
vn 0.923881 0.000000 0.382681
vn 0.923881 0.000000 0.382681
vn 0.923881 0.000000 0.382681
vn 0.382673 0.000000 0.923884
vn 0.382673 0.000000 0.923884
vn 0.382673 0.000000 0.923884
vn 0.382673 0.000000 0.923884
vn -0.382673 0.000000 0.923884
vn -0.382673 0.000000 0.923884
vn -0.382673 0.000000 0.923884
vn -0.382673 0.000000 0.923884
vn 0.923881 0.000000 -0.382681
vn 0.923881 0.000000 -0.382681
vn 0.923881 0.000000 -0.382681
vn 0.923881 0.000000 -0.382681
vn 0.000000 -1.000000 0.000000
vn -0.923881 0.000000 0.382681
vn -0.923881 0.000000 0.382681
vn -0.923881 0.000000 0.382681
vn -0.923881 0.000000 0.382681
vn 0.382683 0.000000 -0.923880
vn 0.382683 0.000000 -0.923880
vn 0.382683 0.000000 -0.923880
vn 0.382683 0.000000 -0.923880
vn -0.000000 1.000000 0.000000
vn -0.000000 1.000000 0.000000
vn -0.382683 0.000000 -0.923880
vn -0.382683 0.000000 -0.923880
vn -0.382683 0.000000 -0.923880
vn -0.382683 0.000000 -0.923880
vn -0.923881 0.000000 -0.382681
vn -0.923881 0.000000 -0.382681
vn -0.923881 0.000000 -0.382681
vn -0.923881 0.000000 -0.382681
vn 0.806974 0.000000 -0.590586
vn 0.806974 0.000000 -0.590586
vn 0.000000 -1.000000 -0.000000
vn -0.000000 1.000000 -0.000000
vn 0.000000 1.000000 -0.000000
vn 0.000000 -1.000000 0.000000
vn 0.590586 0.000000 0.806975
vn 0.590585 0.000000 0.806975
vn 0.590585 0.000000 0.806975
vn 0.590586 0.000000 0.806975
vn -0.000000 1.000000 -0.000000
vn -0.000000 1.000000 -0.000000
vn -0.590586 0.000000 -0.806975
vn -0.590585 0.000000 -0.806975
vn -0.590581 0.000000 -0.806978
vn -0.590593 0.000000 -0.806970
vn 0.382676 0.000000 0.923882
vn 0.382676 0.000000 0.923882
vn 0.382676 0.000000 0.923882
vn 0.382676 0.000000 0.923882
vn 0.923881 0.000000 0.382681
vn 0.923881 0.000000 0.382681
vn 0.923881 0.000000 0.382681
vn 0.923881 0.000000 0.382681
vn 0.000003 -1.000000 0.000002
vn 0.000000 -1.000000 0.000000
vn -0.382676 0.000000 0.923882
vn -0.382676 0.000000 0.923882
vn -0.382676 0.000000 0.923882
vn -0.382676 0.000000 0.923882
vn 0.923881 0.000000 -0.382681
vn 0.923881 0.000000 -0.382681
vn 0.923881 0.000000 -0.382681
vn 0.923881 0.000000 -0.382681
vn 0.590585 0.000000 0.806976
vn 0.590585 0.000000 0.806976
vn -0.000000 1.000000 -0.000000
vn -0.000000 1.000000 -0.000000
vn -0.590586 0.000000 -0.806975
vn -0.590586 0.000000 -0.806975
vn 0.000003 -1.000000 0.000004
vn -0.923881 0.000000 0.382681
vn -0.923881 0.000000 0.382681
vn -0.923881 0.000000 0.382681
vn -0.923881 0.000000 0.382681
vn 0.382687 0.000000 -0.923878
vn 0.382687 0.000000 -0.923878
vn 0.382687 0.000000 -0.923878
vn 0.382687 0.000000 -0.923878
vn -0.923881 0.000000 -0.382681
vn -0.923881 0.000000 -0.382681
vn -0.923881 0.000000 -0.382681
vn -0.923881 0.000000 -0.382681
vn -0.382687 0.000000 -0.923878
vn -0.382687 0.000000 -0.923878
vn -0.382687 0.000000 -0.923878
vn -0.382687 0.000000 -0.923878
vn 0.590584 0.000000 0.806976
vn 0.590584 0.000000 0.806976
vn -0.000000 1.000000 -0.000000
vn -0.590585 0.000000 -0.806975
vn -0.590585 0.000000 -0.806975
vn 0.000002 -1.000000 0.000001
vn -0.000000 1.000000 -0.000000
vn -0.590584 0.000000 -0.806976
vn -0.590585 0.000000 -0.806976
vn 0.000001 -1.000000 -0.000002
vn -0.590586 0.000000 -0.806975
vn -0.590581 0.000000 -0.806978
vn 0.000000 -1.000000 0.000003
vn 0.000000 1.000000 0.000000
vn 0.000000 1.000000 0.000000
vn 0.000000 1.000000 -0.000000
vn 0.000000 1.000000 -0.000000
vn 0.000000 1.000000 -0.000000
vn 0.000000 1.000000 -0.000000
vn 0.000000 1.000000 0.000000
vn 0.000000 1.000000 0.000000
vn 0.000000 1.000000 0.000000
vn 0.000000 1.000000 0.000000
vn 0.000000 1.000000 -0.000000
vn 0.000000 1.000000 0.000000
vn 0.000000 1.000000 0.000000
vn 0.000000 1.000000 0.000000
vn 0.000000 1.000000 -0.000000
vn 0.000000 1.000000 -0.000000
vn 0.000000 1.000000 -0.000000
vn 0.000000 1.000000 -0.000000
vn 0.000000 1.000000 -0.000000
vn 0.000000 1.000000 0.000000
vn 0.000000 1.000000 0.000000
vn 0.000000 1.000000 0.000000
vn 0.000000 1.000000 -0.000000
vn 0.000000 1.000000 -0.000000
vn 0.000000 1.000000 -0.000000
vn 0.000000 1.000000 -0.000000
vn 0.000000 1.000000 -0.000000
vn 0.000000 1.000000 0.000000
vn 0.000000 1.000000 0.000000
vn 0.000000 1.000000 0.000000
vn 0.000000 1.000000 0.000000
vn 0.000000 1.000000 0.000000
vn 0.000000 1.000000 0.000000
vn 0.000000 1.000000 0.000000
vn 0.000000 1.000000 0.000000
vn 0.000000 1.000000 0.000000
vn 0.590585 0.000000 0.806975
vn 0.590586 0.000000 0.806974
vn 0.806976 0.000000 -0.590584
vn 0.806975 0.000000 -0.590585
vn 0.590585 0.000000 0.806975
vn 0.590585 0.000000 0.806975
vn 0.590585 0.000000 0.806975
vn 0.590584 0.000000 0.806976
vn -0.806976 0.000000 0.590585
vn -0.806971 0.000000 0.590591
vn 0.806975 0.000000 -0.590586
vn -0.806975 0.000000 0.590585
vn 0.806975 0.000000 -0.590586
vn -0.806975 0.000000 0.590585
vn 0.806976 0.000000 -0.590585
vn -0.806975 0.000000 0.590586
vn -0.590593 0.000000 -0.806969
vn -0.590586 0.000000 -0.806975
vn 0.806979 0.000000 -0.590580
vn -0.590586 0.000000 -0.806975
vn -0.590585 0.000000 -0.806975
vn -0.590584 0.000000 -0.806976
vn -0.806967 0.000000 0.590597
vn -0.590581 0.000000 -0.806978
s 1
g group11 polySurface34
usemtl initialShadingGroup
f 2507/4141/9476 2505/4132/9477 2506/4128/9478 2509/4138/9479
s 2
f 2505/4131/9480 2507/4142/9481 2508/4136/9482 2510/3497/9483
s 3
f 2513/4118/9484 2511/4115/9485 2512/3933/9486 2514/3929/9487
f 2511/4116/9485 2515/4108/9488 2516/3922/9489 2512/3932/9486
f 2515/4109/9488 2517/4100/9490 2518/3916/9491 2516/3921/9489
s 1
f 2519/3506/9492 2507/3494/9476 2509/4139/9479 2537/4062/9493
s 4
f 2509/3496/9494 2506/4129/9495 2520/4056/9496 2542/3529/9497
s 5
f 2521/3508/9498 2522/3509/9499 2523/3510/9500
f 2524/3511/9501 2521/3508/9498 2523/3510/9500
f 2525/3512/9502 2524/3511/9501 2523/3510/9500
f 2522/3509/9499 2526/3513/9503 2523/3510/9500
f 2526/3513/9503 2527/3514/9504 2523/3510/9500
f 2528/3515/9505 2525/3512/9502 2523/3510/9500
f 2527/3514/9504 2529/3516/9506 2523/3510/9500
f 2529/3516/9506 2528/3515/9505 2523/3510/9500
s 2
f 2530/3517/9507 2508/3495/9482 2507/4143/9481 2519/4060/9508
s 6
f 2531/3518/9509 2532/3519/9510 2533/3520/9511
f 2534/3521/9512 2531/3518/9509 2533/3520/9511
f 2532/3519/9510 2535/3522/9513 2533/3520/9511
f 2536/3523/9514 2534/3521/9512 2533/3520/9511
f 2535/3522/9513 2538/3525/9515 2533/3520/9511
f 2539/3526/9516 2536/3523/9514 2533/3520/9511
f 2540/3527/9517 2539/3526/9516 2533/3520/9511
f 2538/3525/9515 2540/3527/9517 2533/3520/9511
s 4
f 2509/4140/9494 2542/4134/9497 2541/3528/9518 2537/3524/9519
s 7
f 2544/3876/9520 2545/3532/9521 2543/4088/9522 2546/4066/9523
s 8
f 2541/3535/9524 2542/3533/9525 2508/3534/9526 2530/3537/9527
s 7
f 2547/3853/9528 2544/3531/9520 2546/4067/9523 2548/4031/9529
s 9
f 2551/4019/9530 2549/4047/9531 2550/3868/9532 2552/3844/9533
s 10
f 2553/3544/9534 2554/3545/9535 2555/3546/9536
f 2556/3547/9537 2553/3544/9534 2555/3546/9536
f 2557/3548/9538 2556/3547/9537 2555/3546/9536
f 2554/3545/9535 2558/3549/9539 2555/3546/9536
f 2559/3550/9540 2557/3548/9538 2555/3546/9536
f 2558/3549/9539 2560/3551/9541 2555/3546/9536
s 7
f 2561/3830/9542 2547/3538/9528 2548/4032/9529 2564/4002/9543
s 10
f 2560/3551/9541 2562/3553/9544 2555/3546/9536
f 2562/3553/9544 2559/3550/9540 2555/3546/9536
s 9
f 2563/3554/9545 2551/3542/9530 2552/3845/9533 2565/3820/9546
s 11
f 2566/3557/9547 2567/3558/9548 2568/3559/9549
f 2567/3558/9548 2569/3560/9550 2568/3559/9549
f 2570/3561/9551 2566/3557/9547 2568/3559/9549
f 2569/3560/9550 2571/3562/9552 2568/3559/9549
f 2572/3563/9553 2570/3561/9551 2568/3559/9549
f 2571/3562/9552 2573/3564/9554 2568/3559/9549
f 2574/3565/9555 2572/3563/9553 2568/3559/9549
f 2573/3564/9554 2574/3565/9555 2568/3559/9549
s 7
f 2561/3552/9542 2564/4003/9543 2575/3976/9556 2576/3567/9557
s 1
f 2506/3493/9478 2505/4133/9477 2577/4125/9558 2578/4097/9559
s 12
f 2578/4096/9560 2577/4126/9561 2579/4122/9562 2580/4094/9563
s off
f 2580/4093/9564 2579/4123/9565 2581/4120/9566 2582/4111/9567
s 12
f 2577/4127/9561 2583/4021/9568 2584/4025/9569 2579/3570/9562
s 2
f 2505/3492/9480 2510/4058/9483 2583/3576/9570 2577/3568/9571
s off
f 2579/4124/9572 2584/4026/9573 2585/4113/9574 2581/3572/9575
s 13
f 2513/4119/9576 2586/4077/9577 2587/4079/9578 2511/3498/9579
s off
f 2582/3573/9580 2581/4121/9581 2585/4114/9582 2588/4091/9583
s 9
f 2514/3930/9584 2589/3926/9585 2586/4076/9586 2513/3500/9587
s 13
f 2511/4117/9579 2587/4080/9578 2590/4106/9588 2515/3502/9589
s 15
f 2666/3761/9590 2665/3919/9591 2667/3894/9592 2668/3887/9593
s 16
f 2590/4105/9594 2587/4081/9595 2591/3967/9596 2592/4073/9597
s 13
f 2515/4110/9589 2590/4107/9588 2593/4103/9598 2517/4099/9599
s 15
f 2667/3893/9592 2665/3920/9591 2669/3913/9600 2670/3885/9601
s 16
f 2593/4102/9602 2590/3582/9594 2592/4074/9597 2594/3961/9603
s off
f 2595/3589/9604 2522/3509/9605 2521/3508/9606 2596/3590/9607
f 2596/3590/9608 2521/3508/9609 2524/3591/9610 2597/3592/9611
s 13
f 2517/3504/9599 2593/4104/9598 2598/4070/9612 2599/4085/9613
s 12
f 2600/4023/9614 2578/3569/9560 2580/4095/9563 2601/4029/9615
s off
f 2602/3597/9616 2526/3598/9617 2522/3509/9618 2595/3589/9619
f 2597/3592/9620 2524/3591/9621 2525/3599/9622 2603/3600/9623
f 2601/4028/9624 2580/3571/9625 2582/4112/9626 2588/4092/9627
s 3
f 2599/4086/9628 2604/3910/9629 2518/3915/9491 2517/4101/9490
s 15
f 2671/3882/9630 2670/3884/9601 2669/3914/9600 2672/3907/9631
s off
f 2605/3603/9632 2527/3604/9633 2526/3605/9634 2602/3606/9635
f 2603/3600/9636 2525/3599/9637 2528/3607/9638 2606/3608/9639
s 13
f 2599/3594/9613 2598/4071/9612 2543/4090/9640 2607/4083/9641
s 16
f 2598/4069/9642 2593/3586/9602 2594/3962/9603 2608/4064/9643
s 4
f 2520/3507/9496 2506/4130/9495 2578/4098/9644 2600/3611/9645
s 3
f 2609/3902/9646 2604/3909/9629 2599/4087/9628 2607/4084/9647
s off
f 2610/3613/9648 2529/3614/9649 2527/3604/9650 2605/3603/9651
f 2606/3608/9652 2528/3607/9653 2529/3614/9654 2610/3613/9655
s 15
f 2673/3879/9656 2671/3881/9630 2672/3908/9631 2674/3899/9657
s 7
f 2543/3530/9522 2545/3904/9521 2609/3901/9658 2607/3609/9659
s 13
f 2611/4053/9660 2587/3579/9578 2586/4078/9577 2612/4051/9661
s 17
f 2587/4082/9662 2611/4054/9663 2613/3971/9664 2591/3966/9665
s 15
f 2675/3874/9666 2673/3878/9656 2674/3900/9657 2676/3897/9667
s 9
f 2586/3578/9586 2589/3927/9585 2614/3890/9668 2612/4050/9669
s 15
f 2668/3763/9593 2667/3895/9592 2677/3871/9670 2678/3864/9671
s off
f 2615/3622/9672 2532/3519/9673 2531/3518/9674 2616/3623/9675
f 2616/3623/9676 2531/3518/9677 2534/3624/9678 2617/3625/9679
f 2617/3625/9680 2534/3624/9681 2536/3626/9682 2618/3627/9683
f 2619/3628/9684 2535/3629/9685 2532/3519/9686 2615/3622/9687
s 15
f 2677/3870/9670 2667/3583/9592 2670/3886/9601 2679/3862/9688
s off
f 2618/3627/9689 2536/3626/9690 2539/3631/9691 2620/3632/9692
f 2621/3633/9693 2538/3634/9694 2535/3635/9695 2619/3636/9696
s 18
f 2594/3960/9697 2592/4075/9698 2622/4043/9699 2623/4039/9700
s off
f 2620/3632/9701 2539/3631/9702 2540/3639/9703 2624/3640/9704
f 2624/3640/9705 2540/3639/9706 2538/3634/9707 2621/3633/9708
s 15
f 2679/3861/9688 2670/3587/9601 2671/3883/9630 2680/3859/9709
s 13
f 2543/4089/9640 2598/4072/9612 2625/4035/9710 2546/3536/9711
s 19
f 2625/4034/9712 2598/3593/9713 2608/4065/9714 2626/3956/9715
s 15
f 2680/3858/9709 2671/3602/9630 2673/3880/9656 2681/3856/9716
f 2681/3855/9716 2673/3615/9656 2675/3875/9666 2682/3851/9717
s 1
f 2519/3646/9492 2537/4063/9493 2623/4038/9718 2622/4044/9719
s 8
f 2520/4057/9720 2510/3649/9721 2508/4137/9526 2542/4135/9525
s 13
f 2627/4016/9722 2611/3616/9660 2612/4052/9661 2549/4049/9723
s 17
f 2611/4055/9663 2627/4017/9724 2628/3951/9725 2613/3970/9664
s 9
f 2612/3617/9669 2614/3891/9668 2550/3867/9532 2549/4048/9531
s 15
f 2678/3769/9671 2677/3872/9670 2683/3848/9726 2684/3841/9727
s 18
f 2629/4008/9728 2622/4046/9699 2613/3969/9729 2628/3952/9730
s 2
f 2530/3654/9507 2519/4061/9508 2622/4045/9731 2629/4009/9732
s 15
f 2683/3847/9726 2677/3621/9670 2679/3863/9688 2685/3839/9733
s 4
f 2537/3647/9519 2541/4041/9518 2630/4013/9734 2623/4037/9735
s 15
f 2685/3838/9733 2679/3630/9688 2680/3860/9709 2686/3836/9736
s 18
f 2631/3936/9737 2626/3958/9738 2623/3638/9700 2630/4014/9739
s 13
f 2546/4068/9711 2625/4036/9710 2632/4006/9740 2548/3539/9741
s 19
f 2632/4005/9742 2625/3642/9712 2626/3957/9715 2631/3937/9743
s off
f 2584/4027/9744 2601/3596/9745 2588/3580/9746 2585/3577/9747
s 15
f 2686/3835/9736 2680/3641/9709 2681/3857/9716 2687/3833/9748
s 12
f 2583/4022/9568 2600/3595/9614 2601/4030/9615 2584/3575/9569
s 15
f 2687/3832/9748 2681/3644/9716 2682/3852/9717 2688/3828/9749
s 8
f 2541/3656/9524 2530/4042/9527 2629/4010/9750 2630/4012/9751
f 2600/4024/9752 2583/3574/9753 2510/4059/9721 2520/3648/9720
s 13
f 2551/4020/9754 2633/3998/9755 2627/3650/9722 2549/3540/9723
s 17
f 2627/4018/9724 2633/3999/9756 2634/3995/9757 2628/3950/9725
s 15
f 2684/3771/9727 2683/3849/9726 2689/3823/9758 2690/3815/9759
f 2689/3822/9758 2683/3652/9726 2685/3840/9733 2691/3811/9760
s 18
f 2635/3946/9761 2636/3942/9762 2630/3657/9739 2629/4011/9728
s off
f 2637/3670/9763 2554/3545/9764 2553/3544/9765 2638/3671/9766
f 2638/3671/9767 2553/3544/9768 2556/3672/9769 2639/3673/9770
f 2639/3673/9771 2556/3672/9772 2557/3674/9773 2640/3675/9774
f 2641/3676/9775 2558/3677/9776 2554/3545/9777 2637/3670/9778
s 15
f 2692/3803/9779 2691/3810/9760 2685/3655/9733 2686/3837/9736
s off
f 2640/3675/9780 2557/3674/9781 2559/3679/9782 2642/3680/9783
f 2643/3681/9784 2560/3682/9785 2558/3683/9786 2641/3684/9787
s 13
f 2548/4033/9741 2632/4007/9740 2644/3981/9788 2564/3555/9789
s off
f 2645/3686/9790 2562/3687/9791 2560/3682/9792 2643/3681/9793
f 2642/3680/9794 2559/3679/9795 2562/3687/9796 2645/3686/9797
s 19
f 2644/3980/9798 2632/3660/9742 2631/3938/9743 2646/3983/9799
s 15
f 2693/3795/9800 2692/3802/9779 2686/3658/9736 2687/3834/9748
s 13
f 2647/3690/9801 2633/3997/9755 2551/3663/9754 2563/4001/9802
s 15
f 2694/3787/9803 2693/3794/9800 2687/3661/9748 2688/3829/9749
s 20
f 2633/4000/9804 2648/3991/9805 2635/3948/9806 2634/3665/9807
s 13
f 2649/3694/9808 2648/3990/9809 2633/3664/9755 2647/3993/9801
s 21
f 2650/3695/9810 2647/3696/9811 2563/3691/9812 2565/3697/9813
s off
f 2651/3698/9814 2567/3558/9815 2566/3699/9816 2652/3700/9817
f 2653/3701/9818 2569/3560/9819 2567/3558/9820 2651/3698/9821
s 15
f 2690/3773/9759 2689/3824/9758 2695/3807/9822 2696/3819/9823
s off
f 2652/3700/9824 2566/3699/9825 2570/3703/9826 2654/3704/9827
f 2655/3705/9828 2571/3706/9829 2569/3560/9830 2653/3701/9831
s 20
f 2648/3992/9805 2656/3986/9832 2636/3941/9833 2635/3947/9806
s 13
f 2657/3708/9834 2656/3985/9835 2648/3693/9809 2649/3988/9808
s 21
f 2658/3709/9836 2649/3710/9837 2647/3994/9811 2650/3825/9810
s 15
f 2695/3775/9822 2689/3666/9758 2691/3812/9760 2697/3799/9838
s off
f 2654/3704/9839 2570/3703/9840 2572/3712/9841 2659/3713/9842
f 2660/3714/9843 2573/3715/9844 2571/3716/9845 2655/3717/9846
f 2659/3713/9847 2572/3712/9848 2574/3718/9849 2661/3719/9850
f 2661/3719/9851 2574/3718/9852 2573/3715/9853 2660/3714/9854
s 20
f 2656/3987/9832 2644/3979/9855 2646/3984/9856 2636/3940/9833
s 13
f 2662/3720/9857 2644/3685/9788 2656/3707/9835 2657/3977/9834
s 21
f 2663/3721/9858 2657/3722/9859 2649/3989/9837 2658/3813/9836
s 15
f 2697/3777/9838 2691/3667/9760 2692/3804/9779 2698/3791/9860
s 13
f 2564/4004/9789 2644/3982/9788 2662/3974/9857 2575/3566/9861
s 21
f 2664/3724/9862 2662/3725/9863 2657/3978/9859 2663/3805/9858
s 15
f 2698/3778/9860 2692/3678/9779 2693/3796/9800 2699/3781/9864
s 21
f 2575/3727/9865 2662/3975/9863 2664/3797/9862 2576/3789/9866
s 15
f 2699/3779/9864 2693/3689/9800 2694/3788/9803 2700/3785/9867
s 18
f 2591/3584/9868 2613/3972/9729 2606/3729/9869 2610/3730/9870 2605/3731/9871 2602/3732/9872 2595/3733/9873 2596/3965/9874
f 2592/3585/9698 2591/3968/9868 2596/3734/9874 2597/3735/9875 2603/3736/9876 2606/3973/9869 2613/3618/9729 2622/3637/9699
f 2608/3610/9877 2594/3963/9697 2615/3737/9878 2616/3738/9879 2617/3739/9880 2618/3740/9881 2620/3955/9882 2626/3643/9738
f 2594/3588/9697 2623/4040/9700 2626/3959/9738 2620/3741/9882 2624/3742/9883 2621/3743/9884 2619/3744/9885 2615/3964/9878
f 2628/3953/9730 2637/3745/9886 2638/3746/9887 2639/3747/9888 2640/3748/9889 2642/3945/9890 2635/3668/9761 2629/3653/9728
f 2628/3651/9730 2634/3996/9891 2635/3949/9761 2642/3749/9890 2645/3750/9892 2643/3751/9893 2641/3752/9894 2637/3954/9886
f 2636/3943/9762 2660/3753/9895 2655/3754/9896 2653/3755/9897 2651/3756/9898 2652/3935/9899 2631/3659/9737 2630/4015/9739
f 2652/3757/9899 2654/3758/9900 2659/3759/9901 2661/3760/9902 2660/3944/9895 2636/3669/9762 2646/3688/9903 2631/3939/9737
s 3
f 2514/3501/9487 2512/3934/9486 2665/3918/9904 2666/3924/9905
s 9
f 2589/3581/9585 2514/3931/9584 2666/3925/9906 2668/3888/9907
s 3
f 2512/3499/9486 2516/3923/9489 2669/3912/9908 2665/3762/9904
f 2516/3503/9489 2518/3917/9491 2672/3906/9909 2669/3764/9908
f 2518/3505/9491 2604/3911/9629 2674/3898/9910 2672/3765/9909
f 2604/3601/9629 2609/3903/9646 2676/3896/9911 2674/3766/9910
s 7
f 2609/3612/9658 2545/3905/9521 2675/3873/9912 2676/3767/9913
s 9
f 2614/3620/9668 2589/3928/9585 2668/3889/9907 2678/3865/9914
s 7
f 2545/3619/9521 2544/3877/9520 2682/3850/9915 2675/3768/9912
s 9
f 2550/3541/9532 2614/3892/9668 2678/3866/9914 2684/3842/9916
s 7
f 2544/3645/9520 2547/3854/9528 2688/3827/9917 2682/3770/9915
s 9
f 2552/3543/9533 2550/3869/9532 2684/3843/9916 2690/3816/9918
s 7
f 2547/3662/9528 2561/3831/9542 2694/3786/9919 2688/3772/9917
s 21
f 2650/3702/9810 2565/3821/9813 2696/3818/9920 2695/3808/9921
s 9
f 2565/3556/9546 2552/3846/9533 2690/3817/9918 2696/3776/9922
s 21
f 2658/3711/9836 2650/3826/9810 2695/3809/9921 2697/3800/9923
f 2663/3723/9858 2658/3814/9836 2697/3801/9923 2698/3792/9924
f 2664/3726/9862 2663/3806/9858 2698/3793/9924 2699/3782/9925
s 7
f 2561/3692/9542 2576/3790/9557 2700/3784/9926 2694/3774/9919
s 21
f 2576/3728/9866 2664/3798/9862 2699/3783/9925 2700/3780/9927
g default
v -1.311854 1.674444 -3.931375
v -1.317402 1.604316 -3.960278
v -1.316126 1.533980 -3.931375
v -1.308774 1.504638 -3.861595
v -1.299653 1.533479 -3.791815
v -1.294104 1.603607 -3.762911
v -1.295380 1.673943 -3.791815
v -1.302732 1.703284 -3.861595
v -1.616114 1.683698 -3.895427
v -1.621661 1.613570 -3.924330
v -1.620386 1.543234 -3.895427
v -1.613034 1.513892 -3.825647
v -1.603912 1.542733 -3.755868
v -1.598364 1.612861 -3.726963
v -1.599640 1.683197 -3.755868
v -1.606992 1.712539 -3.825647
v -1.305753 1.603961 -3.861595
v -1.981832 1.548466 -3.970048
v -1.902619 1.533696 -3.994268
v -1.848881 1.469469 -3.986019
v -1.852089 1.393437 -3.950146
v -1.910368 1.350121 -3.907656
v -1.989581 1.364884 -3.883433
v -2.043326 1.429088 -3.891673
v -2.040117 1.505128 -3.927549
v -2.053008 1.472993 -4.189250
v -1.969949 1.461036 -4.195336
v -2.059391 1.396958 -4.244934
v -1.920063 1.393994 -4.205230
v -1.932563 1.311170 -4.213131
v -2.000134 1.261066 -4.214414
v -2.083195 1.273016 -4.208329
v -2.133090 1.340034 -4.198441
v -2.120586 1.422865 -4.190538
vt 0.551250 0.025116
vt 0.520902 0.000000
vt 0.481681 0.003562
vt 0.456365 0.033718
vt 0.459509 0.072811
vt 0.488682 0.097953
vt 0.531077 0.094317
vt 0.555222 0.064190
vt 0.618466 0.099560
vt 0.659683 0.106026
vt 0.699180 0.112179
vt 0.407579 0.112531
vt 0.447110 0.104867
vt 0.575289 0.095013
vt 0.607839 0.257602
vt 0.642433 0.272161
vt 0.390535 0.282505
vt 0.429526 0.274970
vt 0.464871 0.259110
vt 0.498828 0.244449
vt 0.536208 0.239699
vt 0.573376 0.244471
vt 0.505587 0.048958
vt 0.512380 0.674874
vt 0.584694 0.452329
vt 0.618602 0.429742
vt 0.366974 0.423355
vt 0.408118 0.431801
vt 0.441343 0.449535
vt 0.475567 0.465526
vt 0.514508 0.471938
vt 0.553027 0.468804
vt 0.552100 0.698669
vt 0.644280 0.552969
vt 0.344718 0.556689
vt 0.380801 0.584819
vt 0.420554 0.611883
vt 0.465760 0.627808
vt 0.513832 0.624234
vt 0.560182 0.604099
vt 0.548553 0.652866
vt 0.603868 0.576109
vt 0.437369 0.662869
vt 0.441849 0.708216
vt 0.477035 0.737309
vt 0.522424 0.733301
vt 0.687788 0.549735
vt 0.660493 0.418518
vt 0.680222 0.280998
vt 0.368620 0.119378
vn -0.096667 0.385800 -0.917504
vn -0.096667 0.385800 -0.917504
vn -0.037942 0.471384 -0.881111
vn -0.060282 0.439579 -0.896179
vn -0.119936 -0.379207 -0.917506
vn -0.119936 -0.379207 -0.917506
vn -0.119936 -0.379207 -0.917506
vn -0.119936 -0.379207 -0.917506
vn -0.072947 -0.922089 -0.380041
vn -0.072947 -0.922089 -0.380041
vn -0.072947 -0.922089 -0.380041
vn -0.072947 -0.922089 -0.380041
vn 0.016772 -0.924815 0.380047
vn 0.016772 -0.924815 0.380047
vn 0.016772 -0.924815 0.380047
vn 0.016772 -0.924815 0.380047
vn 0.096666 -0.385804 0.917503
vn 0.096666 -0.385804 0.917503
vn 0.056343 -0.441485 0.895498
vn 0.017705 -0.492328 0.870230
vn 0.119935 0.379216 0.917503
vn 0.119935 0.379216 0.917503
vn 0.119935 0.379216 0.917503
vn 0.119935 0.379216 0.917503
vn 0.072947 0.922087 0.380045
vn 0.072947 0.922087 0.380045
vn 0.072947 0.922087 0.380045
vn 0.072947 0.922087 0.380045
vn -0.016771 0.924817 -0.380042
vn -0.016771 0.924817 -0.380042
vn -0.016771 0.924817 -0.380042
vn -0.016771 0.924817 -0.380042
vn 0.992640 -0.030194 -0.117282
vn 0.992640 -0.030193 -0.117281
vn 0.992640 -0.030193 -0.117280
vn 0.992639 -0.030193 -0.117283
vn 0.992640 -0.030192 -0.117279
vn 0.992640 -0.030194 -0.117277
vn 0.992640 -0.030194 -0.117279
vn 0.992640 -0.030192 -0.117279
vn 0.992640 -0.030192 -0.117279
vn -0.114008 0.593206 -0.796937
vn 0.166333 0.447823 -0.878514
vn -0.096021 0.154912 -0.983251
vn 0.273455 0.168257 -0.947054
vn 0.188894 -0.083461 -0.978444
vn 0.017188 -0.211957 -0.977128
vn -0.187246 -0.244986 -0.951273
vn -0.478844 -0.093043 -0.872956
vn -0.511218 0.395064 -0.763270
vn 0.010084 0.536691 -0.843719
vn 0.010084 0.536691 -0.843719
vn 0.331722 -0.122633 -0.935373
vn 0.331722 -0.122633 -0.935373
vn 0.574822 0.228552 -0.785712
vn 0.586167 0.249041 -0.770965
vn 0.526604 -0.591498 -0.610589
vn 0.515865 -0.844515 -0.143796
vn 0.525478 -0.825467 -0.206099
vn 0.526604 -0.591498 -0.610589
vn 0.461754 -0.882594 0.088386
vn 0.461754 -0.882594 0.088385
vn -0.025220 -0.545970 0.837425
vn -0.025220 -0.545970 0.837425
vn -0.380850 0.098087 0.919420
vn -0.380850 0.098087 0.919420
vn -0.586009 -0.198839 0.785529
vn -0.606987 -0.236501 0.758706
vn -0.489438 0.607752 0.625370
vn -0.488795 0.738272 0.464795
vn -0.489663 0.728423 0.479196
vn -0.489438 0.607752 0.625370
vn -0.384488 0.921811 -0.049329
vn -0.384488 0.921811 -0.049329
vn 0.086655 0.930284 -0.356457
vn 0.086655 0.930284 -0.356457
vn 0.086655 0.930284 -0.356457
vn 0.086655 0.930284 -0.356457
vn 0.705692 0.562479 -0.430831
vn 0.705692 0.562479 -0.430831
vn 0.956749 -0.139554 -0.255256
vn 0.956749 -0.139554 -0.255256
vn 0.956749 -0.139554 -0.255256
vn 0.956749 -0.139554 -0.255256
vn 0.607033 -0.792632 0.056962
vn 0.607033 -0.792632 0.056962
vn 0.607033 -0.792632 0.056962
vn 0.607033 -0.792632 0.056962
vn -0.099974 -0.948467 0.300692
vn -0.099974 -0.948467 0.300692
vn -0.099974 -0.948467 0.300692
vn -0.099974 -0.948467 0.300692
vn -0.724933 -0.577275 0.375800
vn -0.724933 -0.577275 0.375800
vn -0.959591 0.138079 0.245191
vn -0.959591 0.138079 0.245191
vn -0.959591 0.138079 0.245191
vn -0.959591 0.138079 0.245191
vn -0.608910 0.790400 -0.067061
vn -0.608910 0.790400 -0.067061
vn -0.608910 0.790400 -0.067061
vn -0.608910 0.790400 -0.067061
s 1
g group11 pCylinder1
usemtl initialShadingGroup
f 2701/4152/9928 2702/4153/9929 2710/4159/9930 2709/4158/9931
s off
f 2702/4153/9932 2703/4154/9933 2711/4192/9934 2710/4159/9935
f 2703/4193/9936 2704/4155/9937 2712/4161/9938 2711/4160/9939
f 2704/4155/9940 2705/4156/9941 2713/4162/9942 2712/4161/9943
s 2
f 2705/4156/9944 2706/4149/9945 2714/4163/9946 2713/4162/9947
s off
f 2706/4149/9948 2707/4150/9949 2715/4164/9950 2714/4163/9951
f 2707/4150/9952 2708/4157/9953 2716/4165/9954 2715/4164/9955
f 2708/4157/9956 2701/4152/9957 2709/4158/9958 2716/4165/9959
s 3
f 2702/4145/9960 2701/4144/9961 2717/4166/9962
f 2703/4146/9963 2702/4145/9960 2717/4166/9962
f 2704/4147/9964 2703/4146/9963 2717/4166/9962
f 2705/4148/9965 2704/4147/9964 2717/4166/9962
f 2706/4149/9966 2705/4148/9965 2717/4166/9962
f 2707/4150/9967 2706/4149/9966 2717/4166/9962
f 2708/4151/9968 2707/4150/9967 2717/4166/9962
f 2701/4144/9961 2708/4151/9968 2717/4166/9962
s 4
f 2726/4176/9969 2727/4189/9970 2728/4167/9971
f 2727/4189/9970 2729/4188/9972 2728/4167/9971
f 2729/4188/9972 2730/4187/9973 2728/4167/9971
f 2730/4187/9973 2731/4186/9974 2728/4167/9971
f 2731/4186/9974 2732/4181/9975 2728/4167/9971
f 2732/4181/9975 2733/4182/9976 2728/4167/9971
f 2733/4182/9976 2734/4184/9977 2728/4167/9971
f 2734/4184/9977 2726/4176/9969 2728/4167/9971
s 1
f 2709/4158/9931 2710/4159/9930 2719/4169/9978 2718/4168/9979
s 5
f 2710/4159/9980 2711/4192/9981 2720/4191/9982 2719/4169/9983
s 6
f 2711/4160/9984 2712/4161/9985 2721/4171/9986 2720/4170/9987
f 2712/4161/9985 2713/4162/9988 2722/4172/9989 2721/4171/9986
s 2
f 2713/4162/9947 2714/4163/9946 2723/4173/9990 2722/4172/9991
s 7
f 2714/4163/9992 2715/4164/9993 2724/4174/9994 2723/4173/9995
s 8
f 2715/4164/9996 2716/4165/9997 2725/4175/9998 2724/4174/9999
f 2716/4165/9997 2709/4158/10000 2718/4168/10001 2725/4175/9998
s off
f 2718/4168/10002 2719/4169/10003 2727/4177/10004 2726/4185/10005
s 5
f 2719/4169/9983 2720/4191/9982 2729/4190/10006 2727/4177/10007
s off
f 2720/4170/10008 2721/4171/10009 2730/4179/10010 2729/4178/10011
f 2721/4171/10012 2722/4172/10013 2731/4180/10014 2730/4179/10015
f 2722/4172/10016 2723/4173/10017 2732/4181/10018 2731/4180/10019
s 7
f 2723/4173/9995 2724/4174/9994 2733/4182/10020 2732/4181/10021
s off
f 2724/4174/10022 2725/4175/10023 2734/4183/10024 2733/4182/10025
f 2725/4175/10026 2718/4168/10027 2726/4185/10028 2734/4183/10029
g default
v -0.151659 1.862287 -3.611061
v -0.147481 1.872156 -3.612403
v -0.141990 1.871740 -3.604905
v -0.152102 1.860515 -3.607643
v -0.147146 1.868654 -3.610689
v -0.142434 1.869968 -3.601488
v -0.175874 1.857501 -3.613831
v -0.167648 1.866340 -3.606639
v -0.158058 1.876232 -3.606414
v -0.150177 1.883421 -3.595517
v -0.140932 1.891664 -3.591586
v -0.193673 1.861481 -3.615258
v -0.187518 1.867139 -3.610344
v -0.179292 1.875978 -3.603152
v -0.169702 1.885871 -3.602927
v -0.161821 1.893060 -3.592030
v -0.152576 1.901303 -3.588099
v -0.146007 1.908616 -3.586377
v -0.204526 1.871894 -3.611267
v -0.199162 1.876778 -3.606857
v -0.190936 1.885617 -3.599665
v -0.181347 1.895509 -3.599440
v -0.173466 1.902699 -3.588542
v -0.164221 1.910942 -3.584612
v -0.158618 1.916780 -3.582040
v -0.210807 1.886417 -3.603370
v -0.202581 1.895256 -3.596178
v -0.192991 1.905148 -3.595952
v -0.185110 1.912338 -3.585055
v -0.175865 1.920581 -3.581124
v -0.215864 1.903170 -3.593395
v -0.204635 1.914787 -3.592465
v -0.195196 1.923378 -3.580237
v -0.216280 1.924426 -3.588978
v -0.216113 1.925094 -3.590266
v -0.215340 1.905266 -3.597438
v -0.204468 1.915455 -3.593753
v -0.194672 1.925474 -3.584280
v -0.210363 1.888189 -3.606787
v -0.202137 1.897028 -3.599595
v -0.192824 1.905816 -3.597241
v -0.184667 1.914110 -3.588472
v -0.175422 1.922353 -3.584542
v -0.204351 1.872595 -3.612620
v -0.198719 1.878550 -3.610274
v -0.190493 1.887389 -3.603082
v -0.181180 1.896177 -3.600728
v -0.173022 1.904471 -3.591960
v -0.163777 1.912714 -3.588029
v -0.158443 1.917481 -3.583393
v -0.193498 1.862183 -3.616611
v -0.187075 1.868911 -3.613762
v -0.178849 1.877750 -3.606570
v -0.169535 1.886538 -3.604215
v -0.161378 1.894832 -3.595447
v -0.152133 1.903075 -3.591516
v -0.175430 1.859272 -3.617249
v -0.167204 1.868112 -3.610057
v -0.157891 1.876900 -3.607702
v -0.149734 1.885193 -3.598934
v -0.140489 1.893436 -3.595004
v -0.141380 1.862974 -3.663255
v -0.141886 1.856142 -3.662438
v -0.139166 1.853885 -3.661619
v -0.132579 1.855672 -3.660604
v -0.132074 1.862505 -3.661421
v -0.134793 1.864761 -3.662240
v -0.145439 1.865409 -3.649212
v -0.145908 1.858530 -3.648937
v -0.143129 1.856200 -3.648996
v -0.136446 1.857867 -3.649401
v -0.135977 1.864745 -3.649675
v -0.138756 1.867076 -3.649617
v -0.142679 1.864952 -3.637772
v -0.143161 1.858101 -3.637109
v -0.140403 1.855815 -3.636540
v -0.133754 1.857554 -3.635929
v -0.133272 1.864405 -3.636591
v -0.136030 1.866691 -3.637161
v -0.141757 1.865214 -3.626713
v -0.142436 1.858481 -3.625364
v -0.139998 1.856387 -3.623683
v -0.133865 1.858436 -3.621275
v -0.133186 1.865169 -3.622624
v -0.135625 1.867263 -3.624305
vt 0.679508 0.322784
vt 0.665343 0.363231
vt 0.628542 0.360776
vt 0.704828 0.324204
vt 0.702042 0.361139
vt 0.731269 0.325184
vt 0.742305 0.366521
vt 0.776371 0.366717
vt 0.627828 0.400775
vt 0.602462 0.400289
vt 0.664375 0.403828
vt 0.700380 0.402168
vt 0.740004 0.406978
vt 0.773937 0.406685
vt 0.800003 0.408197
vt 0.626563 0.441016
vt 0.604475 0.440489
vt 0.662937 0.444400
vt 0.698739 0.442974
vt 0.738147 0.447499
vt 0.771927 0.446915
vt 0.793981 0.448179
vt 0.625057 0.481292
vt 0.661333 0.484904
vt 0.697092 0.483604
vt 0.736460 0.487991
vt 0.770168 0.487183
vt 0.653373 0.525121
vt 0.695433 0.524123
vt 0.741147 0.528722
vt 0.693774 0.564578
vt 0.896999 0.072200
vt 0.891519 0.112554
vt 0.851722 0.104930
vt 0.935747 0.116410
vt 0.853516 0.145938
vt 0.817213 0.143952
vt 0.886469 0.153076
vt 0.923984 0.155658
vt 0.956921 0.162687
vt 0.812494 0.183246
vt 0.790459 0.180236
vt 0.848650 0.186186
vt 0.881248 0.193854
vt 0.918583 0.196119
vt 0.951489 0.202771
vt 0.973424 0.205415
vt 0.807089 0.222268
vt 0.782012 0.218232
vt 0.843016 0.226530
vt 0.875449 0.235031
vt 0.913206 0.236804
vt 0.946671 0.242856
vt 0.972343 0.246006
vt 0.799523 0.260021
vt 0.835577 0.266635
vt 0.868727 0.276789
vt 0.907654 0.277266
vt 0.941049 0.281993
vt 0.838613 0.309394
vt 0.867036 0.310196
vt 0.890542 0.317084
vt 0.900215 0.070073
vt 0.946075 0.110359
vt 0.966325 0.158894
vt 0.977351 0.204798
vt 0.947784 0.289370
vt 0.896242 0.325503
vt 0.843145 0.096540
vt 0.894326 0.069433
vt 0.809117 0.137900
vt 0.786742 0.178802
vt 0.778109 0.218414
vt 0.790648 0.264670
vt 0.830547 0.315620
vt 0.824467 0.782706
vt 0.806060 0.782564
vt 0.808891 0.748527
vt 0.827127 0.747075
vt 0.796625 0.784447
vt 0.799247 0.749931
vt 0.777902 0.787825
vt 0.779673 0.752446
vt 0.758328 0.785156
vt 0.759797 0.749767
vt 0.749097 0.781852
vt 0.750031 0.747234
vt 0.731521 0.777583
vt 0.731936 0.742660
vt 0.806649 0.718666
vt 0.824691 0.718140
vt 0.797717 0.717461
vt 0.781152 0.714996
vt 0.764237 0.714760
vt 0.755418 0.715273
vt 0.738144 0.715105
vt 0.807357 0.686126
vt 0.824862 0.689359
vt 0.798854 0.683341
vt 0.782685 0.681541
vt 0.766541 0.678754
vt 0.757792 0.681044
vt 0.740763 0.685474
vt 0.817848 0.640272
vt 0.844715 0.649269
vt 0.812188 0.631489
vt 0.785806 0.633901
vt 0.763331 0.617704
vt 0.756796 0.625744
vt 0.736672 0.640273
vn -0.147886 -0.537741 0.830039
vn -0.002045 -0.333257 0.942834
vn -0.172553 -0.521102 0.835869
vn 0.194124 -0.003140 0.980972
vn 0.194124 -0.003140 0.980972
vn -0.133900 -0.434036 0.890889
vn -0.002045 -0.333257 0.942834
vn -0.454149 -0.682073 0.573172
vn -0.454149 -0.682073 0.573172
vn -0.227583 -0.559841 0.796733
vn -0.133900 -0.434036 0.890889
vn -0.017703 -0.414102 0.910058
vn -0.029708 -0.381521 0.923883
vn -0.227583 -0.559841 0.796733
vn -0.172553 -0.521102 0.835869
vn -0.180916 -0.519197 0.835286
vn -0.189499 -0.524033 0.830349
vn -0.172553 -0.521102 0.835869
vn -0.002045 -0.333257 0.942834
vn -0.014792 -0.355931 0.934395
vn -0.180916 -0.519197 0.835286
vn -0.002045 -0.333257 0.942834
vn -0.133900 -0.434036 0.890889
vn -0.114385 -0.457269 0.881942
vn -0.014792 -0.355931 0.934395
vn -0.133900 -0.434036 0.890889
vn -0.227583 -0.559841 0.796733
vn -0.209550 -0.546502 0.810817
vn -0.114385 -0.457269 0.881942
vn -0.227583 -0.559841 0.796733
vn -0.029708 -0.381521 0.923883
vn -0.011616 -0.365820 0.930613
vn -0.209550 -0.546502 0.810817
vn -0.029708 -0.381521 0.923883
vn 0.049282 -0.329556 0.942849
vn -0.011616 -0.365820 0.930613
vn -0.189499 -0.524033 0.830349
vn -0.180916 -0.519197 0.835286
vn -0.181880 -0.520067 0.834536
vn -0.192028 -0.526154 0.828424
vn -0.180916 -0.519197 0.835286
vn -0.014792 -0.355931 0.934395
vn -0.014792 -0.355931 0.934395
vn -0.181880 -0.520067 0.834536
vn -0.014792 -0.355931 0.934395
vn -0.114385 -0.457269 0.881942
vn -0.114385 -0.457269 0.881942
vn -0.014792 -0.355931 0.934395
vn -0.114385 -0.457269 0.881942
vn -0.209550 -0.546502 0.810817
vn -0.209549 -0.546503 0.810817
vn -0.114385 -0.457269 0.881942
vn -0.209550 -0.546502 0.810817
vn -0.011616 -0.365820 0.930613
vn -0.022741 -0.377731 0.925636
vn -0.209549 -0.546503 0.810817
vn -0.011616 -0.365820 0.930613
vn 0.049282 -0.329556 0.942849
vn 0.027973 -0.354905 0.934484
vn -0.022741 -0.377731 0.925636
vn -0.192028 -0.526154 0.828424
vn -0.181880 -0.520067 0.834536
vn -0.172074 -0.522257 0.835247
vn -0.181880 -0.520067 0.834536
vn -0.014792 -0.355931 0.934395
vn 0.015148 -0.321781 0.946693
vn -0.172074 -0.522257 0.835247
vn -0.014792 -0.355931 0.934395
vn -0.114385 -0.457269 0.881942
vn -0.121472 -0.451394 0.884018
vn 0.015148 -0.321781 0.946693
vn -0.114385 -0.457269 0.881942
vn -0.209549 -0.546503 0.810817
vn -0.237239 -0.569381 0.787098
vn -0.121472 -0.451394 0.884018
vn -0.209549 -0.546503 0.810817
vn -0.022741 -0.377731 0.925636
vn 0.034160 0.001969 0.999414
vn -0.237239 -0.569381 0.787098
vn -0.022741 -0.377731 0.925636
vn 0.027973 -0.354905 0.934484
vn 0.034160 0.001969 0.999414
vn -0.172074 -0.522257 0.835247
vn 0.015148 -0.321781 0.946693
vn 0.079626 -0.244230 0.966443
vn 0.015148 -0.321781 0.946693
vn -0.121472 -0.451394 0.884018
vn -0.123689 -0.449292 0.884781
vn 0.079626 -0.244230 0.966443
vn -0.121472 -0.451394 0.884018
vn -0.237239 -0.569381 0.787098
vn -0.285636 -0.256186 0.923461
vn -0.123689 -0.449292 0.884781
vn -0.237239 -0.569381 0.787098
vn 0.034160 0.001969 0.999414
vn -0.285636 -0.256186 0.923461
vn 0.079626 -0.244230 0.966443
vn -0.123689 -0.449292 0.884781
vn -0.174089 0.040246 0.983907
vn -0.123689 -0.449292 0.884781
vn -0.285636 -0.256186 0.923461
vn -0.174089 0.040246 0.983907
vn 0.047215 0.792590 -0.607924
vn 0.127696 0.446012 -0.885871
vn 0.033169 0.349519 -0.936342
vn 0.047215 0.792590 -0.607924
vn 0.193463 0.833014 -0.518324
vn 0.127696 0.446012 -0.885871
vn 0.033169 0.349519 -0.936342
vn 0.065165 0.394095 -0.916756
vn 0.167352 0.505944 -0.846176
vn 0.033169 0.349519 -0.936342
vn 0.127696 0.446012 -0.885871
vn 0.124394 0.448917 -0.884873
vn 0.065165 0.394095 -0.916756
vn 0.127696 0.446012 -0.885871
vn 0.193463 0.833014 -0.518324
vn 0.175870 0.502707 -0.846378
vn 0.124394 0.448917 -0.884873
vn 0.193463 0.833014 -0.518324
vn 0.125010 0.728999 -0.673003
vn 0.175870 0.502707 -0.846378
vn 0.167352 0.505944 -0.846176
vn 0.125651 0.469899 -0.873732
vn 0.015867 0.363113 -0.931610
vn 0.167352 0.505944 -0.846176
vn 0.065165 0.394095 -0.916756
vn 0.073924 0.417047 -0.905874
vn 0.125651 0.469899 -0.873732
vn 0.065165 0.394095 -0.916756
vn 0.124394 0.448917 -0.884873
vn 0.114385 0.457269 -0.881942
vn 0.073924 0.417047 -0.905874
vn 0.124394 0.448917 -0.884873
vn 0.175870 0.502707 -0.846378
vn 0.153644 0.495018 -0.855191
vn 0.114385 0.457269 -0.881942
vn 0.175870 0.502707 -0.846378
vn 0.125010 0.728999 -0.673003
vn 0.100503 0.445394 -0.889676
vn 0.153644 0.495018 -0.855191
vn 0.125010 0.728999 -0.673003
vn 0.204069 0.547125 -0.811794
vn 0.100503 0.445394 -0.889676
vn 0.015867 0.363113 -0.931610
vn 0.125651 0.469899 -0.873732
vn 0.125487 0.469716 -0.873854
vn 0.019118 0.366276 -0.930310
vn 0.125651 0.469899 -0.873732
vn 0.073924 0.417047 -0.905874
vn 0.073924 0.417047 -0.905874
vn 0.125487 0.469716 -0.873854
vn 0.073924 0.417047 -0.905874
vn 0.114385 0.457269 -0.881942
vn 0.114385 0.457269 -0.881942
vn 0.073924 0.417047 -0.905874
vn 0.114385 0.457269 -0.881942
vn 0.153644 0.495018 -0.855191
vn 0.153643 0.495018 -0.855191
vn 0.114385 0.457269 -0.881942
vn 0.153644 0.495018 -0.855191
vn 0.100503 0.445394 -0.889676
vn 0.100715 0.445577 -0.889560
vn 0.153643 0.495018 -0.855191
vn 0.100503 0.445394 -0.889676
vn 0.204069 0.547125 -0.811794
vn 0.201245 0.544348 -0.814362
vn 0.100715 0.445577 -0.889560
vn 0.019118 0.366276 -0.930310
vn 0.125487 0.469716 -0.873854
vn 0.158064 0.507627 -0.846954
vn 0.125487 0.469716 -0.873854
vn 0.073924 0.417047 -0.905874
vn 0.050761 0.401639 -0.914390
vn 0.158064 0.507627 -0.846954
vn 0.073924 0.417047 -0.905874
vn 0.114385 0.457269 -0.881942
vn 0.097845 0.450903 -0.887194
vn 0.050761 0.401639 -0.914390
vn 0.114385 0.457269 -0.881942
vn 0.153643 0.495018 -0.855191
vn 0.162074 0.522175 -0.837297
vn 0.097845 0.450903 -0.887194
vn 0.153643 0.495018 -0.855191
vn 0.100715 0.445577 -0.889560
vn 0.056232 0.408915 -0.910838
vn 0.162074 0.522175 -0.837297
vn 0.100715 0.445577 -0.889560
vn 0.201245 0.544348 -0.814362
vn 0.056232 0.408915 -0.910838
vn 0.158064 0.507627 -0.846954
vn 0.050761 0.401639 -0.914390
vn 0.147887 0.537741 -0.830038
vn 0.050761 0.401639 -0.914390
vn 0.097845 0.450903 -0.887194
vn -0.148992 0.160694 -0.975694
vn -0.148992 0.160693 -0.975694
vn 0.097845 0.450903 -0.887194
vn 0.162074 0.522175 -0.837297
vn 0.338254 0.703785 -0.624717
vn 0.338254 0.703785 -0.624717
vn 0.162074 0.522175 -0.837297
vn 0.056232 0.408915 -0.910838
vn 0.017707 0.414101 -0.910059
vn 0.193463 0.833014 -0.518324
vn 0.047215 0.792590 -0.607924
vn -0.174089 0.040246 0.983907
vn -0.285636 -0.256186 0.923461
vn 0.125010 0.728999 -0.673003
vn 0.193463 0.833014 -0.518324
vn -0.285636 -0.256186 0.923461
vn 0.034160 0.001969 0.999414
vn 0.290137 0.833687 0.469880
vn 0.125010 0.728999 -0.673003
vn 0.034160 0.001969 0.999414
vn 0.286744 0.834787 0.470010
vn 0.590106 0.682899 0.430608
vn 0.290137 0.833687 0.469880
vn 0.286744 0.834787 0.470010
vn 0.992613 -0.016467 0.120201
vn 0.948942 0.212419 0.233212
vn 0.992915 -0.023868 0.116403
vn 0.991833 -0.102989 0.075239
vn 0.992613 -0.016467 0.120201
vn 0.992915 -0.023868 0.116403
vn 0.991833 -0.102989 0.075239
vn -0.992106 0.006640 -0.125229
vn -0.980574 -0.090429 -0.174063
vn -0.979194 -0.097892 -0.177752
vn -0.992106 0.006640 -0.125229
vn -0.980574 -0.090429 -0.174063
vn -0.952953 -0.200344 -0.227470
vn -0.953495 -0.198667 -0.226670
vn -0.979194 -0.097892 -0.177752
vn -0.952953 -0.200344 -0.227470
vn -0.874875 -0.374221 -0.307494
vn -0.874490 -0.374879 -0.307786
vn -0.953495 -0.198667 -0.226670
vn -0.874875 -0.374221 -0.307494
vn -0.345528 -0.814029 -0.466870
vn -0.346642 -0.813600 -0.466792
vn -0.874490 -0.374879 -0.307786
vn -0.345528 -0.814029 -0.466870
vn 0.095730 -0.888712 -0.448361
vn 0.100877 -0.888527 -0.447598
vn -0.346642 -0.813600 -0.466792
vn 0.095730 -0.888712 -0.448361
vn 0.222103 -0.877069 -0.425934
vn 0.222103 -0.877069 -0.425934
vn 0.100877 -0.888527 -0.447598
vn -0.889789 0.007991 -0.456301
vn -0.878954 0.003180 -0.476897
vn -0.996167 0.064016 -0.059616
vn -0.996589 0.064636 -0.051312
vn -0.615641 -0.781328 -0.102532
vn -0.604568 -0.786263 -0.127628
vn -0.640718 -0.767440 0.022705
vn -0.641162 -0.766707 0.032755
vn 0.191907 -0.917112 0.349395
vn 0.171357 -0.902915 0.394183
vn 0.243440 -0.965234 0.095192
vn 0.244310 -0.966732 0.075773
vn 0.848242 0.006627 0.529568
vn 0.864274 -0.000003 0.503021
vn 0.996816 -0.064887 0.046335
vn 0.996218 -0.063946 0.058835
vn 0.601568 0.787105 0.136318
vn 0.614364 0.781577 0.108141
vn 0.641183 0.766631 -0.034066
vn 0.640659 0.767500 -0.022325
vn -0.179520 0.911652 -0.369680
vn -0.195946 0.922661 -0.332118
vn -0.244273 0.966463 -0.079248
vn -0.243613 0.965277 -0.094308
vn -0.996589 0.064636 -0.051312
vn -0.996167 0.064016 -0.059616
vn -0.984822 0.089524 0.148699
vn -0.983442 0.088835 0.157957
vn -0.641162 -0.766707 0.032755
vn -0.640718 -0.767440 0.022705
vn -0.651744 -0.753669 0.084926
vn -0.649106 -0.754761 0.094856
vn 0.244310 -0.966732 0.075773
vn 0.243440 -0.965234 0.095192
vn 0.262937 -0.964792 -0.006441
vn 0.259721 -0.965427 -0.022277
vn 0.996218 -0.063946 0.058835
vn 0.996816 -0.064887 0.046335
vn 0.991521 -0.083206 -0.099818
vn 0.992416 -0.083342 -0.090363
vn 0.640659 0.767500 -0.022325
vn 0.641183 0.766631 -0.034066
vn 0.648602 0.756121 -0.087163
vn 0.650697 0.755405 -0.077182
vn -0.243613 0.965277 -0.094308
vn -0.244273 0.966463 -0.079248
vn -0.261689 0.964066 0.045773
vn -0.266363 0.963402 0.030125
vn -0.983442 0.088835 0.157957
vn -0.984822 0.089524 0.148699
vn -0.930851 0.149104 -0.333592
vn -0.934800 0.147914 -0.322910
vn -0.649106 -0.754761 0.094856
vn -0.651744 -0.753669 0.084926
vn -0.664987 -0.729131 -0.161744
vn -0.666191 -0.735565 -0.123016
vn 0.259721 -0.965427 -0.022277
vn 0.262937 -0.964792 -0.006441
vn 0.448655 -0.724573 0.523166
vn 0.439583 -0.752559 0.490328
vn 0.992416 -0.083342 -0.090363
vn 0.991521 -0.083206 -0.099818
vn 0.773170 -0.522328 0.359697
vn 0.784890 -0.511125 0.350285
vn 0.650697 0.755405 -0.077182
vn 0.648602 0.756121 -0.087163
vn 0.723971 0.687487 0.056816
vn 0.743103 0.662883 0.091559
vn -0.266363 0.963402 0.030125
vn -0.261689 0.964066 0.045773
vn -0.067660 0.983197 -0.169544
vn -0.004124 0.977254 -0.212031
vn -0.934800 0.147914 -0.322910
vn -0.930851 0.149104 -0.333592
vn -0.847111 0.165992 -0.504827
vn -0.847111 0.165992 -0.504827
vn -0.666191 -0.735565 -0.123016
vn -0.664987 -0.729131 -0.161744
vn -0.655174 -0.702994 -0.276670
vn -0.655174 -0.702994 -0.276670
vn 0.439583 -0.752559 0.490328
vn 0.448655 -0.724573 0.523166
vn 0.487401 -0.485068 0.726050
vn 0.487401 -0.485068 0.726050
vn 0.784890 -0.511125 0.350285
vn 0.773170 -0.522328 0.359697
vn 0.300673 -0.761596 0.574080
vn 0.300673 -0.761596 0.574080
vn 0.743103 0.662883 0.091559
vn 0.723971 0.687487 0.056816
vn 0.775943 0.610392 0.159168
vn 0.775943 0.610392 0.159168
vn -0.004124 0.977254 -0.212031
vn -0.067660 0.983197 -0.169544
vn 0.108080 0.952721 -0.283975
vn 0.108081 0.952721 -0.283975
s off
g group11 polySurface40
usemtl lambert1SG
f 2738/4194/10030 2742/4195/10031 2741/4196/10032
f 2738/4194/10033 2739/4197/10034 2743/4198/10035 2742/4195/10036
f 2739/4197/10037 2740/4199/10038 2744/4200/10039 2743/4198/10040
f 2740/4199/10041 2745/4201/10042 2744/4200/10043
f 2741/4196/10044 2747/4202/10045 2746/4203/10046
f 2741/4196/10047 2742/4195/10048 2748/4204/10049 2747/4202/10050
f 2742/4195/10051 2743/4198/10052 2749/4205/10053 2748/4204/10054
f 2743/4198/10055 2744/4200/10056 2750/4206/10057 2749/4205/10058
f 2744/4200/10059 2745/4201/10060 2751/4207/10061 2750/4206/10062
f 2745/4201/10063 2752/4208/10064 2751/4207/10065
f 2746/4203/10066 2747/4202/10067 2754/4209/10068 2753/4210/10069
f 2747/4202/10070 2748/4204/10071 2755/4211/10072 2754/4209/10073
f 2748/4204/10074 2749/4205/10075 2756/4212/10076 2755/4211/10077
f 2749/4205/10078 2750/4206/10079 2757/4213/10080 2756/4212/10081
f 2750/4206/10082 2751/4207/10083 2758/4214/10084 2757/4213/10085
f 2751/4207/10086 2752/4208/10087 2759/4215/10088 2758/4214/10089
f 2753/4210/10090 2754/4209/10091 2760/4216/10092
f 2754/4209/10093 2755/4211/10094 2761/4217/10095 2760/4216/10096
f 2755/4211/10097 2756/4212/10098 2762/4218/10099 2761/4217/10100
f 2756/4212/10101 2757/4213/10102 2763/4219/10103 2762/4218/10104
f 2757/4213/10105 2758/4214/10106 2764/4220/10107 2763/4219/10108
f 2758/4214/10109 2759/4215/10110 2764/4220/10111
f 2760/4216/10112 2761/4217/10113 2765/4221/10114
f 2761/4217/10115 2762/4218/10116 2766/4222/10117 2765/4221/10118
f 2762/4218/10119 2763/4219/10120 2767/4223/10121 2766/4222/10122
f 2763/4219/10123 2764/4220/10124 2767/4223/10125
f 2765/4221/10126 2766/4222/10127 2768/4224/10128
f 2766/4222/10129 2767/4223/10130 2768/4224/10131
f 2769/4225/10132 2771/4226/10133 2770/4227/10134
f 2769/4225/10135 2772/4228/10136 2771/4226/10137
f 2770/4227/10138 2774/4229/10139 2773/4230/10140
f 2770/4227/10141 2771/4226/10142 2775/4231/10143 2774/4229/10144
f 2771/4226/10145 2772/4228/10146 2776/4232/10147 2775/4231/10148
f 2772/4228/10149 2777/4233/10150 2776/4232/10151
f 2773/4230/10152 2779/4234/10153 2778/4235/10154
f 2773/4230/10155 2774/4229/10156 2780/4236/10157 2779/4234/10158
f 2774/4229/10159 2775/4231/10160 2781/4237/10161 2780/4236/10162
f 2775/4231/10163 2776/4232/10164 2782/4238/10165 2781/4237/10166
f 2776/4232/10167 2777/4233/10168 2783/4239/10169 2782/4238/10170
f 2777/4233/10171 2784/4240/10172 2783/4239/10173
f 2778/4235/10174 2779/4234/10175 2786/4241/10176 2785/4242/10177
f 2779/4234/10178 2780/4236/10179 2787/4243/10180 2786/4241/10181
f 2780/4236/10182 2781/4237/10183 2788/4244/10184 2787/4243/10185
f 2781/4237/10186 2782/4238/10187 2789/4245/10188 2788/4244/10189
f 2782/4238/10190 2783/4239/10191 2790/4246/10192 2789/4245/10193
f 2783/4239/10194 2784/4240/10195 2752/4247/10196 2790/4246/10197
f 2785/4242/10198 2786/4241/10199 2791/4248/10200
f 2786/4241/10201 2787/4243/10202 2792/4249/10203 2791/4248/10204
f 2787/4243/10205 2788/4244/10206 2793/4250/10207 2792/4249/10208
f 2788/4244/10209 2789/4245/10210 2794/4251/10211 2793/4250/10212
f 2789/4245/10213 2790/4246/10214 2795/4252/10215 2794/4251/10216
f 2790/4246/10217 2752/4247/10218 2795/4252/10219
f 2791/4248/10220 2792/4249/10221 2735/4253/10222
f 2792/4249/10223 2793/4250/10224 2736/4254/10225 2735/4253/10226
f 2793/4250/10227 2794/4251/10228 2737/4255/10229 2736/4254/10230
f 2794/4251/10231 2795/4252/10232 2737/4255/10233
f 2772/4228/10234 2769/4225/10235 2768/4256/10236 2767/4257/10237
f 2777/4233/10238 2772/4228/10239 2767/4257/10240 2764/4258/10241
f 2784/4240/10242 2777/4233/10243 2764/4258/10244 2759/4259/10245
f 2752/4247/10246 2784/4240/10247 2759/4259/10248
f 2795/4252/10249 2752/4247/10250 2745/4260/10251
f 2737/4255/10252 2795/4252/10253 2745/4260/10254 2740/4261/10255
f 2769/4225/10256 2770/4227/10257 2765/4262/10258 2768/4263/10259
f 2770/4227/10260 2773/4230/10261 2760/4264/10262 2765/4262/10263
f 2773/4230/10264 2778/4235/10265 2753/4265/10266 2760/4264/10267
f 2778/4235/10268 2785/4242/10269 2746/4266/10270 2753/4265/10271
f 2785/4242/10272 2791/4248/10273 2741/4267/10274 2746/4266/10275
f 2791/4248/10276 2735/4253/10277 2738/4268/10278 2741/4267/10279
f 2796/4269/10280 2797/4270/10281 2803/4271/10282 2802/4272/10283
f 2797/4270/10284 2798/4273/10285 2804/4274/10286 2803/4271/10287
f 2798/4273/10288 2799/4275/10289 2805/4276/10290 2804/4274/10291
f 2799/4275/10292 2800/4277/10293 2806/4278/10294 2805/4276/10295
f 2800/4277/10296 2801/4279/10297 2807/4280/10298 2806/4278/10299
f 2801/4279/10300 2796/4281/10301 2802/4282/10302 2807/4280/10303
f 2802/4272/10304 2803/4271/10305 2809/4283/10306 2808/4284/10307
f 2803/4271/10308 2804/4274/10309 2810/4285/10310 2809/4283/10311
f 2804/4274/10312 2805/4276/10313 2811/4286/10314 2810/4285/10315
f 2805/4276/10316 2806/4278/10317 2812/4287/10318 2811/4286/10319
f 2806/4278/10320 2807/4280/10321 2813/4288/10322 2812/4287/10323
f 2807/4280/10324 2802/4282/10325 2808/4289/10326 2813/4288/10327
f 2808/4284/10328 2809/4283/10329 2815/4290/10330 2814/4291/10331
f 2809/4283/10332 2810/4285/10333 2816/4292/10334 2815/4290/10335
f 2810/4285/10336 2811/4286/10337 2817/4293/10338 2816/4292/10339
f 2811/4286/10340 2812/4287/10341 2818/4294/10342 2817/4293/10343
f 2812/4287/10344 2813/4288/10345 2819/4295/10346 2818/4294/10347
f 2813/4288/10348 2808/4289/10349 2814/4296/10350 2819/4295/10351
f 2814/4291/10352 2815/4290/10353 2735/4297/10354 2736/4298/10355
f 2815/4290/10356 2816/4292/10357 2738/4299/10358 2735/4297/10359
f 2816/4292/10360 2817/4293/10361 2739/4300/10362 2738/4299/10363
f 2817/4293/10364 2818/4294/10365 2740/4301/10366 2739/4300/10367
f 2818/4294/10368 2819/4295/10369 2737/4302/10370 2740/4301/10371
f 2819/4295/10372 2814/4296/10373 2736/4303/10374 2737/4302/10375
g default
v -0.785192 2.351097 -3.772610
v -0.174256 2.351097 -3.772610
v -0.785192 2.681129 -3.815295
v -0.174256 2.681129 -3.815295
v -0.785192 2.651752 -4.058825
v -0.174256 2.651752 -4.058825
v -0.785192 2.321720 -4.016140
v -0.174256 2.321720 -4.016140
v -0.479724 2.351097 -3.772610
v -0.479724 2.681129 -3.815295
v -0.479724 2.651752 -4.058825
v -0.479724 2.321720 -4.016140
v -0.632458 2.351097 -3.772610
v -0.632458 2.681129 -3.815295
v -0.632458 2.651752 -4.058825
v -0.632458 2.321720 -4.016140
v -0.326990 2.351097 -3.772610
v -0.326990 2.681129 -3.815295
v -0.326990 2.651752 -4.058825
v -0.326990 2.321720 -4.016140
v -0.785192 2.469639 -3.789089
v -0.785192 2.440263 -4.032619
v -0.632458 2.440263 -4.032619
v -0.479724 2.440263 -4.032619
v -0.326990 2.440263 -4.032619
v -0.174256 2.440263 -4.032619
v -0.174256 2.469639 -3.789089
v -0.326990 2.469639 -3.789089
v -0.479724 2.469639 -3.789089
v -0.632458 2.469639 -3.789089
v -0.479724 0.439861 -3.841659
v -0.479724 0.469238 -3.604583
v -0.326990 0.439861 -3.841659
v -0.326990 0.469238 -3.604583
v -0.632458 0.439861 -3.841659
v -0.632458 0.469238 -3.604583
v -0.479724 2.151389 -3.995034
v -0.632458 2.264979 -4.040594
v -0.632458 2.294356 -3.803519
v -0.479724 2.180765 -3.757958
v -0.326990 2.294356 -3.803519
v -0.326990 2.264979 -4.040594
v -0.931834 2.264979 -4.040594
v -0.931834 2.294356 -3.803519
v -1.082869 0.439861 -3.841659
v -1.082869 0.469238 -3.604583
v -0.027614 2.294356 -3.803519
v -0.027614 2.264979 -4.040594
v 0.123421 0.469238 -3.604583
v 0.123421 0.439861 -3.841659
v -0.479724 1.295625 -3.934864
v -0.632458 1.295625 -3.934864
v -1.007351 1.295625 -3.934864
v -1.007351 1.077515 -3.697649
v -0.632458 1.077515 -3.697649
v -0.479724 1.077515 -3.697649
v -0.326990 1.077515 -3.697649
v 0.047904 1.077515 -3.697649
v 0.047904 1.295625 -3.934864
v -0.326990 1.295625 -3.934864
v -0.479724 0.867743 -3.888261
v -0.632458 0.867743 -3.888261
v -1.045110 0.867743 -3.888261
v -1.045110 0.810174 -3.694784
v -0.632458 0.810174 -3.694784
v -0.479724 0.810174 -3.694784
v -0.326990 0.810174 -3.694784
v 0.085662 0.810174 -3.694784
v 0.085662 0.867743 -3.888261
v -0.326990 0.867743 -3.888261
v -0.479724 1.723507 -3.948431
v -0.632458 1.723507 -3.948431
v -0.969593 1.723507 -3.948431
v -0.969593 1.752401 -3.735141
v -0.632458 1.752401 -3.735141
v -0.479724 1.752401 -3.735141
v -0.326990 1.752401 -3.735141
v 0.010145 1.752401 -3.735141
v 0.010145 1.723507 -3.948431
v -0.326990 1.723507 -3.948431
v -0.782146 2.264979 -4.040594
v -0.782146 2.294356 -3.803519
v -0.801025 1.752401 -3.735141
v -0.819905 1.077515 -3.697649
v -0.838784 0.810174 -3.694784
v -0.857663 0.469238 -3.604583
v -0.857663 0.439861 -3.841659
v -0.838784 0.867743 -3.888261
v -0.819905 1.295625 -3.934864
v -0.801025 1.723507 -3.948431
v -0.177302 2.294356 -3.803519
v -0.177302 2.264979 -4.040594
v -0.158422 1.723507 -3.948431
v -0.139543 1.295625 -3.934864
v -0.120664 0.867743 -3.888261
v -0.101785 0.439861 -3.841659
v -0.101785 0.469238 -3.604583
v -0.120664 0.810174 -3.694784
v -0.139543 1.077515 -3.697649
v -0.158422 1.752401 -3.735141
vt 0.375000 0.000000
vt 0.625000 0.000000
vt 0.375000 0.250000
vt 0.625000 0.250000
vt 0.375000 0.500000
vt 0.625000 0.500000
vt 0.375000 0.750000
vt 0.625000 0.750000
vt 0.375000 1.000000
vt 0.625000 1.000000
vt 0.875000 0.000000
vt 0.875000 0.250000
vt 0.125000 0.000000
vt 0.125000 0.250000
vt 0.500000 0.000000
vt 0.500000 1.000000
vt 0.500000 0.250000
vt 0.500000 0.500000
vt 0.500000 0.750000
vt 0.437500 0.000000
vt 0.437500 1.000000
vt 0.437500 0.250000
vt 0.437500 0.500000
vt 0.437500 0.750000
vt 0.562500 0.000000
vt 0.562500 1.000000
vt 0.562500 0.250000
vt 0.562500 0.500000
vt 0.562500 0.750000
vt 0.375000 0.125000
vt 0.125000 0.125000
vt 0.375000 0.625000
vt 0.437500 0.625000
vt 0.500000 0.625000
vt 0.562500 0.625000
vt 0.625000 0.625000
vt 0.875000 0.125000
vt 0.625000 0.125000
vt 0.562500 0.125000
vt 0.500000 0.125000
vt 0.437500 0.125000
vt 0.500000 0.750000
vt 0.562500 0.750000
vt 0.562500 1.000000
vt 0.500000 1.000000
vt 0.437500 1.000000
vt 0.437500 0.750000
vt 0.500000 0.750000
vt 0.437500 0.750000
vt 0.437500 1.000000
vt 0.500000 1.000000
vt 0.562500 1.000000
vt 0.562500 0.750000
vt 0.437500 1.000000
vt 0.437500 0.750000
vt 0.437500 0.750000
vt 0.437500 1.000000
vt 0.562500 0.750000
vt 0.562500 1.000000
vt 0.562500 1.000000
vt 0.562500 0.750000
vt 0.500000 0.750000
vt 0.437500 0.750000
vt 0.437500 0.750000
vt 0.437500 1.000000
vt 0.437500 1.000000
vt 0.500000 1.000000
vt 0.562500 1.000000
vt 0.562500 1.000000
vt 0.562500 0.750000
vt 0.562500 0.750000
vt 0.500000 0.750000
vt 0.437500 0.750000
vt 0.437500 0.750000
vt 0.437500 1.000000
vt 0.437500 1.000000
vt 0.500000 1.000000
vt 0.562500 1.000000
vt 0.562500 1.000000
vt 0.562500 0.750000
vt 0.562500 0.750000
vt 0.500000 0.750000
vt 0.437500 0.750000
vt 0.437500 0.750000
vt 0.437500 1.000000
vt 0.437500 1.000000
vt 0.500000 1.000000
vt 0.562500 1.000000
vt 0.562500 1.000000
vt 0.562500 0.750000
vt 0.562500 0.750000
vt 0.437500 0.750000
vt 0.437500 1.000000
vt 0.437500 1.000000
vt 0.437500 1.000000
vt 0.437500 1.000000
vt 0.437500 1.000000
vt 0.437500 0.750000
vt 0.437500 0.750000
vt 0.437500 0.750000
vt 0.437500 0.750000
vt 0.562500 1.000000
vt 0.562500 0.750000
vt 0.562500 0.750000
vt 0.562500 0.750000
vt 0.562500 0.750000
vt 0.562500 0.750000
vt 0.562500 1.000000
vt 0.562500 1.000000
vt 0.562500 1.000000
vt 0.562500 1.000000
vn 0.000000 0.137686 0.990476
vn -0.056683 0.070525 0.995898
vn 0.000000 0.128267 0.991740
vn 0.000000 0.128267 0.991740
vn 0.000000 0.992803 -0.119760
vn 0.000000 0.992803 -0.119760
vn 0.000000 0.992803 -0.119760
vn 0.000000 0.992803 -0.119760
vn 0.000000 -0.128267 -0.991740
vn 0.000000 -0.128267 -0.991740
vn 0.049812 -0.088763 -0.994807
vn 0.000000 -0.137693 -0.990475
vn 0.000000 -0.992803 0.119760
vn 0.000000 -0.992803 0.119760
vn 0.000000 -0.992803 0.119760
vn 0.000000 -0.992803 0.119760
vn 1.000000 -0.000000 0.000000
vn 1.000000 -0.000000 0.000000
vn 1.000000 -0.000000 0.000000
vn 1.000000 -0.000000 0.000000
vn -1.000000 0.000000 -0.000000
vn -1.000000 0.000000 -0.000000
vn -1.000000 0.000000 -0.000000
vn -1.000000 0.000000 -0.000000
vn 0.000000 0.128267 0.991740
vn 0.000000 0.128267 0.991740
vn 0.000000 0.035959 0.999353
vn 0.056683 0.070525 0.995898
vn 0.000000 0.992803 -0.119760
vn 0.000000 0.992803 -0.119760
vn 0.000000 0.992803 -0.119760
vn 0.000000 0.992803 -0.119760
vn 0.000000 -0.063664 -0.997971
vn 0.000000 -0.128268 -0.991740
vn 0.000000 -0.128268 -0.991740
vn -0.049812 -0.088763 -0.994806
vn 0.000000 -0.992410 0.122972
vn 0.000000 -0.992410 0.122972
vn 0.000000 -0.992410 0.122973
vn 0.000000 -0.992410 0.122973
vn 0.000000 -0.992410 0.122973
vn 0.000000 -0.992410 0.122973
vn 0.000000 0.128267 0.991740
vn 0.000000 0.137686 0.990476
vn 0.000000 0.992803 -0.119760
vn 0.000000 0.992803 -0.119760
vn 0.000000 -0.128267 -0.991740
vn 0.000000 -0.137693 -0.990475
vn 0.000000 -0.992803 0.119760
vn 0.000000 -0.992803 0.119760
vn 0.000000 -0.992803 0.119760
vn 0.000000 -0.992803 0.119760
vn -1.000000 0.000000 0.000000
vn -1.000000 0.000000 0.000000
vn 0.000000 -0.122969 -0.992411
vn 0.000000 -0.122969 -0.992411
vn 0.000000 -0.122969 -0.992411
vn 0.000000 -0.122969 -0.992411
vn 0.000000 -0.122969 -0.992411
vn 1.000000 -0.000000 0.000000
vn 1.000000 -0.000000 0.000000
vn 0.000000 0.122972 0.992410
vn 0.000000 0.122972 0.992410
vn 0.000000 0.122972 0.992410
vn 0.000000 0.122972 0.992410
vn 0.000000 0.122972 0.992410
vn -0.045546 -0.135822 -0.989686
vn -0.000000 -0.130390 -0.991463
vn 1.000000 0.000000 -0.000000
vn 1.000000 0.000000 -0.000000
vn 1.000000 0.000000 -0.000000
vn 1.000000 0.000000 -0.000000
vn -0.000000 0.080803 0.996730
vn 0.053246 0.090604 0.994463
vn -1.000000 0.000000 -0.000000
vn -1.000000 0.000000 -0.000000
vn -1.000000 0.000000 -0.000000
vn -1.000000 0.000000 -0.000000
vn 0.045546 -0.135822 -0.989686
vn -0.053246 0.090604 0.994463
vn -0.000000 -0.090525 -0.995894
vn 0.023414 -0.098103 -0.994901
vn -0.997631 0.068229 -0.008828
vn -0.997631 0.068229 -0.008828
vn -0.997564 0.068959 0.010551
vn -0.997581 0.068909 0.009205
vn -0.021989 0.078592 0.996664
vn -0.000000 0.071443 0.997445
vn 0.021989 0.078592 0.996664
vn 0.997631 0.068229 -0.008828
vn 0.997631 0.068229 -0.008828
vn 0.997581 0.068909 0.009205
vn 0.997564 0.068959 0.010551
vn -0.023414 -0.098103 -0.994901
vn 0.000000 0.992410 -0.122973
vn 0.000000 0.992410 -0.122973
vn 0.000000 0.992410 -0.122973
vn 0.000000 0.992410 -0.122973
vn 0.000000 -0.104646 -0.994510
vn 0.000000 -0.167795 -0.985822
vn 0.000000 -0.992410 0.122973
vn 0.000000 -0.992410 0.122973
vn 0.000000 0.125177 0.992134
vn 0.000000 0.084756 0.996402
vn 0.000000 0.992410 -0.122973
vn 0.000000 0.992410 -0.122973
vn 0.000000 0.992410 -0.122973
vn 0.000000 0.992410 -0.122973
vn 0.000000 0.084756 0.996402
vn 0.000000 0.125177 0.992134
vn 0.000000 -0.992410 0.122973
vn 0.000000 -0.992410 0.122973
vn 0.000000 -0.167795 -0.985822
vn 0.000000 -0.104646 -0.994510
vn 0.000000 -0.071202 -0.997462
vn 0.000000 -0.070138 -0.997537
vn 0.000000 -0.108274 -0.994121
vn 0.000000 -0.108274 -0.994121
vn 0.000000 -0.108274 -0.994121
vn 0.000000 -0.072068 -0.997400
vn -0.994473 0.091679 0.051167
vn -0.996052 0.079645 0.039195
vn -0.993450 0.106392 0.041697
vn -0.993999 0.104447 0.032500
vn 0.000000 0.041856 0.999124
vn 0.000000 0.156728 0.987642
vn 0.000000 0.154402 0.988008
vn 0.000000 0.042281 0.999106
vn 0.000000 0.042792 0.999084
vn 0.000000 0.151239 0.988497
vn 0.000000 0.042281 0.999106
vn 0.000000 0.154402 0.988008
vn 0.000000 0.156728 0.987642
vn 0.000000 0.041856 0.999124
vn 0.996052 0.079645 0.039195
vn 0.994473 0.091679 0.051167
vn 0.993999 0.104447 0.032500
vn 0.993450 0.106392 0.041697
vn 0.000000 -0.072068 -0.997400
vn 0.000000 -0.108274 -0.994121
vn 0.000000 -0.108274 -0.994121
vn 0.000000 -0.071202 -0.997462
vn 0.000000 -0.108274 -0.994121
vn 0.000000 -0.108274 -0.994121
vn 0.000000 -0.108274 -0.994121
vn -0.995077 0.098894 0.006476
vn -0.995077 0.098894 0.006476
vn 0.000000 0.255769 0.966738
vn 0.000000 0.255769 0.966738
vn 0.000000 0.255769 0.966738
vn 0.000000 0.255769 0.966738
vn 0.000000 0.255769 0.966738
vn 0.995077 0.098894 0.006476
vn 0.995077 0.098894 0.006476
vn 0.000000 -0.108274 -0.994121
vn 0.000000 -0.108274 -0.994121
vn 0.000000 0.992410 -0.122973
vn 0.000000 0.992410 -0.122973
vn 0.000000 0.083817 0.996481
vn 0.000000 0.125177 0.992135
vn 0.000000 0.041039 0.999157
vn 0.000000 0.163145 0.986602
vn 0.000000 0.255769 0.966738
vn 0.000000 -0.992410 0.122973
vn 0.000000 -0.992410 0.122973
vn 0.000000 -0.108274 -0.994121
vn 0.000000 -0.108274 -0.994121
vn 0.000000 -0.073548 -0.997292
vn 0.000000 -0.102301 -0.994753
vn 0.000000 -0.167795 -0.985822
vn 0.000000 0.992410 -0.122973
vn 0.000000 0.992410 -0.122973
vn 0.000000 -0.102301 -0.994753
vn 0.000000 -0.167795 -0.985822
vn 0.000000 -0.073548 -0.997292
vn 0.000000 -0.108274 -0.994121
vn 0.000000 -0.108274 -0.994121
vn 0.000000 -0.992410 0.122973
vn 0.000000 -0.992410 0.122973
vn 0.000000 0.163145 0.986602
vn 0.000000 0.255769 0.966738
vn 0.000000 0.041039 0.999157
vn 0.000000 0.083817 0.996481
vn 0.000000 0.125177 0.992134
s 1
g group11 pCube12
usemtl initialShadingGroup
f 2820/4304/10376 2832/4323/10377 2849/4344/10378 2840/4333/10379
s 2
f 2822/4306/10380 2833/4325/10381 2834/4326/10382 2824/4308/10383
s 3
f 2841/4335/10384 2842/4336/10385 2835/4327/10386 2826/4310/10387
s off
f 2826/4310/10388 2835/4327/10389 2832/4324/10390 2820/4312/10391
s 4
f 2821/4305/10392 2827/4314/10393 2845/4340/10394 2846/4341/10395
s 5
f 2826/4316/10396 2820/4304/10397 2840/4333/10398 2841/4334/10399
s 1
f 2847/4342/10400 2848/4343/10401 2828/4318/10402 2836/4328/10403
s 2
f 2830/4321/10404 2829/4320/10405 2837/4330/10406 2838/4331/10407
s 3
f 2831/4322/10408 2843/4337/10409 2844/4338/10410 2839/4332/10411
s 7
f 2851/4348/10412 2850/4345/10413 2852/4346/10414 2853/4347/10415
s 1
f 2848/4343/10401 2849/4344/10378 2832/4323/10377 2828/4318/10402
s 2
f 2834/4326/10382 2833/4325/10381 2829/4320/10405 2830/4321/10404
s 3
f 2835/4327/10386 2842/4336/10385 2843/4337/10409 2831/4322/10408
s 7
f 2855/4349/10416 2854/4350/10417 2850/4345/10413 2851/4348/10412
s 1
f 2846/4341/10418 2847/4342/10400 2836/4328/10403 2821/4305/10419
s 2
f 2838/4331/10407 2837/4330/10406 2823/4307/10420 2825/4309/10421
s 3
f 2839/4332/10411 2844/4338/10410 2845/4339/10422 2827/4311/10423
s off
f 2836/4329/10424 2839/4332/10425 2827/4311/10426 2821/4313/10427
s 5
f 2841/4334/10399 2840/4333/10398 2822/4306/10428 2824/4317/10429
s 3
f 2824/4308/10430 2834/4326/10431 2842/4336/10385 2841/4335/10384
f 2843/4337/10409 2842/4336/10385 2834/4326/10431 2830/4321/10432
f 2844/4338/10410 2843/4337/10409 2830/4321/10432 2838/4331/10433
f 2845/4339/10422 2844/4338/10410 2838/4331/10433 2825/4309/10434
s 4
f 2846/4341/10395 2845/4340/10394 2825/4315/10435 2823/4307/10436
s 1
f 2837/4330/10437 2847/4342/10400 2846/4341/10418 2823/4307/10438
f 2829/4320/10439 2848/4343/10401 2847/4342/10400 2837/4330/10437
f 2833/4325/10440 2849/4344/10378 2848/4343/10401 2829/4320/10439
f 2840/4333/10379 2849/4344/10378 2833/4325/10440 2822/4306/10441
s 3
f 2831/4322/10408 2839/4332/10411 2861/4356/10442 2856/4351/10443
s off
f 2839/4332/10444 2836/4329/10445 2860/4355/10446 2861/4356/10447
s 1
f 2836/4329/10403 2828/4319/10402 2859/4354/10448 2860/4355/10449
s off
f 2832/4324/10450 2835/4327/10451 2857/4352/10452 2858/4353/10453
s 3
f 2835/4327/10386 2831/4322/10408 2856/4351/10443 2857/4352/10454
s 1
f 2828/4319/10402 2832/4324/10377 2858/4353/10455 2859/4354/10448
s 3
f 2857/4352/10454 2856/4351/10443 2890/4385/10456 2891/4386/10457
s 8
f 2863/4357/10458 2862/4358/10459 2892/4387/10460 2893/4388/10461
s 1
f 2859/4354/10448 2858/4353/10455 2894/4389/10462 2895/4390/10463
f 2860/4355/10449 2859/4354/10448 2895/4390/10463 2896/4391/10464
s 9
f 2867/4361/10465 2866/4362/10466 2897/4392/10467 2898/4393/10468
s 3
f 2856/4351/10443 2861/4356/10442 2899/4394/10469 2890/4385/10456
s 10
f 2858/4353/10470 2857/4352/10471 2900/4395/10472 2901/4396/10473
s 3
f 2857/4352/10454 2891/4386/10457 2909/4404/10474 2900/4395/10475
s 7
f 2854/4350/10417 2855/4349/10416 2905/4400/10476 2906/4401/10477
s 1
f 2901/4396/10478 2902/4397/10479 2894/4389/10462 2858/4353/10455
s 11
f 2861/4356/10480 2860/4355/10481 2910/4405/10482 2911/4406/10483
s 1
f 2860/4355/10449 2896/4391/10464 2919/4414/10484 2910/4405/10485
s 7
f 2853/4347/10415 2852/4346/10414 2915/4410/10486 2916/4411/10487
s 3
f 2911/4406/10488 2912/4407/10489 2899/4394/10469 2861/4356/10442
f 2871/4366/10490 2870/4365/10491 2880/4375/10492 2881/4376/10493
f 2907/4402/10494 2908/4403/10495 2871/4366/10490 2881/4376/10493
s 8
f 2873/4368/10496 2872/4367/10497 2882/4377/10498 2883/4378/10499
s 1
f 2903/4398/10500 2904/4399/10501 2884/4379/10502 2874/4369/10503
f 2875/4370/10504 2874/4369/10503 2884/4379/10502 2885/4380/10505
f 2876/4371/10506 2875/4370/10504 2885/4380/10505 2886/4381/10507
f 2917/4412/10508 2918/4413/10509 2876/4371/10506 2886/4381/10507
s 9
f 2878/4373/10510 2877/4372/10511 2887/4382/10512 2888/4383/10513
s 3
f 2913/4408/10514 2914/4409/10515 2889/4384/10516 2879/4374/10517
f 2870/4365/10491 2879/4374/10517 2889/4384/10516 2880/4375/10492
f 2881/4376/10493 2880/4375/10492 2850/4345/10518 2854/4350/10519
f 2906/4401/10520 2907/4402/10494 2881/4376/10493 2854/4350/10519
s 8
f 2883/4378/10499 2882/4377/10498 2864/4359/10521 2865/4360/10522
s 1
f 2855/4349/10523 2884/4379/10502 2904/4399/10501 2905/4400/10524
f 2885/4380/10505 2884/4379/10502 2855/4349/10523 2851/4348/10525
f 2886/4381/10507 2885/4380/10505 2851/4348/10525 2853/4347/10526
f 2916/4411/10527 2917/4412/10508 2886/4381/10507 2853/4347/10526
s 9
f 2888/4383/10513 2887/4382/10512 2868/4363/10528 2869/4364/10529
s 3
f 2852/4346/10530 2889/4384/10516 2914/4409/10515 2915/4410/10531
f 2880/4375/10492 2889/4384/10516 2852/4346/10530 2850/4345/10518
f 2891/4386/10457 2890/4385/10456 2870/4365/10491 2871/4366/10490
f 2908/4403/10495 2909/4404/10474 2891/4386/10457 2871/4366/10490
s 8
f 2893/4388/10461 2892/4387/10460 2872/4367/10497 2873/4368/10496
s 1
f 2902/4397/10479 2903/4398/10500 2874/4369/10503 2894/4389/10462
f 2895/4390/10463 2894/4389/10462 2874/4369/10503 2875/4370/10504
f 2896/4391/10464 2895/4390/10463 2875/4370/10504 2876/4371/10506
f 2918/4413/10509 2919/4414/10484 2896/4391/10464 2876/4371/10506
s 9
f 2898/4393/10468 2897/4392/10467 2877/4372/10511 2878/4373/10510
s 3
f 2912/4407/10489 2913/4408/10514 2879/4374/10517 2899/4394/10469
f 2890/4385/10456 2899/4394/10469 2879/4374/10517 2870/4365/10491
s 10
f 2901/4396/10473 2900/4395/10472 2862/4358/10532 2863/4357/10533
s 1
f 2893/4388/10534 2902/4397/10479 2901/4396/10478 2863/4357/10535
f 2873/4368/10536 2903/4398/10500 2902/4397/10479 2893/4388/10534
f 2883/4378/10537 2904/4399/10501 2903/4398/10500 2873/4368/10536
f 2905/4400/10524 2904/4399/10501 2883/4378/10537 2865/4360/10538
s 7
f 2906/4401/10477 2905/4400/10476 2865/4360/10539 2864/4359/10540
s 3
f 2882/4377/10541 2907/4402/10494 2906/4401/10520 2864/4359/10542
f 2872/4367/10543 2908/4403/10495 2907/4402/10494 2882/4377/10541
f 2892/4387/10544 2909/4404/10474 2908/4403/10495 2872/4367/10543
f 2900/4395/10475 2909/4404/10474 2892/4387/10544 2862/4358/10545
s 11
f 2911/4406/10483 2910/4405/10482 2866/4362/10546 2867/4361/10547
s 3
f 2898/4393/10548 2912/4407/10489 2911/4406/10488 2867/4361/10549
f 2878/4373/10550 2913/4408/10514 2912/4407/10489 2898/4393/10548
f 2888/4383/10551 2914/4409/10515 2913/4408/10514 2878/4373/10550
f 2915/4410/10531 2914/4409/10515 2888/4383/10551 2869/4364/10552
s 7
f 2916/4411/10487 2915/4410/10486 2869/4364/10553 2868/4363/10554
s 1
f 2887/4382/10555 2917/4412/10508 2916/4411/10527 2868/4363/10556
f 2877/4372/10557 2918/4413/10509 2917/4412/10508 2887/4382/10555
f 2897/4392/10558 2919/4414/10484 2918/4413/10509 2877/4372/10557
f 2910/4405/10485 2919/4414/10484 2897/4392/10558 2866/4362/10559
g default
v -0.595501 1.020941 -3.567297
v -0.586783 1.019460 -3.572808
v -0.574725 1.018491 -3.569695
v -0.595036 1.019674 -3.561973
v -0.586607 1.018982 -3.570802
v -0.574260 1.017223 -3.564372
v -0.620225 1.043370 -3.556119
v -0.600360 1.041902 -3.556215
v -0.583549 1.040222 -3.566011
v -0.562818 1.037474 -3.560549
v -0.545141 1.034514 -3.564787
v -0.630775 1.066541 -3.551204
v -0.617167 1.064610 -3.551328
v -0.597302 1.063142 -3.551424
v -0.580491 1.061462 -3.561221
v -0.559760 1.058714 -3.555758
v -0.542083 1.055754 -3.559996
v -0.528909 1.055007 -3.565093
v -0.626016 1.087580 -3.546610
v -0.614109 1.085850 -3.546538
v -0.594244 1.084382 -3.546634
v -0.577433 1.082702 -3.556430
v -0.556702 1.079954 -3.550968
v -0.539025 1.076994 -3.555206
v -0.527367 1.075945 -3.557998
v -0.611050 1.107090 -3.541748
v -0.591186 1.105622 -3.541844
v -0.574375 1.103942 -3.551640
v -0.553644 1.101194 -3.546178
v -0.535966 1.098234 -3.550416
v -0.591521 1.127151 -3.536170
v -0.571317 1.125181 -3.546849
v -0.547108 1.121912 -3.541297
v -0.568258 1.146421 -3.542059
v -0.568434 1.146899 -3.544065
v -0.592071 1.128650 -3.542467
v -0.571492 1.125659 -3.548856
v -0.547658 1.123412 -3.547594
v -0.611516 1.108357 -3.547071
v -0.591651 1.106889 -3.547167
v -0.574550 1.104419 -3.553646
v -0.554109 1.102461 -3.551501
v -0.536432 1.099501 -3.555739
v -0.626200 1.088082 -3.548717
v -0.614574 1.087117 -3.551861
v -0.594709 1.085649 -3.551957
v -0.577608 1.083179 -3.558437
v -0.557167 1.081222 -3.556291
v -0.539490 1.078261 -3.560529
v -0.527551 1.076447 -3.560106
v -0.630959 1.067043 -3.553311
v -0.617632 1.065878 -3.556652
v -0.597767 1.064410 -3.556748
v -0.580666 1.061940 -3.563227
v -0.560225 1.059982 -3.561082
v -0.542548 1.057022 -3.565320
v -0.620690 1.044638 -3.561442
v -0.600826 1.043170 -3.561538
v -0.583724 1.040700 -3.568018
v -0.563284 1.038742 -3.565872
v -0.545606 1.035782 -3.570110
v -0.615690 1.018782 -3.618373
v -0.622426 1.013124 -3.614101
v -0.622620 1.007990 -3.614288
v -0.616318 1.002167 -3.618980
v -0.609582 1.007824 -3.623253
v -0.609388 1.012959 -3.623065
v -0.605715 1.014782 -3.605601
v -0.612152 1.009144 -3.600865
v -0.611861 1.004042 -3.600303
v -0.604775 0.998271 -3.603784
v -0.598338 1.003909 -3.608520
v -0.598629 1.009011 -3.609081
v -0.596708 1.013462 -3.592770
v -0.602677 1.008113 -3.587167
v -0.601632 1.003478 -3.585202
v -0.593323 0.998464 -3.586412
v -0.587354 1.003813 -3.592015
v -0.588400 1.008447 -3.593980
vt 0.655847 0.039337
vt 0.643440 0.081152
vt 0.606474 0.081454
vt 0.679180 0.036594
vt 0.679698 0.077458
vt 0.706118 0.039136
vt 0.719879 0.081050
vt 0.753788 0.080491
vt 0.608044 0.120791
vt 0.582751 0.121427
vt 0.644412 0.121896
vt 0.680132 0.118564
vt 0.719965 0.121820
vt 0.754150 0.120576
vt 0.780745 0.121387
vt 0.607840 0.160796
vt 0.585725 0.160895
vt 0.644202 0.162406
vt 0.679967 0.159392
vt 0.719474 0.162624
vt 0.753004 0.161308
vt 0.774878 0.162033
vt 0.607089 0.201317
vt 0.643907 0.202481
vt 0.679458 0.199889
vt 0.718690 0.202947
vt 0.752788 0.202570
vt 0.638121 0.242236
vt 0.678839 0.240647
vt 0.723110 0.242876
vt 0.678403 0.282197
vt 0.886032 0.354404
vt 0.885575 0.394880
vt 0.845626 0.391810
vt 0.929673 0.392762
vt 0.851354 0.432383
vt 0.814771 0.434253
vt 0.885122 0.435390
vt 0.922995 0.433193
vt 0.956761 0.435888
vt 0.814245 0.474738
vt 0.792013 0.474407
vt 0.850839 0.472842
vt 0.884654 0.475880
vt 0.922578 0.473656
vt 0.956353 0.476374
vt 0.978587 0.476560
vt 0.813710 0.515197
vt 0.788316 0.514808
vt 0.850334 0.513329
vt 0.884184 0.516385
vt 0.922150 0.514137
vt 0.955953 0.516834
vt 0.981348 0.517037
vt 0.813105 0.555610
vt 0.849777 0.553842
vt 0.883722 0.556905
vt 0.921777 0.554631
vt 0.955616 0.557255
vt 0.864419 0.594652
vt 0.883350 0.597426
vt 0.906163 0.595061
vt 0.730830 0.251439
vt 0.680280 0.285513
vt 0.761518 0.207630
vt 0.778715 0.163157
vt 0.761930 0.074721
vt 0.713647 0.032048
vt 0.676374 0.285421
vt 0.630119 0.250633
vt 0.598291 0.206233
vt 0.581847 0.161899
vt 0.578796 0.120651
vt 0.598241 0.075779
vt 0.648276 0.032250
vt 0.960777 0.756706
vt 0.942583 0.758713
vt 0.939528 0.728877
vt 0.957547 0.727768
vt 0.932972 0.760412
vt 0.930573 0.727995
vt 0.913439 0.763521
vt 0.913910 0.726135
vt 0.893436 0.761394
vt 0.896883 0.726409
vt 0.883583 0.759113
vt 0.888035 0.727097
vt 0.865363 0.754995
vt 0.870764 0.727224
vt 0.939191 0.696092
vt 0.956870 0.698885
vt 0.930592 0.693941
vt 0.914480 0.692449
vt 0.898188 0.690934
vt 0.889575 0.693201
vt 0.872658 0.697288
vt 0.944994 0.648916
vt 0.962573 0.656352
vt 0.938468 0.640654
vt 0.916664 0.646998
vt 0.896266 0.630177
vt 0.889518 0.638087
vt 0.871226 0.653131
vn -0.014084 -0.253902 0.967128
vn 0.252394 -0.237050 0.938139
vn -0.012868 -0.224491 0.974391
vn 0.575639 -0.164370 0.801013
vn 0.575639 -0.164370 0.801013
vn 0.091048 -0.185679 0.978383
vn 0.252394 -0.237050 0.938139
vn -0.346219 -0.073170 0.935296
vn -0.346219 -0.073170 0.935296
vn -0.078174 -0.198431 0.976992
vn 0.091048 -0.185679 0.978383
vn 0.179355 -0.279386 0.943279
vn 0.202141 -0.249987 0.946914
vn -0.078174 -0.198431 0.976992
vn -0.012868 -0.224491 0.974391
vn -0.016296 -0.216791 0.976082
vn -0.026637 -0.213028 0.976683
vn -0.012868 -0.224491 0.974391
vn 0.252394 -0.237050 0.938139
vn 0.232714 -0.245738 0.940988
vn -0.016296 -0.216791 0.976082
vn 0.252394 -0.237050 0.938139
vn 0.091048 -0.185679 0.978383
vn 0.084678 -0.230809 0.969307
vn 0.232714 -0.245738 0.940988
vn 0.091048 -0.185679 0.978383
vn -0.078174 -0.198431 0.976992
vn -0.062455 -0.211018 0.975485
vn 0.084678 -0.230809 0.969307
vn -0.078174 -0.198431 0.976992
vn 0.202141 -0.249987 0.946914
vn 0.225763 -0.254312 0.940402
vn -0.062455 -0.211018 0.975485
vn 0.202141 -0.249987 0.946914
vn 0.288712 -0.278988 0.915866
vn 0.225763 -0.254312 0.940402
vn -0.026637 -0.213028 0.976683
vn -0.016296 -0.216791 0.976082
vn -0.017780 -0.216568 0.976106
vn -0.030396 -0.212343 0.976722
vn -0.016296 -0.216791 0.976082
vn 0.232714 -0.245738 0.940988
vn 0.232713 -0.245737 0.940988
vn -0.017780 -0.216568 0.976106
vn 0.232714 -0.245738 0.940988
vn 0.084678 -0.230809 0.969307
vn 0.084678 -0.230809 0.969307
vn 0.232713 -0.245737 0.940988
vn 0.084678 -0.230809 0.969307
vn -0.062455 -0.211018 0.975485
vn -0.062454 -0.211019 0.975485
vn 0.084678 -0.230809 0.969307
vn -0.062455 -0.211018 0.975485
vn 0.225763 -0.254312 0.940402
vn 0.209282 -0.253049 0.944546
vn -0.062454 -0.211019 0.975485
vn 0.225763 -0.254312 0.940402
vn 0.288712 -0.278988 0.915866
vn 0.256034 -0.278210 0.925768
vn 0.209282 -0.253049 0.944546
vn -0.030396 -0.212343 0.976722
vn -0.017780 -0.216568 0.976106
vn -0.013715 -0.225572 0.974130
vn -0.017780 -0.216568 0.976106
vn 0.232713 -0.245737 0.940988
vn 0.277919 -0.247776 0.928099
vn -0.013715 -0.225572 0.974130
vn 0.232713 -0.245737 0.940988
vn 0.084678 -0.230809 0.969307
vn 0.085973 -0.221682 0.971322
vn 0.277919 -0.247776 0.928099
vn 0.084678 -0.230809 0.969307
vn -0.062454 -0.211019 0.975485
vn -0.104738 -0.203206 0.973518
vn 0.085973 -0.221682 0.971322
vn -0.062454 -0.211019 0.975485
vn 0.209282 -0.253049 0.944546
vn 0.533783 -0.059807 0.843504
vn -0.104738 -0.203206 0.973518
vn 0.209282 -0.253049 0.944546
vn 0.256034 -0.278210 0.925768
vn 0.533783 -0.059807 0.843504
vn -0.013715 -0.225572 0.974130
vn 0.277919 -0.247776 0.928099
vn 0.374513 -0.249405 0.893049
vn 0.277919 -0.247776 0.928099
vn 0.085973 -0.221682 0.971322
vn 0.086615 -0.218663 0.971949
vn 0.374513 -0.249405 0.893049
vn 0.085973 -0.221682 0.971322
vn -0.104738 -0.203206 0.973518
vn 0.151459 0.027402 0.988084
vn 0.086615 -0.218663 0.971949
vn -0.104738 -0.203206 0.973518
vn 0.533783 -0.059807 0.843504
vn 0.151459 0.027402 0.988084
vn 0.374513 -0.249405 0.893049
vn 0.086615 -0.218663 0.971949
vn 0.441704 0.126181 0.888243
vn 0.086615 -0.218663 0.971949
vn 0.151459 0.027402 0.988084
vn 0.441704 0.126181 0.888243
vn 0.247405 0.485167 -0.838692
vn -0.087276 0.213526 -0.973031
vn -0.228344 0.227522 -0.946622
vn 0.247405 0.485167 -0.838692
vn 0.398048 0.394343 -0.828282
vn -0.087276 0.213526 -0.973031
vn -0.228344 0.227522 -0.946622
vn -0.171257 0.230224 -0.957950
vn -0.005422 0.219301 -0.975642
vn -0.228344 0.227522 -0.946622
vn -0.087276 0.213526 -0.973031
vn -0.086544 0.217884 -0.972130
vn -0.171257 0.230224 -0.957950
vn -0.087276 0.213526 -0.973031
vn 0.398048 0.394343 -0.828282
vn -0.003216 0.210666 -0.977553
vn -0.086544 0.217884 -0.972130
vn 0.398048 0.394343 -0.828282
vn 0.212029 0.387003 -0.897370
vn -0.003216 0.210666 -0.977553
vn -0.005422 0.219301 -0.975642
vn -0.065972 0.229778 -0.971004
vn -0.225861 0.249344 -0.941708
vn -0.005422 0.219301 -0.975642
vn -0.171257 0.230224 -0.957950
vn -0.145528 0.237564 -0.960409
vn -0.065972 0.229778 -0.971004
vn -0.171257 0.230224 -0.957950
vn -0.086544 0.217884 -0.972130
vn -0.084678 0.230809 -0.969307
vn -0.145528 0.237564 -0.960409
vn -0.086544 0.217884 -0.972130
vn -0.003216 0.210666 -0.977553
vn -0.024681 0.223327 -0.974431
vn -0.084678 0.230809 -0.969307
vn -0.003216 0.210666 -0.977553
vn 0.212029 0.387003 -0.897370
vn -0.104010 0.234327 -0.966578
vn -0.024681 0.223327 -0.974431
vn 0.212029 0.387003 -0.897370
vn 0.059479 0.215689 -0.974649
vn -0.104010 0.234327 -0.966578
vn -0.225861 0.249344 -0.941708
vn -0.065972 0.229778 -0.971004
vn -0.066245 0.229794 -0.970982
vn -0.221337 0.248780 -0.942931
vn -0.065972 0.229778 -0.971004
vn -0.145528 0.237564 -0.960409
vn -0.145528 0.237564 -0.960409
vn -0.066245 0.229794 -0.970982
vn -0.145528 0.237564 -0.960409
vn -0.084678 0.230809 -0.969307
vn -0.084678 0.230809 -0.969307
vn -0.145528 0.237564 -0.960409
vn -0.084678 0.230809 -0.969307
vn -0.024681 0.223327 -0.974431
vn -0.024681 0.223327 -0.974431
vn -0.084678 0.230809 -0.969307
vn -0.024681 0.223327 -0.974431
vn -0.104010 0.234327 -0.966578
vn -0.103714 0.234274 -0.966623
vn -0.024681 0.223327 -0.974431
vn -0.104010 0.234327 -0.966578
vn 0.059479 0.215689 -0.974649
vn 0.054791 0.216211 -0.974808
vn -0.103714 0.234274 -0.966623
vn -0.221337 0.248780 -0.942931
vn -0.066245 0.229794 -0.970982
vn -0.009590 0.227583 -0.973711
vn -0.066245 0.229794 -0.970982
vn -0.145528 0.237564 -0.960409
vn -0.155540 0.236166 -0.959184
vn -0.009590 0.227583 -0.973711
vn -0.145528 0.237564 -0.960409
vn -0.084678 0.230809 -0.969307
vn -0.088245 0.205756 -0.974616
vn -0.155540 0.236166 -0.959184
vn -0.084678 0.230809 -0.969307
vn -0.024681 0.223327 -0.974431
vn -0.015909 0.219714 -0.975435
vn -0.088245 0.205756 -0.974616
vn -0.024681 0.223327 -0.974431
vn -0.103714 0.234274 -0.966623
vn -0.162918 0.246299 -0.955403
vn -0.015909 0.219714 -0.975435
vn -0.103714 0.234274 -0.966623
vn 0.054791 0.216211 -0.974808
vn -0.162918 0.246299 -0.955403
vn -0.009590 0.227583 -0.973711
vn -0.155540 0.236166 -0.959184
vn 0.014085 0.253904 -0.967127
vn -0.155540 0.236166 -0.959184
vn -0.088245 0.205756 -0.974616
vn -0.387733 0.198239 -0.900203
vn -0.387733 0.198239 -0.900203
vn -0.088245 0.205756 -0.974616
vn -0.015909 0.219714 -0.975435
vn 0.170602 0.142770 -0.974942
vn 0.170602 0.142770 -0.974942
vn -0.015909 0.219714 -0.975435
vn -0.162918 0.246299 -0.955403
vn -0.179355 0.279385 -0.943279
vn 0.398048 0.394343 -0.828282
vn 0.247405 0.485167 -0.838692
vn 0.441704 0.126181 0.888243
vn 0.151459 0.027402 0.988084
vn 0.212029 0.387003 -0.897370
vn 0.398048 0.394343 -0.828282
vn 0.151459 0.027402 0.988084
vn 0.533783 -0.059807 0.843504
vn 0.958194 0.285690 -0.015677
vn 0.212029 0.387003 -0.897370
vn 0.533783 -0.059807 0.843504
vn 0.957212 0.289007 -0.014802
vn 0.994506 -0.040509 -0.096525
vn 0.958194 0.285690 -0.015677
vn 0.957212 0.289007 -0.014802
vn 0.574840 -0.783275 -0.236728
vn 0.764561 -0.608776 -0.211750
vn 0.568045 -0.788053 -0.237272
vn 0.492841 -0.835770 -0.242065
vn 0.574840 -0.783275 -0.236728
vn 0.568045 -0.788053 -0.237272
vn 0.492841 -0.835770 -0.242065
vn -0.583798 0.776848 0.235981
vn -0.668414 0.708288 0.227047
vn -0.674626 0.702634 0.226243
vn -0.583798 0.776848 0.235981
vn -0.668414 0.708288 0.227047
vn -0.755565 0.619314 0.213475
vn -0.754308 0.620764 0.213710
vn -0.674626 0.702634 0.226243
vn -0.755565 0.619314 0.213475
vn -0.872982 0.451780 0.183838
vn -0.873374 0.451077 0.183706
vn -0.754308 0.620764 0.213710
vn -0.872982 0.451780 0.183838
vn -0.972612 -0.230479 0.030086
vn -0.972870 -0.229349 0.030377
vn -0.873374 0.451077 0.183706
vn -0.972612 -0.230479 0.030086
vn -0.780551 -0.620023 -0.079450
vn -0.777316 -0.623918 -0.080661
vn -0.972870 -0.229349 0.030377
vn -0.780551 -0.620023 -0.079450
vn -0.694420 -0.711311 -0.108713
vn -0.694420 -0.711311 -0.108713
vn -0.777316 -0.623918 -0.080661
vn -0.508943 0.814397 0.278809
vn -0.513414 0.813966 0.271783
vn -0.382969 0.814082 0.436583
vn -0.377940 0.812258 0.444295
vn -0.839572 0.011066 0.543136
vn -0.845007 0.010607 0.534650
vn -0.809499 0.025692 0.586558
vn -0.803733 0.022615 0.594560
vn -0.485022 -0.802519 0.347444
vn -0.474473 -0.801571 0.363813
vn -0.516194 -0.812872 0.269784
vn -0.526471 -0.810235 0.257580
vn 0.513086 -0.813934 -0.272496
vn 0.506331 -0.814561 -0.283055
vn 0.415934 -0.816971 -0.399446
vn 0.421181 -0.818078 -0.391606
vn 0.845212 -0.010537 -0.534328
vn 0.838858 -0.011085 -0.544238
vn 0.808345 -0.021633 -0.588312
vn 0.814105 -0.024053 -0.580220
vn 0.474866 0.801701 -0.363012
vn 0.483071 0.802440 -0.350332
vn 0.536607 0.810086 -0.236250
vn 0.525636 0.813828 -0.247774
vn -0.377940 0.812258 0.444295
vn -0.382969 0.814082 0.436583
vn -0.436807 0.899555 -0.001070
vn -0.438538 0.897816 0.040144
vn -0.803733 0.022615 0.594560
vn -0.809499 0.025692 0.586558
vn -0.926882 0.059988 0.370528
vn -0.911930 0.055515 0.406572
vn -0.526471 -0.810235 0.257580
vn -0.516194 -0.812872 0.269784
vn -0.108224 -0.824375 0.555602
vn -0.140559 -0.830388 0.539165
vn 0.421181 -0.818078 -0.391606
vn 0.415934 -0.816971 -0.399446
vn 0.333700 -0.926514 0.173828
vn 0.331634 -0.926264 0.179035
vn 0.814105 -0.024053 -0.580220
vn 0.808345 -0.021633 -0.588312
vn 0.875887 -0.128342 -0.465135
vn 0.887252 -0.159904 -0.432682
vn 0.525636 0.813828 -0.247774
vn 0.536607 0.810086 -0.236250
vn 0.386456 0.840049 -0.380749
vn 0.352867 0.841484 -0.409133
vn -0.438538 0.897816 0.040144
vn -0.436807 0.899555 -0.001070
vn -0.412133 0.879312 -0.238655
vn -0.412133 0.879312 -0.238655
vn -0.911930 0.055515 0.406572
vn -0.926882 0.059988 0.370528
vn -0.963201 0.072877 0.258713
vn -0.963201 0.072877 0.258713
vn -0.140559 -0.830388 0.539165
vn -0.108224 -0.824375 0.555602
vn 0.139302 -0.743025 0.654606
vn 0.139302 -0.743025 0.654606
vn 0.331634 -0.926264 0.179035
vn 0.333700 -0.926514 0.173828
vn 0.132540 -0.808447 0.573451
vn 0.132540 -0.808447 0.573451
vn 0.887252 -0.159904 -0.432682
vn 0.875887 -0.128342 -0.465135
vn 0.903934 -0.220836 -0.366245
vn 0.903934 -0.220836 -0.366245
vn 0.352867 0.841484 -0.409133
vn 0.386456 0.840049 -0.380749
vn 0.289653 0.839890 -0.459006
vn 0.289653 0.839890 -0.459006
s off
g group11 polySurface41
usemtl lambert1SG
f 2923/4415/10560 2927/4416/10561 2926/4417/10562
f 2923/4415/10563 2924/4418/10564 2928/4419/10565 2927/4416/10566
f 2924/4418/10567 2925/4420/10568 2929/4421/10569 2928/4419/10570
f 2925/4420/10571 2930/4422/10572 2929/4421/10573
f 2926/4417/10574 2932/4423/10575 2931/4424/10576
f 2926/4417/10577 2927/4416/10578 2933/4425/10579 2932/4423/10580
f 2927/4416/10581 2928/4419/10582 2934/4426/10583 2933/4425/10584
f 2928/4419/10585 2929/4421/10586 2935/4427/10587 2934/4426/10588
f 2929/4421/10589 2930/4422/10590 2936/4428/10591 2935/4427/10592
f 2930/4422/10593 2937/4429/10594 2936/4428/10595
f 2931/4424/10596 2932/4423/10597 2939/4430/10598 2938/4431/10599
f 2932/4423/10600 2933/4425/10601 2940/4432/10602 2939/4430/10603
f 2933/4425/10604 2934/4426/10605 2941/4433/10606 2940/4432/10607
f 2934/4426/10608 2935/4427/10609 2942/4434/10610 2941/4433/10611
f 2935/4427/10612 2936/4428/10613 2943/4435/10614 2942/4434/10615
f 2936/4428/10616 2937/4429/10617 2944/4436/10618 2943/4435/10619
f 2938/4431/10620 2939/4430/10621 2945/4437/10622
f 2939/4430/10623 2940/4432/10624 2946/4438/10625 2945/4437/10626
f 2940/4432/10627 2941/4433/10628 2947/4439/10629 2946/4438/10630
f 2941/4433/10631 2942/4434/10632 2948/4440/10633 2947/4439/10634
f 2942/4434/10635 2943/4435/10636 2949/4441/10637 2948/4440/10638
f 2943/4435/10639 2944/4436/10640 2949/4441/10641
f 2945/4437/10642 2946/4438/10643 2950/4442/10644
f 2946/4438/10645 2947/4439/10646 2951/4443/10647 2950/4442/10648
f 2947/4439/10649 2948/4440/10650 2952/4444/10651 2951/4443/10652
f 2948/4440/10653 2949/4441/10654 2952/4444/10655
f 2950/4442/10656 2951/4443/10657 2953/4445/10658
f 2951/4443/10659 2952/4444/10660 2953/4445/10661
f 2954/4446/10662 2956/4447/10663 2955/4448/10664
f 2954/4446/10665 2957/4449/10666 2956/4447/10667
f 2955/4448/10668 2959/4450/10669 2958/4451/10670
f 2955/4448/10671 2956/4447/10672 2960/4452/10673 2959/4450/10674
f 2956/4447/10675 2957/4449/10676 2961/4453/10677 2960/4452/10678
f 2957/4449/10679 2962/4454/10680 2961/4453/10681
f 2958/4451/10682 2964/4455/10683 2963/4456/10684
f 2958/4451/10685 2959/4450/10686 2965/4457/10687 2964/4455/10688
f 2959/4450/10689 2960/4452/10690 2966/4458/10691 2965/4457/10692
f 2960/4452/10693 2961/4453/10694 2967/4459/10695 2966/4458/10696
f 2961/4453/10697 2962/4454/10698 2968/4460/10699 2967/4459/10700
f 2962/4454/10701 2969/4461/10702 2968/4460/10703
f 2963/4456/10704 2964/4455/10705 2971/4462/10706 2970/4463/10707
f 2964/4455/10708 2965/4457/10709 2972/4464/10710 2971/4462/10711
f 2965/4457/10712 2966/4458/10713 2973/4465/10714 2972/4464/10715
f 2966/4458/10716 2967/4459/10717 2974/4466/10718 2973/4465/10719
f 2967/4459/10720 2968/4460/10721 2975/4467/10722 2974/4466/10723
f 2968/4460/10724 2969/4461/10725 2937/4468/10726 2975/4467/10727
f 2970/4463/10728 2971/4462/10729 2976/4469/10730
f 2971/4462/10731 2972/4464/10732 2977/4470/10733 2976/4469/10734
f 2972/4464/10735 2973/4465/10736 2978/4471/10737 2977/4470/10738
f 2973/4465/10739 2974/4466/10740 2979/4472/10741 2978/4471/10742
f 2974/4466/10743 2975/4467/10744 2980/4473/10745 2979/4472/10746
f 2975/4467/10747 2937/4468/10748 2980/4473/10749
f 2976/4469/10750 2977/4470/10751 2920/4474/10752
f 2977/4470/10753 2978/4471/10754 2921/4475/10755 2920/4474/10756
f 2978/4471/10757 2979/4472/10758 2922/4476/10759 2921/4475/10760
f 2979/4472/10761 2980/4473/10762 2922/4476/10763
f 2957/4477/10764 2954/4478/10765 2953/4445/10766 2952/4444/10767
f 2962/4479/10768 2957/4477/10769 2952/4444/10770 2949/4441/10771
f 2969/4480/10772 2962/4479/10773 2949/4441/10774 2944/4436/10775
f 2937/4429/10776 2969/4480/10777 2944/4436/10778
f 2980/4481/10779 2937/4429/10780 2930/4422/10781
f 2922/4482/10782 2980/4481/10783 2930/4422/10784 2925/4420/10785
f 2954/4483/10786 2955/4484/10787 2950/4442/10788 2953/4445/10789
f 2955/4484/10790 2958/4485/10791 2945/4437/10792 2950/4442/10793
f 2958/4485/10794 2963/4486/10795 2938/4431/10796 2945/4437/10797
f 2963/4486/10798 2970/4487/10799 2931/4424/10800 2938/4431/10801
f 2970/4487/10802 2976/4488/10803 2926/4417/10804 2931/4424/10805
f 2976/4488/10806 2920/4489/10807 2923/4415/10808 2926/4417/10809
f 2981/4490/10810 2982/4491/10811 2988/4492/10812 2987/4493/10813
f 2982/4491/10814 2983/4494/10815 2989/4495/10816 2988/4492/10817
f 2983/4494/10818 2984/4496/10819 2990/4497/10820 2989/4495/10821
f 2984/4496/10822 2985/4498/10823 2991/4499/10824 2990/4497/10825
f 2985/4498/10826 2986/4500/10827 2992/4501/10828 2991/4499/10829
f 2986/4500/10830 2981/4502/10831 2987/4503/10832 2992/4501/10833
f 2987/4493/10834 2988/4492/10835 2994/4504/10836 2993/4505/10837
f 2988/4492/10838 2989/4495/10839 2995/4506/10840 2994/4504/10841
f 2989/4495/10842 2990/4497/10843 2996/4507/10844 2995/4506/10845
f 2990/4497/10846 2991/4499/10847 2997/4508/10848 2996/4507/10849
f 2991/4499/10850 2992/4501/10851 2998/4509/10852 2997/4508/10853
f 2992/4501/10854 2987/4503/10855 2993/4510/10856 2998/4509/10857
f 2993/4505/10858 2994/4504/10859 2920/4511/10860 2921/4512/10861
f 2994/4504/10862 2995/4506/10863 2923/4513/10864 2920/4511/10865
f 2995/4506/10866 2996/4507/10867 2924/4514/10868 2923/4513/10869
f 2996/4507/10870 2997/4508/10871 2925/4515/10872 2924/4514/10873
f 2997/4508/10874 2998/4509/10875 2922/4516/10876 2925/4515/10877
f 2998/4509/10878 2993/4510/10879 2921/4517/10880 2922/4516/10881
